date,code,name,close,sma5,sma20,sma60,rsi,volume,volume_ratio,day_change_pct,prev_day_change_pct,high_price,low_price,atr_pct
2026-03-16,6740,ジャパンディスプレイ,121.0,95.8,44.1,29.0,,236881100,0.98,,,,,
2026-03-16,4564,オンコセラピー・サイエンス,23.0,22.6,21.2,21.1,,81508600,1.54,,,,,
2026-03-16,4597,ソレイジア・ファーマ,32.0,32.6,32.1,30.4,,38425900,1.27,,,,,
2026-03-16,5016,ＪＸ金属,4005.0,4038.8,3861.0,2838.4,,29823700,0.56,,,,,
2026-03-16,3113,ＵＮＩＶＡ・Ｏａｋホールディングス,88.0,74.0,72.0,70.9,,20427100,80.34,,,,,
2026-03-16,7777,スリー・ディー・マトリックス,521.0,665.2,631.0,484.0,,18633400,1.52,,,,,
2026-03-16,3656,ＫＬａｂ,391.0,408.2,352.9,348.6,,17602800,1.74,,,,,
2026-03-16,3070,ジェリービーンズグループ,84.0,107.2,103.8,93.2,,16749400,3.54,,,,,
2026-03-16,6613,ＱＤレーザ,1440.0,1101.0,854.8,565.2,,15285300,1.3,,,,,
2026-03-16,5803,フジクラ,25630.0,25513.0,25002.5,20806.2,,13783400,1.01,,,,,
2026-03-16,1605,ＩＮＰＥＸ,4370.0,4262.8,3925.2,3500.7,,10523800,0.67,,,,,
2026-03-16,1699,ＮＥＸＴ　ＦＵＮＤＳ　ＮＯＭＵＲＡ　原油インデックス連動型上場投信,615.7,573.0,487.7,427.7,,9862860,2.25,,,,,
2026-03-16,8058,三菱商事,5175.0,5180.6,5101.5,4381.8,,9665300,0.74,,,,,
2026-03-16,4063,信越化学工業,6505.0,6337.0,6030.1,5473.9,,9079200,0.82,,,,,
2026-03-16,5801,古河電気工業,29405.0,29246.0,26820.5,17049.7,,9034900,1.09,,,,,
2026-03-16,9130,共栄タンカー,2348.0,2072.0,1543.0,1254.5,,7700100,3.68,,,,,
2026-03-16,7532,パン・パシフィック・インターナショナルホールディングス,1003.5,1018.1,1012.2,962.8,,7203800,0.62,,,,,
2026-03-16,6752,パナソニック　ホールディングス,2570.5,2586.4,2501.9,2283.7,,7090800,0.75,,,,,
2026-03-16,8031,三井物産,5974.0,5890.8,5749.3,5211.5,,6490500,0.69,,,,,
2026-03-16,4881,ファンペップ,115.0,106.2,98.5,89.6,,6443400,1.27,,,,,
2026-03-16,6356,日本ギア工業,1806.0,1878.0,1437.3,1076.5,,5794000,0.63,,,,,
2026-03-16,5802,住友電気工業,10150.0,10310.2,9930.1,7892.3,,5610400,0.58,,,,,
2026-03-16,9107,川崎汽船,2645.5,2654.0,2519.8,2324.8,,5370000,0.54,,,,,
2026-03-16,1514,住石ホールディングス,1051.0,1009.0,977.5,751.9,,5129400,1.59,,,,,
2026-03-16,5985,サンコール,2071.0,2127.6,1497.5,1149.9,,4921700,0.74,,,,,
2026-03-16,6920,レーザーテック,37800.0,36534.0,33362.5,32771.8,,4629800,0.85,,,,,
2026-03-16,6965,浜松ホトニクス,2064.0,2060.7,1973.0,1799.6,,4355000,0.44,,,,,
2026-03-16,1662,石油資源開発,2562.0,2488.4,2395.4,1996.0,,4130600,0.74,,,,,
2026-03-16,4594,ブライトパス・バイオ,72.0,72.2,67.3,61.3,,3997300,0.25,,,,,
2026-03-16,4893,ノイルイミューン・バイオテック,205.0,173.8,161.2,150.0,,3973900,3.28,,,,,
2026-03-16,6140,旭ダイヤモンド工業,1401.0,1384.2,1373.5,1049.2,,3828600,0.48,,,,,
2026-03-16,4996,クミアイ化学工業,808.0,754.4,725.5,707.7,,3650200,3.78,,,,,
2026-03-16,6963,ローム,3300.0,3309.8,2929.4,2596.1,,3595300,0.44,,,,,
2026-03-16,5074,テスホールディングス,671.0,663.2,591.7,443.1,,3512600,0.96,,,,,
2026-03-16,5019,出光興産,1441.5,1443.0,1426.7,1317.4,,3395600,0.68,,,,,
2026-03-16,9101,日本郵船,5624.0,5663.0,5418.4,5195.2,,3065000,0.53,,,,,
2026-03-16,9519,レノバ,820.0,760.8,727.9,700.5,,3015200,2.91,,,,,
2026-03-16,9104,商船三井,6039.0,6115.8,5768.3,5118.6,,2957500,0.46,,,,,
2026-03-16,7453,良品計画,3646.0,3686.0,3588.6,3231.8,,2878200,0.64,,,,,
2026-03-16,1671,ＷＴＩ原油価格連動型上場投信,5197.0,4802.6,3933.8,3372.3,,2839796,1.15,,,,,
2026-03-16,3840,パス,83.0,83.2,62.1,59.8,,2829000,0.42,,,,,
2026-03-16,2776,新都ホールディングス,140.0,140.0,136.4,129.6,,2736300,2.3,,,,,
2026-03-16,9412,スカパーＪＳＡＴホールディングス,2955.0,2932.4,2854.1,2440.7,,2599700,1.58,,,,,
2026-03-16,9513,電源開発,3874.0,3888.6,3727.0,3419.9,,2120000,1.39,,,,,
2026-03-16,4591,リボミック,99.0,100.6,90.5,84.9,,2058600,0.21,,,,,
2026-03-16,9115,明海グループ,923.0,825.6,786.8,717.2,,1960900,1.99,,,,,
2026-03-16,7719,東京衡機,793.0,781.8,619.4,411.0,,1888400,0.89,,,,,
2026-03-16,4091,日本酸素ホールディングス,6233.0,5793.0,5762.3,5174.1,,1810500,2.28,,,,,
2026-03-16,2038,ＮＥＸＴ　ＮＯＴＥＳ　ドバイ原油先物　ダブル・ブル　ＥＴＮ,2864.0,2495.4,2031.2,1659.2,,1751859,1.12,,,,,
2026-03-16,5381,マイポックス,1109.0,914.8,886.8,649.8,,1705300,2.88,,,,,
2026-03-16,1407,ウエストホールディングス,1927.0,1766.4,1704.7,1604.2,,1586700,3.08,,,,,
2026-03-16,6521,オキサイド,5040.0,4816.0,3589.9,2437.1,,1586600,0.99,,,,,
2026-03-16,6232,ＡＣＳＬ,1703.0,1682.4,1422.1,1172.0,,1586300,0.84,,,,,
2026-03-16,4593,ヘリオス,403.0,419.0,404.4,355.9,,1548800,0.36,,,,,
2026-03-16,2269,明治ホールディングス,4000.0,3917.4,3904.4,3698.9,,1500700,1.06,,,,,
2026-03-16,6619,ダブル・スコープ,182.0,182.0,173.1,165.6,,1450100,0.76,,,,,
2026-03-16,5844,京都フィナンシャルグループ,4374.0,4254.4,3890.2,3710.5,,1369000,0.55,,,,,
2026-03-16,2160,ジーエヌアイグループ,3245.0,3438.0,3109.6,2704.1,,1300100,0.65,,,,,
2026-03-16,6754,アンリツ,2888.5,2879.1,2833.0,2480.9,,1296400,0.82,,,,,
2026-03-16,4882,ペルセウスプロテオミクス,253.0,271.6,242.7,240.6,,1249900,0.3,,,,,
2026-03-16,4438,Ｗｅｌｂｙ,383.0,370.2,341.8,306.4,,1240500,1.58,,,,,
2026-03-16,4588,オンコリスバイオファーマ,2741.0,2964.6,2708.8,1928.5,,1239000,0.57,,,,,
2026-03-16,4061,デンカ,3262.0,3358.6,3357.2,3069.8,,1200400,0.9,,,,,
2026-03-16,4578,大塚ホールディングス,10945.0,10808.0,10471.5,9648.3,,1199400,0.8,,,,,
2026-03-16,5631,日本製鋼所,9877.0,9829.4,9656.5,8987.6,,1191500,0.95,,,,,
2026-03-16,6460,セガサミーホールディングス,2638.0,2704.3,2604.8,2491.9,,1145600,0.78,,,,,
2026-03-16,7220,武蔵精密工業,2826.0,2854.8,2730.8,2694.2,,1134600,0.86,,,,,
2026-03-16,2321,ソフトフロントホールディングス,401.0,401.2,278.9,227.1,,1083900,0.19,,,,,
2026-03-16,9517,イーレックス,867.0,820.6,747.8,667.8,,1074400,1.79,,,,,
2026-03-16,7183,あんしん保証,208.0,191.6,179.6,164.6,,1057600,14.34,,,,,
2026-03-16,9980,ＭＲＫホールディングス,118.0,122.4,117.4,102.5,,1054200,0.15,,,,,
2026-03-16,4978,リプロセル,171.0,177.6,176.2,162.6,,1052400,0.7,,,,,
2026-03-16,1878,大東建託,3610.0,3660.6,3573.2,3259.9,,1039800,0.59,,,,,
2026-03-16,6666,リバーエレテック,916.0,843.2,646.5,516.9,,1010400,1.07,,,,,
2026-03-16,7771,日本精密,433.0,439.8,432.3,328.0,,913900,0.61,,,,,
2026-03-16,2337,いちご,484.0,488.8,453.8,437.6,,885000,0.41,,,,,
2026-03-16,4888,ステラファーマ,414.0,458.0,438.8,321.7,,862200,0.69,,,,,
2026-03-16,9735,セコム,6012.0,5991.2,5967.9,5826.1,,797300,0.64,,,,,
2026-03-16,3863,日本製紙,1267.0,1275.0,1267.0,1199.2,,792400,0.91,,,,,
2026-03-16,4237,フジプレアム,451.0,420.4,413.0,375.2,,785300,1.77,,,,,
2026-03-16,6779,日本電波工業,1341.0,1325.4,1271.7,1100.9,,773300,0.57,,,,,
2026-03-16,6197,ソラスト,989.0,993.0,961.7,909.1,,747300,0.44,,,,,
2026-03-16,5334,日本特殊陶業,7542.0,7721.8,7670.9,7130.8,,740500,0.87,,,,,
2026-03-16,5727,東邦チタニウム,2790.0,2812.0,2463.2,1891.8,,698500,0.25,,,,,
2026-03-16,7692,アースインフィニティ,99.0,103.0,102.8,102.7,,679100,0.59,,,,,
2026-03-16,8628,松井証券,938.0,947.4,944.7,902.3,,679000,0.53,,,,,
2026-03-16,6085,アーキテクツ・スタジオ・ジャパン,4700.0,3548.6,2275.4,1052.1,,676200,1.17,,,,,
2026-03-16,4584,キッズウェル・バイオ,266.0,274.2,267.1,246.0,,656000,0.54,,,,,
2026-03-16,5451,ヨドコウ,1519.0,1547.4,1501.1,1429.9,,645300,0.72,,,,,
2026-03-16,4385,メルカリ,3460.0,3489.2,3486.4,3289.3,,644000,0.37,,,,,
2026-03-16,4565,ネクセラファーマ,908.0,935.0,916.0,860.7,,643000,0.7,,,,,
2026-03-16,6387,サムコ,7880.0,6542.0,6235.0,5222.4,,633400,5.77,,,,,
2026-03-16,8876,リログループ,1922.5,1928.1,1891.3,1803.8,,632700,0.92,,,,,
2026-03-16,9861,吉野家ホールディングス,3172.0,3133.0,3119.0,3080.5,,618400,1.29,,,,,
2026-03-16,6787,メイコー,25800.0,24046.0,22505.5,15292.2,,608500,0.84,,,,,
2026-03-16,3358,Ｔｒａｉｌｈｅａｄ　Ｇｌｏｂａｌ　Ｈｏｌｄｉｎｇｓ,114.0,114.0,109.8,100.0,,567200,0.09,,,,,
2026-03-16,7071,アンビスホールディングス,474.0,497.4,496.1,480.6,,560800,0.84,,,,,
2026-03-16,6378,木村化工機,1487.0,1465.2,1425.2,1321.8,,559000,0.47,,,,,
2026-03-16,8508,Ｊトラスト,551.0,565.8,539.5,499.4,,529000,0.48,,,,,
2026-03-16,1844,大盛工業,639.0,631.8,582.6,569.6,,522400,0.69,,,,,
2026-03-16,8622,水戸証券,723.0,738.6,671.2,610.9,,515000,0.57,,,,,
2026-03-16,3673,ブロードリーフ,913.0,888.8,754.6,719.5,,507900,0.51,,,,,
2026-03-16,6227,ＡＩメカテック,22040.0,22574.0,20319.5,11496.6,,503000,0.38,,,,,
2026-03-17,6740,ジャパンディスプレイ,133.0,106.0,49.6,30.9,,372489700,1.5,,,,,
2026-03-17,4564,オンコセラピー・サイエンス,23.0,22.8,21.3,21.1,,81310400,1.45,,,,,
2026-03-17,4597,ソレイジア・ファーマ,32.0,32.4,32.2,30.4,,41691300,1.34,,,,,
2026-03-17,6613,ＱＤレーザ,1450.0,1216.0,891.5,584.0,,32272500,2.52,,,,,
2026-03-17,5016,ＪＸ金属,3846.0,4024.0,3888.8,2873.3,,29472500,0.56,,,,,
2026-03-17,4888,ステラファーマ,480.0,460.6,444.1,325.6,,15105900,13.66,,,,,
2026-03-17,9107,川崎汽船,2813.0,2694.0,2545.2,2335.9,,14633900,1.71,,,,,
2026-03-17,1605,ＩＮＰＥＸ,4507.0,4346.0,3973.4,3522.1,,13330200,0.9,,,,,
2026-03-17,5074,テスホールディングス,673.0,669.8,601.7,448.9,,12090800,3.16,,,,,
2026-03-17,5802,住友電気工業,9525.0,10229.0,9973.7,7940.6,,11007100,1.17,,,,,
2026-03-17,3315,日本コークス工業,125.0,123.0,122.9,115.2,,10972900,1.13,,,,,
2026-03-17,5803,フジクラ,24605.0,25621.0,25160.5,20921.5,,9417800,0.69,,,,,
2026-03-17,8031,三井物産,6205.0,5953.4,5779.5,5238.3,,8653600,0.97,,,,,
2026-03-17,8058,三菱商事,5297.0,5204.6,5119.9,4407.1,,8516300,0.67,,,,,
2026-03-17,6752,パナソニック　ホールディングス,2602.5,2607.6,2512.8,2291.2,,8265700,0.88,,,,,
2026-03-17,4063,信越化学工業,6433.0,6404.0,6070.8,5498.1,,8067900,0.73,,,,,
2026-03-17,3656,ＫＬａｂ,374.0,402.0,354.9,348.7,,7697500,0.67,,,,,
2026-03-17,5801,古河電気工業,27440.0,29243.0,27134.0,17349.8,,6942700,0.83,,,,,
2026-03-17,6619,ダブル・スコープ,198.0,185.8,174.4,166.1,,6834600,3.67,,,,,
2026-03-17,9101,日本郵船,5943.0,5733.2,5463.3,5211.2,,6797800,1.35,,,,,
2026-03-17,1699,ＮＥＸＴ　ＦＵＮＤＳ　ＮＯＭＵＲＡ　原油インデックス連動型上場投信,609.5,586.9,497.7,431.5,,6377650,1.28,,,,,
2026-03-17,9104,商船三井,6276.0,6170.8,5824.3,5146.9,,5739800,1.08,,,,,
2026-03-17,4881,ファンペップ,122.0,108.2,99.9,90.2,,5624300,0.99,,,,,
2026-03-17,3647,アスリナ,150.0,145.2,141.5,130.3,,5615600,3.11,,,,,
2026-03-17,9130,共栄タンカー,2378.0,2224.6,1603.3,1276.5,,5011200,1.77,,,,,
2026-03-17,4588,オンコリスバイオファーマ,2241.0,2753.8,2701.3,1950.1,,4803300,2.25,,,,,
2026-03-17,6963,ローム,3340.0,3318.8,2973.8,2617.1,,4803000,0.59,,,,,
2026-03-17,6965,浜松ホトニクス,1991.0,2044.7,1986.5,1804.2,,4776800,0.48,,,,,
2026-03-17,6356,日本ギア工業,1628.0,1786.6,1473.3,1089.2,,4627900,0.49,,,,,
2026-03-17,1662,石油資源開発,2654.0,2545.2,2416.9,2016.3,,4472800,0.91,,,,,
2026-03-17,3113,ＵＮＩＶＡ・Ｏａｋホールディングス,83.0,76.6,72.5,71.3,,4453000,1.96,,,,,
2026-03-17,6920,レーザーテック,35850.0,36750.0,33619.5,32864.3,,4370200,0.81,,,,,
2026-03-17,4594,ブライトパス・バイオ,69.0,72.0,67.5,61.6,,4319000,0.27,,,,,
2026-03-17,4893,ノイルイミューン・バイオテック,185.0,180.8,162.8,150.6,,3990900,2.57,,,,,
2026-03-17,4502,武田薬品工業,5820.0,5729.8,5728.6,5300.9,,3854600,0.84,,,,,
2026-03-17,2321,ソフトフロントホールディングス,321.0,384.2,285.8,229.2,,3601300,0.65,,,,,
2026-03-17,5019,出光興産,1478.0,1452.3,1432.3,1322.2,,3236900,0.7,,,,,
2026-03-17,1514,住石ホールディングス,1036.0,1026.2,976.0,760.4,,2647900,0.8,,,,,
2026-03-17,5985,サンコール,1941.0,2122.0,1534.6,1166.0,,2477500,0.35,,,,,
2026-03-17,4075,ブレインズテクノロジー,1818.0,1601.0,1069.9,907.9,,2397200,4.61,,,,,
2026-03-17,2776,新都ホールディングス,134.0,138.0,136.5,129.8,,2177300,1.57,,,,,
2026-03-17,7746,岡本硝子,1085.0,1060.4,1042.4,895.2,,2165000,1.2,,,,,
2026-03-17,7453,良品計画,3667.0,3704.2,3597.0,3242.4,,1996900,0.45,,,,,
2026-03-17,9412,スカパーＪＳＡＴホールディングス,2812.0,2932.2,2850.8,2451.9,,1963200,1.11,,,,,
2026-03-17,1671,ＷＴＩ原油価格連動型上場投信,5139.0,4918.2,4030.4,3408.9,,1942954,0.76,,,,,
2026-03-17,3840,パス,80.0,84.0,63.4,60.1,,1747300,0.25,,,,,
2026-03-17,6232,ＡＣＳＬ,1645.0,1691.4,1445.8,1183.8,,1746400,1.05,,,,,
2026-03-17,6754,アンリツ,2812.5,2878.4,2848.3,2489.9,,1687200,1.09,,,,,
2026-03-17,5381,マイポックス,1088.0,972.8,891.8,660.9,,1654500,2.33,,,,,
2026-03-17,4591,リボミック,96.0,99.8,91.2,85.2,,1652000,0.17,,,,,
2026-03-17,9519,レノバ,812.0,779.8,732.5,703.3,,1633900,1.29,,,,,
2026-03-17,4974,タカラバイオ,1147.0,1146.2,1144.4,920.9,,1516200,1.75,,,,,
2026-03-17,1407,ウエストホールディングス,1845.0,1809.2,1711.7,1611.8,,1429800,2.27,,,,,
2026-03-17,7832,バンダイナムコホールディングス,4235.0,4253.2,4142.6,4137.6,,1411000,0.59,,,,,
2026-03-17,6955,ＦＤＫ,529.0,469.0,457.4,407.4,,1390100,10.13,,,,,
2026-03-17,2269,明治ホールディングス,4054.0,3952.4,3914.2,3710.7,,1370900,0.97,,,,,
2026-03-17,2656,ベクターホールディングス,194.0,152.0,147.3,136.9,,1355700,11.04,,,,,
2026-03-17,6521,オキサイド,4850.0,4802.0,3677.9,2493.5,,1352300,0.78,,,,,
2026-03-17,4882,ペルセウスプロテオミクス,234.0,259.8,242.9,239.7,,1284200,0.3,,,,,
2026-03-17,4593,ヘリオス,397.0,412.0,405.1,357.3,,1242700,0.34,,,,,
2026-03-17,9115,明海グループ,967.0,862.2,798.0,723.2,,1198000,1.03,,,,,
2026-03-17,6845,アズビル,1438.0,1416.2,1395.2,1390.9,,1181800,0.85,,,,,
2026-03-17,7719,東京衡機,693.0,748.2,638.1,417.8,,1141500,0.56,,,,,
2026-03-17,5603,虹技,1639.0,1406.6,1380.2,1343.3,,1119200,131.98,,,,,
2026-03-17,2160,ジーエヌアイグループ,3115.0,3344.0,3136.3,2714.7,,1070300,0.55,,,,,
2026-03-17,4578,大塚ホールディングス,11050.0,10980.0,10488.5,9677.6,,1065400,0.72,,,,,
2026-03-17,5844,京都フィナンシャルグループ,4309.0,4310.8,3916.6,3723.7,,1059200,0.44,,,,,
2026-03-17,4996,クミアイ化学工業,796.0,769.0,729.5,709.6,,1049400,0.83,,,,,
2026-03-17,9513,電源開発,3928.0,3909.8,3742.8,3433.3,,1042300,0.64,,,,,
2026-03-17,1878,大東建託,3629.0,3642.2,3583.0,3270.8,,1042100,0.6,,,,,
2026-03-17,6460,セガサミーホールディングス,2600.0,2669.3,2604.0,2493.2,,1034000,0.7,,,,,
2026-03-17,2038,ＮＥＸＴ　ＮＯＴＥＳ　ドバイ原油先物　ダブル・ブル　ＥＴＮ,2826.0,2621.6,2094.4,1683.1,,1022320,0.7,,,,,
2026-03-17,7771,日本精密,412.0,425.6,421.6,333.4,,960500,0.66,,,,,
2026-03-17,5727,東邦チタニウム,2687.0,2804.4,2505.6,1915.2,,951000,0.44,,,,,
2026-03-17,4091,日本酸素ホールディングス,6205.0,5905.0,5803.1,5198.0,,916500,1.02,,,,,
2026-03-17,9517,イーレックス,860.0,837.6,757.6,672.0,,843700,1.29,,,,,
2026-03-17,6779,日本電波工業,1332.0,1333.6,1281.8,1107.6,,834000,0.65,,,,,
2026-03-17,4422,ＶＡＬＵＥＮＥＸ,435.0,397.8,349.0,330.5,,828500,12.98,,,,,
2026-03-17,9735,セコム,6069.0,5998.6,5976.6,5834.1,,798800,0.65,,,,,
2026-03-17,5631,日本製鋼所,9649.0,9810.2,9671.1,9011.2,,777700,0.61,,,,,
2026-03-17,2337,いちご,495.0,490.4,456.7,438.8,,715800,0.33,,,,,
2026-03-17,9980,ＭＲＫホールディングス,113.0,119.2,118.4,102.8,,709300,0.18,,,,,
2026-03-17,3673,ブロードリーフ,940.0,902.0,771.0,723.0,,658800,0.67,,,,,
2026-03-17,6227,ＡＩメカテック,19540.0,22082.0,20592.0,11746.5,,657500,0.54,,,,,
2026-03-17,7220,武蔵精密工業,2838.0,2874.4,2758.4,2693.2,,650000,0.5,,,,,
2026-03-17,6378,木村化工機,1430.0,1461.2,1430.5,1324.5,,646000,0.57,,,,,
2026-03-17,6197,ソラスト,978.0,990.4,965.8,911.0,,634600,0.45,,,,,
2026-03-17,2928,"RIZAP GROUP, Inc.",232.0,232.4,228.5,211.4,,626900,1.9,,,,,
2026-03-17,6666,リバーエレテック,807.0,859.8,661.5,522.2,,624900,0.62,,,,,
2026-03-17,6327,北川精機,1593.0,1666.6,1657.1,1198.6,,574600,0.91,,,,,
2026-03-17,9279,ギフトホールディングス,4580.0,4065.0,4050.8,3778.6,,568700,6.75,,,,,
2026-03-17,4584,キッズウェル・バイオ,257.0,268.6,267.1,246.8,,540300,0.46,,,,,
2026-03-17,7183,あんしん保証,211.0,196.6,181.6,165.7,,539600,3.1,,,,,
2026-03-17,7836,アビックス,88.0,90.8,88.4,88.3,,516900,0.19,,,,,
2026-03-17,3083,スターシーズ,995.0,905.8,806.7,783.1,,510600,2.27,,,,,
2026-03-17,8876,リログループ,1955.0,1932.0,1898.4,1807.7,,506500,0.73,,,,,
2026-03-17,3776,ブロードバンドタワー,229.0,232.4,229.8,204.4,,506200,0.43,,,,,
2026-03-17,5334,日本特殊陶業,7555.0,7691.6,7690.2,7143.2,,502900,0.6,,,,,
2026-03-18,6740,ジャパンディスプレイ,116.0,108.0,54.3,32.5,,250079200,0.92,,,,,
2026-03-18,4564,オンコセラピー・サイエンス,23.0,22.8,21.4,21.1,,86827900,1.46,,,,,
2026-03-18,6731,ピクセラ,46.0,46.2,42.9,42.8,,28293700,4.23,,,,,
2026-03-18,6613,ＱＤレーザ,1721.0,1370.2,943.2,607.4,,24986800,1.75,,,,,
2026-03-18,5016,ＪＸ金属,3980.0,3982.8,3926.0,2911.1,,22792500,0.49,,,,,
2026-03-18,7011,三菱重工業,5000.0,4839.8,4833.2,4580.3,,21953400,0.84,,,,,
2026-03-18,9104,商船三井,7014.0,6323.8,5917.4,5188.9,,20924500,4.11,,,,,
2026-03-18,4881,ファンペップ,106.0,109.0,100.5,90.7,,17438700,2.84,,,,,
2026-03-18,8058,三菱商事,5712.0,5303.0,5161.0,4442.0,,16209400,1.38,,,,,
2026-03-18,6356,日本ギア工業,1883.0,1787.6,1521.7,1106.8,,15359500,1.6,,,,,
2026-03-18,9107,川崎汽船,2875.0,2729.3,2574.4,2348.3,,14141200,1.58,,,,,
2026-03-18,8031,三井物産,6659.0,6091.6,5840.9,5274.5,,13064300,1.49,,,,,
2026-03-18,1605,ＩＮＰＥＸ,4675.0,4446.8,4028.8,3548.0,,11280100,0.77,,,,,
2026-03-18,2656,ベクターホールディングス,170.0,157.8,148.5,137.8,,9094600,37.29,,,,,
2026-03-18,4594,ブライトパス・バイオ,76.0,72.0,68.0,62.1,,8932800,0.56,,,,,
2026-03-18,4063,信越化学工業,6720.0,6518.0,6135.7,5530.5,,8883400,0.82,,,,,
2026-03-18,6752,パナソニック　ホールディングス,2652.0,2609.5,2527.8,2301.1,,8246900,0.89,,,,,
2026-03-18,9101,日本郵船,6182.0,5825.6,5519.9,5232.9,,7812600,1.53,,,,,
2026-03-18,3656,ＫＬａｂ,389.0,393.0,357.9,349.4,,7499100,0.65,,,,,
2026-03-18,5803,フジクラ,25705.0,25632.0,25374.8,21074.9,,7179300,0.55,,,,,
2026-03-18,5802,住友電気工業,10005.0,10087.0,10041.4,8003.3,,6650500,0.71,,,,,
2026-03-18,3315,日本コークス工業,126.0,124.4,122.8,115.7,,6631300,0.67,,,,,
2026-03-18,1662,石油資源開発,2715.0,2599.6,2442.9,2038.5,,6067000,1.29,,,,,
2026-03-18,4888,ステラファーマ,560.0,473.8,453.1,330.9,,5861100,2.35,,,,,
2026-03-18,5801,古河電気工業,28720.0,29037.0,27513.8,17677.6,,5600800,0.69,,,,,
2026-03-18,5074,テスホールディングス,680.0,671.8,608.5,455.0,,5478500,1.14,,,,,
2026-03-18,4893,ノイルイミューン・バイオテック,181.0,184.4,163.8,151.2,,4597300,2.42,,,,,
2026-03-18,6965,浜松ホトニクス,2007.5,2026.4,1998.4,1809.7,,4245000,0.54,,,,,
2026-03-18,6838,多摩川ホールディングス,1669.0,1229.6,1035.4,837.6,,3999400,17.28,,,,,
2026-03-18,4502,武田薬品工業,5870.0,5753.0,5744.2,5323.4,,3873700,0.86,,,,,
2026-03-18,6920,レーザーテック,36020.0,36714.0,33889.5,32973.9,,3849200,0.72,,,,,
2026-03-18,6963,ローム,3293.0,3312.8,3013.9,2637.9,,3732800,0.46,,,,,
2026-03-18,1699,ＮＥＸＴ　ＦＵＮＤＳ　ＮＯＭＵＲＡ　原油インデックス連動型上場投信,585.4,598.0,506.2,435.1,,3726970,0.69,,,,,
2026-03-18,7831,ウイルコホールディングス,93.0,92.6,92.4,89.7,,3705100,68.05,,,,,
2026-03-18,5019,出光興産,1536.5,1471.7,1440.4,1328.2,,3582400,0.83,,,,,
2026-03-18,7453,良品計画,3649.0,3680.6,3602.9,3253.8,,3161800,0.76,,,,,
2026-03-18,3840,パス,74.0,83.2,64.4,60.4,,3072700,0.43,,,,,
2026-03-18,6619,ダブル・スコープ,200.0,188.8,175.8,166.9,,2987300,1.26,,,,,
2026-03-18,2321,ソフトフロントホールディングス,340.0,371.0,294.0,231.8,,2844200,0.57,,,,,
2026-03-18,7719,東京衡機,704.0,726.8,657.5,425.2,,2610100,1.39,,,,,
2026-03-18,8088,岩谷産業,2094.5,1948.5,1900.7,1824.2,,2469700,1.47,,,,,
2026-03-18,4593,ヘリオス,419.0,408.4,407.6,358.8,,2386100,0.75,,,,,
2026-03-18,7771,日本精密,460.0,429.6,418.4,339.7,,2225500,1.52,,,,,
2026-03-18,4075,ブレインズテクノロジー,1861.0,1687.4,1121.5,925.2,,2221000,2.93,,,,,
2026-03-18,1671,ＷＴＩ原油価格連動型上場投信,4874.0,5019.4,4113.1,3442.2,,2198836,0.86,,,,,
2026-03-18,1514,住石ホールディングス,1010.0,1044.6,958.2,768.6,,2108800,0.65,,,,,
2026-03-18,5985,サンコール,2086.0,2099.2,1576.0,1185.2,,2047400,0.29,,,,,
2026-03-18,7832,バンダイナムコホールディングス,4230.0,4248.0,4151.1,4138.1,,2046600,0.89,,,,,
2026-03-18,9130,共栄タンカー,2381.0,2361.0,1664.5,1298.6,,1740000,0.57,,,,,
2026-03-18,2038,ＮＥＸＴ　ＮＯＴＥＳ　ドバイ原油先物　ダブル・ブル　ＥＴＮ,2601.0,2706.4,2146.8,1703.9,,1729800,1.27,,,,,
2026-03-18,1878,大東建託,3657.0,3626.6,3594.3,3281.6,,1682700,1.0,,,,,
2026-03-18,3647,アスリナ,162.0,149.6,141.7,131.1,,1497200,0.66,,,,,
2026-03-18,9412,スカパーＪＳＡＴホールディングス,2880.0,2933.2,2857.9,2465.3,,1471800,0.82,,,,,
2026-03-18,2160,ジーエヌアイグループ,3125.0,3232.0,3161.9,2727.1,,1464900,0.81,,,,,
2026-03-18,4882,ペルセウスプロテオミクス,229.0,250.2,242.8,238.9,,1408800,0.32,,,,,
2026-03-18,7746,岡本硝子,1123.0,1083.2,1038.3,909.0,,1399000,0.74,,,,,
2026-03-18,9513,電源開発,4101.0,3951.0,3766.5,3450.2,,1391100,0.88,,,,,
2026-03-18,3113,ＵＮＩＶＡ・Ｏａｋホールディングス,81.0,78.8,73.0,71.6,,1366700,0.51,,,,,
2026-03-18,6955,ＦＤＫ,522.0,480.8,462.8,410.2,,1334200,5.4,,,,,
2026-03-18,9115,明海グループ,1113.0,923.4,816.8,731.6,,1329300,1.42,,,,,
2026-03-18,3441,山王,2641.0,1793.4,1484.4,1266.9,,1322500,20.75,,,,,
2026-03-18,6845,アズビル,1462.5,1424.7,1402.8,1391.8,,1254600,0.93,,,,,
2026-03-18,9519,レノバ,829.0,796.0,736.4,706.7,,1253400,0.93,,,,,
2026-03-18,6378,木村化工機,1584.0,1479.0,1445.5,1330.2,,1214700,1.09,,,,,
2026-03-18,9505,北陸電力,1134.5,1071.5,1066.7,1018.0,,1211100,1.19,,,,,
2026-03-18,3358,Ｔｒａｉｌｈｅａｄ　Ｇｌｏｂａｌ　Ｈｏｌｄｉｎｇｓ,115.0,115.4,111.7,100.9,,1116600,0.5,,,,,
2026-03-18,2269,明治ホールディングス,4060.0,3988.4,3924.7,3721.7,,1036700,0.73,,,,,
2026-03-18,4591,リボミック,95.0,97.2,91.9,85.5,,1021600,0.2,,,,,
2026-03-18,2337,いちご,493.0,489.4,459.5,440.0,,1020500,0.5,,,,,
2026-03-18,6779,日本電波工業,1446.0,1345.2,1295.3,1116.4,,1016200,0.82,,,,,
2026-03-18,4578,大塚ホールディングス,11120.0,11028.0,10529.0,9709.9,,1015800,0.69,,,,,
2026-03-18,4813,ＡＣＣＥＳＳ,596.0,606.4,603.8,599.0,,992800,5.57,,,,,
2026-03-18,5844,京都フィナンシャルグループ,4400.0,4380.6,3955.3,3740.6,,976800,0.45,,,,,
2026-03-18,5631,日本製鋼所,10305.0,9943.0,9743.8,9049.8,,966800,0.79,,,,,
2026-03-18,6232,ＡＣＳＬ,1645.0,1686.8,1470.7,1195.9,,949300,0.56,,,,,
2026-03-18,4422,ＶＡＬＵＥＮＥＸ,515.0,434.8,354.7,336.1,,938400,6.62,,,,,
2026-03-18,9735,セコム,6132.0,6019.2,5989.4,5842.8,,923100,0.76,,,,,
2026-03-18,4565,ネクセラファーマ,916.0,919.6,915.0,862.6,,921400,1.02,,,,,
2026-03-18,9517,イーレックス,947.0,862.0,770.8,677.7,,900100,1.39,,,,,
2026-03-18,2120,ＬＩＦＵＬＬ,213.0,209.0,208.4,190.6,,866700,0.73,,,,,
2026-03-18,6460,セガサミーホールディングス,2627.0,2649.8,2606.9,2495.8,,866600,0.61,,,,,
2026-03-18,4091,日本酸素ホールディングス,6294.0,6024.2,5844.6,5224.6,,846400,0.95,,,,,
2026-03-18,6521,オキサイド,5090.0,4847.0,3785.9,2554.4,,828800,0.46,,,,,
2026-03-18,3803,イメージ情報開発,725.0,636.0,606.6,603.0,,800300,3.24,,,,,
2026-03-18,3673,ブロードリーフ,994.0,921.6,790.3,727.5,,778600,0.81,,,,,
2026-03-18,6197,ソラスト,1003.0,990.2,971.7,913.0,,746600,0.57,,,,,
2026-03-18,4996,クミアイ化学工業,799.0,783.0,733.4,711.6,,699100,0.54,,,,,
2026-03-18,6754,アンリツ,2894.5,2871.4,2867.1,2501.2,,688900,0.49,,,,,
2026-03-18,1407,ウエストホールディングス,1851.0,1840.8,1716.3,1620.2,,688600,0.95,,,,,
2026-03-18,5727,東邦チタニウム,2783.0,2777.8,2552.8,1941.0,,681000,0.39,,,,,
2026-03-18,2222,寿スピリッツ,2010.5,1940.1,1936.9,1890.1,,665400,1.2,,,,,
2026-03-18,9507,四国電力,1784.0,1723.3,1707.4,1620.3,,659900,0.91,,,,,
2026-03-18,2516,東証グロース２５０ＥＴＦ,613.6,599.6,594.2,567.1,,651530,0.73,,,,,
2026-03-18,2331,ＡＬＳＯＫ,1249.0,1229.3,1227.9,1223.3,,649900,0.53,,,,,
2026-03-18,6327,北川精機,1770.0,1685.0,1677.2,1214.3,,604500,1.02,,,,,
2026-03-18,8876,リログループ,1982.5,1939.0,1906.1,1812.3,,544700,0.82,,,,,
2026-03-18,7220,武蔵精密工業,2923.0,2864.8,2784.6,2697.4,,539600,0.45,,,,,
2026-03-18,9119,飯野海運,1835.0,1721.8,1666.5,1559.2,,531300,1.54,,,,,
2026-03-18,8381,山陰合同銀行,1733.0,1679.0,1676.8,1614.6,,523700,0.6,,,,,
2026-03-18,4512,わかもと製薬,353.0,341.6,332.1,314.7,,517200,3.87,,,,,
2026-03-18,5698,エンビプロ・ホールディングス,1070.0,972.0,956.7,848.3,,515700,1.66,,,,,
2026-03-18,7859,アルメディオ,250.0,262.2,243.9,200.9,,515300,0.36,,,,,
2026-03-18,6227,ＡＩメカテック,19460.0,21174.0,20710.5,11998.5,,506800,0.47,,,,,
2026-03-18,8508,Ｊトラスト,565.0,557.6,542.6,502.8,,505900,0.47,,,,,
2026-03-19,8918,ランド,10.0,9.4,9.4,9.3,,235300000,1.07,,,,,
2026-03-19,6740,ジャパンディスプレイ,95.0,111.2,57.9,33.7,,185127100,0.63,,,,,
2026-03-19,4564,オンコセラピー・サイエンス,23.0,22.8,21.5,21.2,,92380900,1.45,,,,,
2026-03-19,8058,三菱商事,5397.0,5358.4,5185.9,4471.9,,22540600,1.95,,,,,
2026-03-19,7011,三菱重工業,4848.0,4853.2,4828.0,4596.0,,22002700,0.89,,,,,
2026-03-19,4591,リボミック,99.0,96.8,92.7,86.0,,20657400,4.63,,,,,
2026-03-19,6522,アスタリスク,854.0,535.6,439.9,405.5,,17281300,750.38,,,,,
2026-03-19,8031,三井物産,6250.0,6183.2,5881.1,5304.1,,16432200,1.88,,,,,
2026-03-19,6613,ＱＤレーザ,1546.0,1459.4,981.1,628.1,,15979900,1.01,,,,,
2026-03-19,9107,川崎汽船,2781.0,2751.6,2597.7,2359.0,,15830800,1.71,,,,,
2026-03-19,6378,木村化工機,1677.0,1526.4,1464.8,1337.9,,15662100,13.64,,,,,
2026-03-19,9104,商船三井,6976.0,6484.2,6004.8,5229.7,,15434800,2.39,,,,,
2026-03-19,1605,ＩＮＰＥＸ,4700.0,4527.0,4083.9,3574.5,,15309600,1.06,,,,,
2026-03-19,6752,パナソニック　ホールディングス,2600.5,2607.2,2533.9,2310.7,,12098400,1.31,,,,,
2026-03-19,4063,信越化学工業,6373.0,6512.4,6176.7,5557.3,,10998400,1.02,,,,,
2026-03-19,5803,フジクラ,25330.0,25558.0,25524.2,21221.7,,9983100,0.82,,,,,
2026-03-19,3315,日本コークス工業,114.0,122.8,122.2,116.0,,9887300,1.02,,,,,
2026-03-19,8002,丸紅,5495.0,5649.6,5637.1,5241.3,,8699000,1.5,,,,,
2026-03-19,4888,ステラファーマ,605.0,501.0,461.4,337.2,,8573300,3.0,,,,,
2026-03-19,6356,日本ギア工業,1800.0,1814.0,1564.6,1123.2,,8000900,0.74,,,,,
2026-03-19,9101,日本郵船,6140.0,5905.8,5570.0,5253.1,,7944900,1.49,,,,,
2026-03-19,6731,ピクセラ,43.0,44.2,43.0,42.9,,7772000,0.83,,,,,
2026-03-19,5801,古河電気工業,29400.0,29131.0,27888.2,18014.2,,7140000,0.91,,,,,
2026-03-19,4502,武田薬品工業,5768.0,5773.6,5742.1,5344.8,,7029100,1.64,,,,,
2026-03-19,6963,ローム,3213.0,3289.2,3045.5,2656.7,,6985500,0.89,,,,,
2026-03-19,1662,石油資源開発,2591.0,2618.8,2461.3,2058.8,,6554300,1.38,,,,,
2026-03-19,3656,ＫＬａｂ,383.0,388.2,361.1,349.3,,5803000,0.5,,,,,
2026-03-19,5019,出光興産,1479.0,1479.4,1444.6,1333.5,,5338900,1.29,,,,,
2026-03-19,4594,ブライトパス・バイオ,72.0,71.6,67.9,62.5,,5226000,0.63,,,,,
2026-03-19,6965,浜松ホトニクス,1907.0,2007.7,2005.7,1813.5,,5091600,0.72,,,,,
2026-03-19,7453,良品計画,3516.0,3647.0,3598.6,3262.6,,4513200,1.16,,,,,
2026-03-19,7832,バンダイナムコホールディングス,4177.0,4233.8,4157.1,4137.3,,4114500,1.86,,,,,
2026-03-19,8628,松井証券,978.0,950.4,947.6,909.7,,3794100,4.34,,,,,
2026-03-19,5074,テスホールディングス,635.0,667.4,611.8,460.4,,3740800,0.74,,,,,
2026-03-19,9115,明海グループ,1267.0,1015.0,842.9,742.4,,3660200,4.23,,,,,
2026-03-19,9143,ＳＧホールディングス,1574.0,1525.6,1510.0,1493.8,,3597900,1.6,,,,,
2026-03-19,8088,岩谷産業,2008.0,1987.5,1903.5,1830.7,,3446400,1.96,,,,,
2026-03-19,6920,レーザーテック,35090.0,36462.0,34085.5,33069.8,,3239200,0.63,,,,,
2026-03-19,9502,中部電力,2570.5,2558.5,2545.7,2408.1,,3126100,1.2,,,,,
2026-03-19,1699,ＮＥＸＴ　ＦＵＮＤＳ　ＮＯＭＵＲＡ　原油インデックス連動型上場投信,622.8,606.5,516.9,439.3,,2994610,0.54,,,,,
2026-03-19,2038,ＮＥＸＴ　ＮＯＴＥＳ　ドバイ原油先物　ダブル・ブル　ＥＴＮ,2998.0,2799.0,2218.8,1731.3,,2957278,2.07,,,,,
2026-03-19,4893,ノイルイミューン・バイオテック,152.0,180.6,163.3,151.4,,2851100,1.23,,,,,
2026-03-19,9130,共栄タンカー,2376.0,2416.4,1725.2,1320.8,,2760700,0.93,,,,,
2026-03-19,4881,ファンペップ,104.0,109.8,101.0,91.1,,2547100,0.33,,,,,
2026-03-19,1514,住石ホールディングス,939.0,1034.8,952.0,775.7,,2458400,0.75,,,,,
2026-03-19,3635,コーエーテクモホールディングス,1796.0,1850.2,1787.3,1784.2,,2257700,0.59,,,,,
2026-03-19,2656,ベクターホールディングス,167.0,163.2,149.3,138.5,,2176000,1.9,,,,,
2026-03-19,1671,ＷＴＩ原油価格連動型上場投信,5150.0,5077.8,4211.1,3480.3,,2148730,0.84,,,,,
2026-03-19,6619,ダブル・スコープ,189.0,191.2,176.3,167.5,,2050300,0.84,,,,,
2026-03-19,4265,Ｉｎｓｔｉｔｕｔｉｏｎ　ｆｏｒ　ａ　Ｇｌｏｂａｌ　Ｓｏｃｉｅｔｙ,435.0,401.4,312.1,307.6,,1929300,2.65,,,,,
2026-03-19,4578,大塚ホールディングス,10720.0,10968.0,10534.2,9734.8,,1844700,1.29,,,,,
2026-03-19,6460,セガサミーホールディングス,2552.5,2624.5,2607.2,2497.1,,1817500,1.4,,,,,
2026-03-19,6845,アズビル,1414.0,1427.2,1407.0,1392.0,,1808800,1.36,,,,,
2026-03-19,9513,電源開発,4007.0,3968.6,3783.8,3466.1,,1776800,1.14,,,,,
2026-03-19,1878,大東建託,3601.0,3621.8,3599.1,3291.4,,1729200,1.04,,,,,
2026-03-19,5563,新日本電工,430.0,436.4,433.9,397.8,,1688200,1.45,,,,,
2026-03-19,2516,東証グロース２５０ＥＴＦ,585.0,596.6,593.5,568.4,,1676470,2.06,,,,,
2026-03-19,9227,マイクロ波化学,1074.0,1043.8,1036.0,1007.1,,1672800,3.86,,,,,
2026-03-19,2269,明治ホールディングス,3929.0,3994.8,3929.9,3730.4,,1664400,1.21,,,,,
2026-03-19,9519,レノバ,758.0,800.2,735.6,708.9,,1651600,1.23,,,,,
2026-03-19,5985,サンコール,1983.0,2039.8,1611.1,1203.3,,1565300,0.23,,,,,
2026-03-19,9412,スカパーＪＳＡＴホールディングス,2800.0,2908.4,2857.7,2477.3,,1533900,0.87,,,,,
2026-03-19,9735,セコム,5977.0,6039.4,5990.6,5849.1,,1531200,1.36,,,,,
2026-03-19,9119,飯野海運,1808.0,1744.8,1676.8,1566.3,,1510000,4.31,,,,,
2026-03-19,9348,ｉｓｐａｃｅ,584.0,583.4,580.8,548.4,,1509100,1.06,,,,,
2026-03-19,6779,日本電波工業,1301.0,1341.6,1297.7,1122.7,,1504900,1.3,,,,,
2026-03-19,2321,ソフトフロントホールディングス,317.0,357.8,301.0,234.1,,1460400,0.33,,,,,
2026-03-19,9505,北陸電力,1088.0,1080.8,1066.4,1020.3,,1456400,1.51,,,,,
2026-03-19,5844,京都フィナンシャルグループ,4396.0,4389.4,3991.2,3758.3,,1407700,0.7,,,,,
2026-03-19,3647,アスリナ,146.0,149.6,141.8,131.6,,1380000,0.59,,,,,
2026-03-19,7719,東京衡機,650.0,722.4,674.0,431.6,,1311600,0.71,,,,,
2026-03-19,7868,広済堂ホールディングス,476.0,483.4,482.7,480.4,,1304000,1.56,,,,,
2026-03-19,3840,パス,68.0,78.4,65.0,60.5,,1293400,0.18,,,,,
2026-03-19,4422,ＶＡＬＵＥＮＥＸ,475.0,464.2,360.2,341.2,,1288400,5.6,,,,,
2026-03-19,9507,四国電力,1721.5,1729.9,1704.3,1624.5,,1280200,1.84,,,,,
2026-03-19,2331,ＡＬＳＯＫ,1228.0,1231.8,1231.2,1223.0,,1251200,1.08,,,,,
2026-03-19,4385,メルカリ,3496.0,3493.0,3492.0,3316.3,,1230000,0.89,,,,,
2026-03-19,6838,多摩川ホールディングス,1501.0,1330.8,1067.0,851.4,,1204200,2.02,,,,,
2026-03-19,2120,ＬＩＦＵＬＬ,204.0,209.2,207.9,191.2,,1112700,1.01,,,,,
2026-03-19,3113,ＵＮＩＶＡ・Ｏａｋホールディングス,80.0,80.6,73.5,71.9,,1037900,0.37,,,,,
2026-03-19,4996,クミアイ化学工業,777.0,793.2,736.4,713.1,,1036100,0.81,,,,,
2026-03-19,5631,日本製鋼所,9901.0,9954.4,9785.4,9082.6,,1007900,0.86,,,,,
2026-03-19,2337,いちご,483.0,488.8,461.8,441.1,,991100,0.49,,,,,
2026-03-19,1407,ウエストホールディングス,1750.0,1848.8,1715.8,1627.2,,910600,1.24,,,,,
2026-03-19,3673,ブロードリーフ,993.0,947.0,807.9,732.2,,901700,0.99,,,,,
2026-03-19,4091,日本酸素ホールディングス,5989.0,6098.6,5858.2,5247.1,,896400,1.01,,,,,
2026-03-19,6232,ＡＣＳＬ,1542.0,1661.6,1486.1,1206.8,,886900,0.54,,,,,
2026-03-19,7375,リファインバースグループ,1093.0,1065.2,969.0,887.0,,873600,14.21,,,,,
2026-03-19,2012,ｉシェアーズ　米国債０－３ヶ月　ＥＴＦ,239.3,238.5,235.5,233.5,,844480,2.82,,,,,
2026-03-19,9517,イーレックス,970.0,893.6,784.5,683.8,,840700,1.27,,,,,
2026-03-19,5727,東邦チタニウム,2642.0,2746.2,2591.2,1964.2,,831000,0.55,,,,,
2026-03-19,6093,エスクロー・エージェント・ジャパン,191.0,190.8,181.6,181.3,,827300,1.45,,,,,
2026-03-19,8381,山陰合同銀行,1639.0,1677.2,1671.5,1618.1,,818300,1.02,,,,,
2026-03-19,3083,スターシーズ,1047.0,980.0,839.8,794.2,,806700,2.88,,,,,
2026-03-19,3358,Ｔｒａｉｌｈｅａｄ　Ｇｌｏｂａｌ　Ｈｏｌｄｉｎｇｓ,115.0,115.2,112.6,101.3,,799100,0.41,,,,,
2026-03-19,2620,ｉシェアーズ　米国債１－３年　ＥＴＦ,372.1,371.5,367.8,365.3,,786100,2.91,,,,,
2026-03-19,3964,オークネット,2404.0,2504.4,2411.4,2220.2,,776200,8.8,,,,,
2026-03-19,3563,ＦＯＯＤ　＆　ＬＩＦＥ　ＣＯＭＰＡＮＩＥＳ,9510.0,9572.6,9562.5,8876.8,,774500,0.3,,,,,
2026-03-19,7746,岡本硝子,1078.0,1091.0,1037.8,922.4,,773000,0.42,,,,,
2026-03-19,7220,武蔵精密工業,2687.0,2832.6,2799.0,2699.4,,727700,0.71,,,,,
2026-03-19,4889,レナサイエンス,1738.0,1937.8,1927.1,1672.9,,723200,1.6,,,,,
2026-03-19,6521,オキサイド,5190.0,4925.0,3904.7,2617.2,,708500,0.39,,,,,
2026-03-19,5451,ヨドコウ,1518.0,1527.2,1520.9,1440.5,,699700,1.16,,,,,
2026-03-19,7412,アトム,645.0,642.0,626.8,597.4,,680100,2.2,,,,,
2026-03-19,2222,寿スピリッツ,1959.0,1950.4,1935.5,1892.7,,679500,1.22,,,,,
2026-03-19,3865,北越コーポレーション,957.0,1002.4,997.6,952.9,,666600,2.15,,,,,
2026-03-19,7771,日本精密,431.0,430.8,418.1,345.5,,664300,0.42,,,,,
2026-03-19,6197,ソラスト,987.0,990.4,975.5,915.2,,654200,0.58,,,,,
2026-03-19,2170,リンクアンドモチベーション,537.0,547.4,547.0,528.2,,646700,1.36,,,,,
2026-03-19,8876,リログループ,1960.0,1948.0,1913.3,1816.8,,644300,1.02,,,,,
2026-03-19,8715,アニコム　ホールディングス,1337.0,1345.0,1260.6,1117.9,,638500,1.27,,,,,
2026-03-19,5381,マイポックス,990.0,1042.6,890.5,681.1,,627700,0.79,,,,,
2026-03-19,9854,愛眼,280.0,269.2,252.2,230.7,,600900,4.86,,,,,
2026-03-19,6834,精工技研,26180.0,26696.0,25732.0,17678.7,,589400,1.15,,,,,
2026-03-19,4075,ブレインズテクノロジー,1667.0,1697.8,1163.2,939.2,,569400,0.58,,,,,
2026-03-19,8622,水戸証券,733.0,733.0,687.0,620.8,,542400,0.61,,,,,
2026-03-19,9072,ニッコンホールディングス,4069.0,4020.6,3978.8,3731.9,,538900,1.33,,,,,
2026-03-19,7164,全国保証,3164.0,3171.6,3170.4,3144.6,,536400,1.36,,,,,
2026-03-19,3441,山王,2435.0,2011.4,1541.3,1289.0,,529900,2.88,,,,,
2026-03-19,6955,ＦＤＫ,503.0,490.4,466.5,412.8,,524800,1.5,,,,,
2026-03-19,6787,メイコー,25210.0,25174.0,23356.5,16022.2,,505200,0.86,,,,,
2026-03-20,8918,ランド,10.0,9.4,9.4,9.3,,235300000,1.07,,,,,
2026-03-20,6740,ジャパンディスプレイ,95.0,111.2,57.9,33.7,,185127100,0.63,,,,,
2026-03-20,4564,オンコセラピー・サイエンス,23.0,22.8,21.5,21.2,,92380900,1.45,,,,,
2026-03-20,8058,三菱商事,5397.0,5358.4,5185.9,4471.9,,22540600,1.95,,,,,
2026-03-20,7011,三菱重工業,4848.0,4853.2,4828.0,4596.0,,22002700,0.89,,,,,
2026-03-20,4591,リボミック,99.0,96.8,92.7,86.0,,20657400,4.63,,,,,
2026-03-20,6522,アスタリスク,854.0,535.6,439.9,405.5,,17281300,750.38,,,,,
2026-03-20,8031,三井物産,6250.0,6183.2,5881.1,5304.1,,16432200,1.88,,,,,
2026-03-20,6613,ＱＤレーザ,1546.0,1459.4,981.1,628.1,,15979900,1.01,,,,,
2026-03-20,9107,川崎汽船,2781.0,2751.6,2597.7,2359.0,,15830800,1.71,,,,,
2026-03-20,6378,木村化工機,1677.0,1526.4,1464.8,1337.9,,15662100,13.64,,,,,
2026-03-20,9104,商船三井,6976.0,6484.2,6004.8,5229.7,,15434800,2.39,,,,,
2026-03-20,1605,ＩＮＰＥＸ,4700.0,4527.0,4083.9,3574.5,,15309600,1.06,,,,,
2026-03-20,6752,パナソニック　ホールディングス,2600.5,2607.2,2533.9,2310.7,,12098400,1.31,,,,,
2026-03-20,4063,信越化学工業,6373.0,6512.4,6176.7,5557.3,,10998400,1.02,,,,,
2026-03-20,5803,フジクラ,25330.0,25558.0,25524.2,21221.7,,9983100,0.82,,,,,
2026-03-20,3315,日本コークス工業,114.0,122.8,122.2,116.0,,9887300,1.02,,,,,
2026-03-20,8002,丸紅,5495.0,5649.6,5637.1,5241.3,,8699000,1.5,,,,,
2026-03-20,4888,ステラファーマ,605.0,501.0,461.4,337.2,,8573300,3.0,,,,,
2026-03-20,6356,日本ギア工業,1800.0,1814.0,1564.6,1123.2,,8000900,0.74,,,,,
2026-03-20,9101,日本郵船,6140.0,5905.8,5570.0,5253.1,,7944900,1.49,,,,,
2026-03-20,6731,ピクセラ,43.0,44.2,43.0,42.9,,7772000,0.83,,,,,
2026-03-20,5801,古河電気工業,29400.0,29131.0,27888.2,18014.2,,7140000,0.91,,,,,
2026-03-20,4502,武田薬品工業,5768.0,5773.6,5742.1,5344.8,,7029100,1.64,,,,,
2026-03-20,6963,ローム,3213.0,3289.2,3045.5,2656.7,,6985500,0.89,,,,,
2026-03-20,1662,石油資源開発,2591.0,2618.8,2461.3,2058.8,,6554300,1.38,,,,,
2026-03-20,3656,ＫＬａｂ,383.0,388.2,361.1,349.3,,5803000,0.5,,,,,
2026-03-20,5019,出光興産,1479.0,1479.4,1444.6,1333.5,,5338900,1.29,,,,,
2026-03-20,4594,ブライトパス・バイオ,72.0,71.6,67.9,62.5,,5226000,0.63,,,,,
2026-03-20,6965,浜松ホトニクス,1907.0,2007.7,2005.7,1813.5,,5091600,0.72,,,,,
2026-03-20,7453,良品計画,3516.0,3647.0,3598.6,3262.6,,4513200,1.16,,,,,
2026-03-20,7832,バンダイナムコホールディングス,4177.0,4233.8,4157.1,4137.3,,4114500,1.86,,,,,
2026-03-20,8628,松井証券,978.0,950.4,947.6,909.7,,3794100,4.34,,,,,
2026-03-20,5074,テスホールディングス,635.0,667.4,611.8,460.4,,3740800,0.74,,,,,
2026-03-20,9115,明海グループ,1267.0,1015.0,842.9,742.4,,3660200,4.23,,,,,
2026-03-20,9143,ＳＧホールディングス,1574.0,1525.6,1510.0,1493.8,,3597900,1.6,,,,,
2026-03-20,8088,岩谷産業,2008.0,1987.5,1903.5,1830.7,,3446400,1.96,,,,,
2026-03-20,6920,レーザーテック,35090.0,36462.0,34085.5,33069.8,,3239200,0.63,,,,,
2026-03-20,9502,中部電力,2570.5,2558.5,2545.7,2408.1,,3126100,1.2,,,,,
2026-03-20,1699,ＮＥＸＴ　ＦＵＮＤＳ　ＮＯＭＵＲＡ　原油インデックス連動型上場投信,622.8,606.5,516.9,439.3,,2994610,0.54,,,,,
2026-03-20,2038,ＮＥＸＴ　ＮＯＴＥＳ　ドバイ原油先物　ダブル・ブル　ＥＴＮ,2998.0,2799.0,2218.8,1731.3,,2957278,2.07,,,,,
2026-03-20,4893,ノイルイミューン・バイオテック,152.0,180.6,163.3,151.4,,2851100,1.23,,,,,
2026-03-20,9130,共栄タンカー,2376.0,2416.4,1725.2,1320.8,,2760700,0.93,,,,,
2026-03-20,4881,ファンペップ,104.0,109.8,101.0,91.1,,2547100,0.33,,,,,
2026-03-20,1514,住石ホールディングス,939.0,1034.8,952.0,775.7,,2458400,0.75,,,,,
2026-03-20,3635,コーエーテクモホールディングス,1796.0,1850.2,1787.3,1784.2,,2257700,0.59,,,,,
2026-03-20,2656,ベクターホールディングス,167.0,163.2,149.3,138.5,,2176000,1.9,,,,,
2026-03-20,1671,ＷＴＩ原油価格連動型上場投信,5150.0,5077.8,4211.1,3480.3,,2148730,0.84,,,,,
2026-03-20,6619,ダブル・スコープ,189.0,191.2,176.3,167.5,,2050300,0.84,,,,,
2026-03-20,4265,Ｉｎｓｔｉｔｕｔｉｏｎ　ｆｏｒ　ａ　Ｇｌｏｂａｌ　Ｓｏｃｉｅｔｙ,435.0,401.4,312.1,307.6,,1929300,2.65,,,,,
2026-03-20,4578,大塚ホールディングス,10720.0,10968.0,10534.2,9734.8,,1844700,1.29,,,,,
2026-03-20,6460,セガサミーホールディングス,2552.5,2624.5,2607.2,2497.1,,1817500,1.4,,,,,
2026-03-20,6845,アズビル,1414.0,1427.2,1407.0,1392.0,,1808800,1.36,,,,,
2026-03-20,9513,電源開発,4007.0,3968.6,3783.8,3466.1,,1776800,1.14,,,,,
2026-03-20,1878,大東建託,3601.0,3621.8,3599.1,3291.4,,1729200,1.04,,,,,
2026-03-20,5563,新日本電工,430.0,436.4,433.9,397.8,,1688200,1.45,,,,,
2026-03-20,2516,東証グロース２５０ＥＴＦ,585.0,596.6,593.5,568.4,,1676470,2.06,,,,,
2026-03-20,9227,マイクロ波化学,1074.0,1043.8,1036.0,1007.1,,1672800,3.86,,,,,
2026-03-20,2269,明治ホールディングス,3929.0,3994.8,3929.9,3730.4,,1664400,1.21,,,,,
2026-03-20,9519,レノバ,758.0,800.2,735.6,708.9,,1651600,1.23,,,,,
2026-03-20,5985,サンコール,1983.0,2039.8,1611.1,1203.3,,1565300,0.23,,,,,
2026-03-20,9412,スカパーＪＳＡＴホールディングス,2800.0,2908.4,2857.7,2477.3,,1533900,0.87,,,,,
2026-03-20,9735,セコム,5977.0,6039.4,5990.6,5849.1,,1531200,1.36,,,,,
2026-03-20,9119,飯野海運,1808.0,1744.8,1676.8,1566.3,,1510000,4.31,,,,,
2026-03-20,9348,ｉｓｐａｃｅ,584.0,583.4,580.8,548.4,,1509100,1.06,,,,,
2026-03-20,6779,日本電波工業,1301.0,1341.6,1297.7,1122.7,,1504900,1.3,,,,,
2026-03-20,2321,ソフトフロントホールディングス,317.0,357.8,301.0,234.1,,1460400,0.33,,,,,
2026-03-20,9505,北陸電力,1088.0,1080.8,1066.4,1020.3,,1456400,1.51,,,,,
2026-03-20,5844,京都フィナンシャルグループ,4396.0,4389.4,3991.2,3758.3,,1407700,0.7,,,,,
2026-03-20,3647,アスリナ,146.0,149.6,141.8,131.6,,1380000,0.59,,,,,
2026-03-20,7719,東京衡機,650.0,722.4,674.0,431.6,,1311600,0.71,,,,,
2026-03-20,7868,広済堂ホールディングス,476.0,483.4,482.7,480.4,,1304000,1.56,,,,,
2026-03-20,3840,パス,68.0,78.4,65.0,60.5,,1293400,0.18,,,,,
2026-03-20,4422,ＶＡＬＵＥＮＥＸ,475.0,464.2,360.2,341.2,,1288400,5.6,,,,,
2026-03-20,9507,四国電力,1721.5,1729.9,1704.3,1624.5,,1280200,1.84,,,,,
2026-03-20,2331,ＡＬＳＯＫ,1228.0,1231.8,1231.2,1223.0,,1251200,1.08,,,,,
2026-03-20,4385,メルカリ,3496.0,3493.0,3492.0,3316.3,,1230000,0.89,,,,,
2026-03-20,6838,多摩川ホールディングス,1501.0,1330.8,1067.0,851.4,,1204200,2.02,,,,,
2026-03-20,2120,ＬＩＦＵＬＬ,204.0,209.2,207.9,191.2,,1112700,1.01,,,,,
2026-03-20,3113,ＵＮＩＶＡ・Ｏａｋホールディングス,80.0,80.6,73.5,71.9,,1037900,0.37,,,,,
2026-03-20,4996,クミアイ化学工業,777.0,793.2,736.4,713.1,,1036100,0.81,,,,,
2026-03-20,5631,日本製鋼所,9901.0,9954.4,9785.4,9082.6,,1007900,0.86,,,,,
2026-03-20,2337,いちご,483.0,488.8,461.8,441.1,,991100,0.49,,,,,
2026-03-20,1407,ウエストホールディングス,1750.0,1848.8,1715.8,1627.2,,910600,1.24,,,,,
2026-03-20,3673,ブロードリーフ,993.0,947.0,807.9,732.2,,901700,0.99,,,,,
2026-03-20,4091,日本酸素ホールディングス,5989.0,6098.6,5858.2,5247.1,,896400,1.01,,,,,
2026-03-20,6232,ＡＣＳＬ,1542.0,1661.6,1486.1,1206.8,,886900,0.54,,,,,
2026-03-20,7375,リファインバースグループ,1093.0,1065.2,969.0,887.0,,873600,14.21,,,,,
2026-03-20,2012,ｉシェアーズ　米国債０－３ヶ月　ＥＴＦ,239.3,238.5,235.5,233.5,,844480,2.82,,,,,
2026-03-20,9517,イーレックス,970.0,893.6,784.5,683.8,,840700,1.27,,,,,
2026-03-20,5727,東邦チタニウム,2642.0,2746.2,2591.2,1964.2,,831000,0.55,,,,,
2026-03-20,6093,エスクロー・エージェント・ジャパン,191.0,190.8,181.6,181.3,,827300,1.45,,,,,
2026-03-20,8381,山陰合同銀行,1639.0,1677.2,1671.5,1618.1,,818300,1.02,,,,,
2026-03-20,3083,スターシーズ,1047.0,980.0,839.8,794.2,,806700,2.88,,,,,
2026-03-20,3358,Ｔｒａｉｌｈｅａｄ　Ｇｌｏｂａｌ　Ｈｏｌｄｉｎｇｓ,115.0,115.2,112.6,101.3,,799100,0.41,,,,,
2026-03-20,2620,ｉシェアーズ　米国債１－３年　ＥＴＦ,372.1,371.5,367.8,365.3,,786100,2.91,,,,,
2026-03-20,3964,オークネット,2404.0,2504.4,2411.4,2220.2,,776200,8.8,,,,,
2026-03-20,3563,ＦＯＯＤ　＆　ＬＩＦＥ　ＣＯＭＰＡＮＩＥＳ,9510.0,9572.6,9562.5,8876.8,,774500,0.3,,,,,
2026-03-20,7746,岡本硝子,1078.0,1091.0,1037.8,922.4,,773000,0.42,,,,,
2026-03-20,7220,武蔵精密工業,2687.0,2832.6,2799.0,2699.4,,727700,0.71,,,,,
2026-03-20,4889,レナサイエンス,1738.0,1937.8,1927.1,1672.9,,723200,1.6,,,,,
2026-03-20,6521,オキサイド,5190.0,4925.0,3904.7,2617.2,,708500,0.39,,,,,
2026-03-20,5451,ヨドコウ,1518.0,1527.2,1520.9,1440.5,,699700,1.16,,,,,
2026-03-20,7412,アトム,645.0,642.0,626.8,597.4,,680100,2.2,,,,,
2026-03-20,2222,寿スピリッツ,1959.0,1950.4,1935.5,1892.7,,679500,1.22,,,,,
2026-03-20,3865,北越コーポレーション,957.0,1002.4,997.6,952.9,,666600,2.15,,,,,
2026-03-20,7771,日本精密,431.0,430.8,418.1,345.5,,664300,0.42,,,,,
2026-03-20,6197,ソラスト,987.0,990.4,975.5,915.2,,654200,0.58,,,,,
2026-03-20,2170,リンクアンドモチベーション,537.0,547.4,547.0,528.2,,646700,1.36,,,,,
2026-03-20,8876,リログループ,1960.0,1948.0,1913.3,1816.8,,644300,1.02,,,,,
2026-03-20,8715,アニコム　ホールディングス,1337.0,1345.0,1260.6,1117.9,,638500,1.27,,,,,
2026-03-20,5381,マイポックス,990.0,1042.6,890.5,681.1,,627700,0.79,,,,,
2026-03-20,9854,愛眼,280.0,269.2,252.2,230.7,,600900,4.86,,,,,
2026-03-20,6834,精工技研,26180.0,26696.0,25732.0,17678.7,,589400,1.15,,,,,
2026-03-20,4075,ブレインズテクノロジー,1667.0,1697.8,1163.2,939.2,,569400,0.58,,,,,
2026-03-20,8622,水戸証券,733.0,733.0,687.0,620.8,,542400,0.61,,,,,
2026-03-20,9072,ニッコンホールディングス,4069.0,4020.6,3978.8,3731.9,,538900,1.33,,,,,
2026-03-20,7164,全国保証,3164.0,3171.6,3170.4,3144.6,,536400,1.36,,,,,
2026-03-20,3441,山王,2435.0,2011.4,1541.3,1289.0,,529900,2.88,,,,,
2026-03-20,6955,ＦＤＫ,503.0,490.4,466.5,412.8,,524800,1.5,,,,,
2026-03-20,6787,メイコー,25210.0,25174.0,23356.5,16022.2,,505200,0.86,,,,,
2026-03-23,8918,ランド,9.0,9.4,9.4,9.3,,170875200,0.76,,,,,
2026-03-23,4564,オンコセラピー・サイエンス,21.0,22.6,21.5,21.2,,66352100,0.97,,,,,
2026-03-23,7011,三菱重工業,4517.0,4807.6,4806.3,4607.7,,36873600,1.54,,,,,
2026-03-23,4063,信越化学工業,6073.0,6420.8,6193.1,5578.7,,17076600,1.66,,,,,
2026-03-23,1605,ＩＮＰＥＸ,4483.0,4547.0,4122.1,3597.3,,16560400,1.16,,,,,
2026-03-23,8058,三菱商事,5272.0,5370.6,5200.6,4499.4,,14219400,1.14,,,,,
2026-03-23,6356,日本ギア工業,1509.0,1725.2,1585.5,1134.7,,12232000,1.08,,,,,
2026-03-23,8031,三井物産,5874.0,6192.4,5895.1,5327.4,,11685800,1.26,,,,,
2026-03-23,9107,川崎汽船,2577.5,2738.4,2607.3,2366.3,,11370300,1.15,,,,,
2026-03-23,6613,ＱＤレーザ,1300.0,1491.4,1007.5,644.8,,11264200,0.72,,,,,
2026-03-23,9104,商船三井,6382.0,6537.4,6053.2,5260.7,,9151800,1.24,,,,,
2026-03-23,6378,木村化工機,1644.0,1564.4,1467.4,1345.2,,8997800,3.77,,,,,
2026-03-23,6752,パナソニック　ホールディングス,2505.5,2586.2,2533.0,2319.6,,8440400,0.9,,,,,
2026-03-23,3656,ＫＬａｂ,346.0,376.6,362.1,349.3,,7479000,0.67,,,,,
2026-03-23,6740,ジャパンディスプレイ,65.0,106.0,59.9,34.5,,6978900,0.02,,,,,
2026-03-23,2914,日本たばこ産業,5693.0,5837.8,5827.6,5802.2,,6754400,1.72,,,,,
2026-03-23,5801,古河電気工業,27680.0,28529.0,28129.2,18324.6,,6708100,0.87,,,,,
2026-03-23,9101,日本郵船,5714.0,5920.6,5596.0,5266.2,,6504600,1.16,,,,,
2026-03-23,4502,武田薬品工業,5577.0,5754.4,5730.2,5362.9,,5922600,1.31,,,,,
2026-03-23,5019,出光興産,1407.5,1468.5,1443.7,1337.5,,5509100,1.35,,,,,
2026-03-23,5074,テスホールディングス,580.0,647.8,612.5,464.9,,5373700,1.02,,,,,
2026-03-23,1662,石油資源開発,2483.0,2601.0,2468.6,2074.8,,5263600,1.08,,,,,
2026-03-23,4888,ステラファーマ,705.0,552.8,477.2,345.1,,5168500,1.43,,,,,
2026-03-23,4594,ブライトパス・バイオ,68.0,71.4,67.7,62.9,,5087000,0.65,,,,,
2026-03-23,6963,ローム,3102.0,3249.6,3066.4,2673.3,,4518700,0.57,,,,,
2026-03-23,6920,レーザーテック,32030.0,35358.0,34136.5,33135.4,,4049800,0.83,,,,,
2026-03-23,9502,中部電力,2517.5,2558.5,2539.1,2411.0,,3669900,1.38,,,,,
2026-03-23,9115,明海グループ,1480.0,1150.0,879.1,756.6,,3550900,2.98,,,,,
2026-03-23,9143,ＳＧホールディングス,1497.5,1529.3,1505.1,1494.0,,3233000,1.43,,,,,
2026-03-23,6619,ダブル・スコープ,187.0,191.2,177.2,168.2,,3197000,1.28,,,,,
2026-03-23,8628,松井証券,965.0,956.0,948.5,912.3,,3057100,2.72,,,,,
2026-03-23,4591,リボミック,91.0,96.0,93.0,86.2,,3053800,0.48,,,,,
2026-03-23,8088,岩谷産業,1983.0,1994.0,1904.4,1836.6,,3029400,1.53,,,,,
2026-03-23,4881,ファンペップ,92.0,107.8,100.9,91.4,,2984800,0.41,,,,,
2026-03-23,2321,ソフトフロントホールディングス,237.0,323.2,303.7,235.2,,2964400,0.75,,,,,
2026-03-23,5985,サンコール,1618.0,1939.8,1635.2,1215.4,,2903900,0.43,,,,,
2026-03-23,9513,電源開発,3883.0,3958.6,3794.7,3479.5,,2791200,1.73,,,,,
2026-03-23,3840,パス,64.0,73.8,65.5,60.6,,2644700,0.36,,,,,
2026-03-23,1514,住石ホールディングス,872.0,981.6,945.9,781.5,,2495900,0.74,,,,,
2026-03-23,7832,バンダイナムコホールディングス,4122.0,4205.4,4159.5,4135.7,,2402300,1.03,,,,,
2026-03-23,9519,レノバ,760.0,795.8,735.0,710.9,,2349400,1.66,,,,,
2026-03-23,9130,共栄タンカー,2319.0,2360.4,1777.8,1342.0,,2284100,0.73,,,,,
2026-03-23,4265,Ｉｎｓｔｉｔｕｔｉｏｎ　ｆｏｒ　ａ　Ｇｌｏｂａｌ　Ｓｏｃｉｅｔｙ,406.0,412.2,319.1,309.3,,2179500,2.38,,,,,
2026-03-23,1671,ＷＴＩ原油価格連動型上場投信,5306.0,5133.2,4307.9,3520.3,,2106855,0.82,,,,,
2026-03-23,5631,日本製鋼所,9569.0,9860.2,9768.6,9118.8,,2049200,1.72,,,,,
2026-03-23,1699,ＮＥＸＴ　ＦＵＮＤＳ　ＮＯＭＵＲＡ　原油インデックス連動型上場投信,637.5,614.2,527.2,443.7,,2038470,0.36,,,,,
2026-03-23,6085,アーキテクツ・スタジオ・ジャパン,2765.0,3473.0,2635.0,1242.3,,2013000,3.85,,,,,
2026-03-23,8359,八十二長野銀行,1953.5,1963.6,1963.5,1918.4,,1795400,1.27,,,,,
2026-03-23,3635,コーエーテクモホールディングス,1753.0,1823.7,1789.8,1781.0,,1773000,0.49,,,,,
2026-03-23,2337,いちご,454.0,481.8,462.6,441.7,,1712500,0.94,,,,,
2026-03-23,5563,新日本電工,399.0,433.8,432.9,398.9,,1638800,1.38,,,,,
2026-03-23,2269,明治ホールディングス,3860.0,3980.6,3930.6,3737.9,,1585200,1.11,,,,,
2026-03-23,4578,大塚ホールディングス,10475.0,10862.0,10535.5,9755.2,,1481500,0.99,,,,,
2026-03-23,7746,岡本硝子,1008.0,1090.6,1038.0,934.7,,1427900,0.8,,,,,
2026-03-23,6197,ソラスト,931.0,977.6,976.3,917.0,,1420600,1.43,,,,,
2026-03-23,5727,東邦チタニウム,2343.0,2649.0,2611.8,1982.5,,1404900,1.03,,,,,
2026-03-23,9735,セコム,5806.0,5999.2,5983.9,5851.4,,1393800,1.24,,,,,
2026-03-23,5844,京都フィナンシャルグループ,4294.0,4354.6,4019.2,3773.6,,1386000,0.7,,,,,
2026-03-23,2120,ＬＩＦＵＬＬ,200.0,208.8,207.4,191.6,,1362300,1.23,,,,,
2026-03-23,2038,ＮＥＸＴ　ＮＯＴＥＳ　ドバイ原油先物　ダブル・ブル　ＥＴＮ,3231.0,2904.0,2295.7,1762.2,,1292719,0.79,,,,,
2026-03-23,4893,ノイルイミューン・バイオテック,142.0,173.0,162.6,151.4,,1218400,0.47,,,,,
2026-03-23,2620,ｉシェアーズ　米国債１－３年　ＥＴＦ,370.8,371.3,368.2,365.4,,1199900,3.57,,,,,
2026-03-23,6232,ＡＣＳＬ,1396.0,1586.2,1492.3,1215.5,,1193900,0.74,,,,,
2026-03-23,8622,水戸証券,699.0,726.4,689.9,623.4,,1179600,1.31,,,,,
2026-03-23,9505,北陸電力,1037.0,1077.7,1063.4,1021.6,,1178900,1.18,,,,,
2026-03-23,8876,リログループ,1875.0,1939.0,1914.7,1819.3,,1129400,1.76,,,,,
2026-03-23,6845,アズビル,1353.5,1415.8,1407.1,1391.3,,1085200,0.82,,,,,
2026-03-23,4996,クミアイ化学工業,735.0,783.0,737.1,713.8,,1072600,0.81,,,,,
2026-03-23,6779,日本電波工業,1199.0,1323.8,1296.8,1126.9,,1062600,0.9,,,,,
2026-03-23,4091,日本酸素ホールディングス,5821.0,6108.4,5863.5,5266.6,,1024600,1.14,,,,,
2026-03-23,6495,宮入バルブ製作所,231.0,246.2,245.5,202.3,,1001400,0.67,,,,,
2026-03-23,9517,イーレックス,899.0,908.6,794.7,688.5,,984900,1.43,,,,,
2026-03-23,5162,朝日ラバー,820.0,859.2,796.4,726.6,,967800,52.83,,,,,
2026-03-23,6838,多摩川ホールディングス,1343.0,1390.2,1086.5,862.7,,936300,1.34,,,,,
2026-03-23,1407,ウエストホールディングス,1670.0,1808.6,1712.3,1632.3,,910300,1.15,,,,,
2026-03-23,4031,片倉コープアグリ,1190.0,1205.2,1099.8,1009.6,,909200,2.95,,,,,
2026-03-23,7719,東京衡機,588.0,685.6,683.4,437.1,,907700,0.46,,,,,
2026-03-23,3673,ブロードリーフ,992.0,966.4,824.5,736.5,,893000,0.97,,,,,
2026-03-23,9507,四国電力,1668.5,1720.5,1697.0,1627.4,,872700,1.14,,,,,
2026-03-23,7859,アルメディオ,221.0,247.2,246.2,203.4,,862300,0.7,,,,,
2026-03-23,2484,出前館,132.0,136.6,135.9,135.8,,850700,1.37,,,,,
2026-03-23,8715,アニコム　ホールディングス,1273.0,1336.2,1265.9,1123.2,,834600,1.66,,,,,
2026-03-23,8508,Ｊトラスト,533.0,548.8,542.9,505.6,,833000,0.91,,,,,
2026-03-23,6521,オキサイド,4700.0,4974.0,3994.2,2672.2,,808200,0.43,,,,,
2026-03-23,4974,タカラバイオ,1147.0,1146.8,1146.7,939.4,,807200,1.12,,,,,
2026-03-23,3647,アスリナ,138.0,149.2,141.3,132.0,,798100,0.33,,,,,
2026-03-23,6787,メイコー,25860.0,25618.0,23657.5,16273.3,,703200,1.27,,,,,
2026-03-23,3803,イメージ情報開発,886.0,748.6,615.1,612.8,,691600,2.03,,,,,
2026-03-23,4097,高圧ガス工業,1157.0,1147.0,1120.8,1117.8,,687800,5.57,,,,,
2026-03-23,2656,ベクターホールディングス,168.0,168.6,150.4,139.2,,679100,0.5,,,,,
2026-03-23,2222,寿スピリッツ,1909.5,1947.0,1930.5,1894.1,,657900,1.17,,,,,
2026-03-23,3113,ＵＮＩＶＡ・Ｏａｋホールディングス,77.0,81.8,73.8,72.2,,613800,0.22,,,,,
2026-03-23,9227,マイクロ波化学,978.0,1039.8,1030.0,1013.0,,606200,1.12,,,,,
2026-03-23,9268,オプティマスグループ,442.0,462.6,441.5,381.9,,602800,1.12,,,,,
2026-03-23,9535,広島ガス,390.0,382.2,382.1,375.6,,596700,3.39,,,,,
2026-03-23,9119,飯野海運,1734.0,1755.8,1681.7,1572.2,,569900,1.23,,,,,
2026-03-23,5381,マイポックス,932.0,1037.2,891.9,689.6,,566900,0.69,,,,,
2026-03-23,7375,リファインバースグループ,1176.0,1070.8,982.4,893.3,,544900,3.68,,,,,
2026-03-23,2928,"RIZAP GROUP, Inc.",228.0,231.2,229.8,213.1,,536100,1.71,,,,,
2026-03-23,9701,東京會舘,4800.0,4674.0,4596.8,4480.4,,527700,28.34,,,,,
2026-03-23,5423,東京製鐵,1563.0,1612.8,1597.3,1562.8,,526700,1.41,,,,,
2026-03-23,7771,日本精密,410.0,429.2,419.8,350.9,,522900,0.35,,,,,
2026-03-24,8918,ランド,10.0,9.6,9.4,9.3,,189649100,0.85,,,,,
2026-03-24,6740,ジャパンディスプレイ,62.0,94.2,61.9,35.2,,146736200,0.5,,,,,
2026-03-24,4594,ブライトパス・バイオ,81.0,73.2,68.4,63.5,,17412300,2.46,,,,,
2026-03-24,6522,アスタリスク,1000.0,778.4,500.6,427.0,,15131900,8.59,,,,,
2026-03-24,1605,ＩＮＰＥＸ,4519.0,4576.8,4164.2,3620.2,,14245400,0.96,,,,,
2026-03-24,4888,ステラファーマ,855.0,641.0,500.2,355.7,,14221100,3.52,,,,,
2026-03-24,6613,ＱＤレーザ,1393.0,1482.0,1041.0,663.0,,10931600,0.7,,,,,
2026-03-24,8058,三菱商事,5426.0,5420.8,5222.4,4529.5,,10786800,0.83,,,,,
2026-03-24,8031,三井物産,6147.0,6227.0,5927.2,5354.4,,9045600,0.93,,,,,
2026-03-24,3656,ＫＬａｂ,330.0,364.4,363.1,349.1,,8472000,0.78,,,,,
2026-03-24,4063,信越化学工業,6060.0,6331.8,6208.6,5599.9,,8234900,0.74,,,,,
2026-03-24,9107,川崎汽船,2582.5,2725.8,2616.2,2374.3,,7310400,0.71,,,,,
2026-03-24,6752,パナソニック　ホールディングス,2555.5,2583.2,2535.2,2329.8,,7120100,0.75,,,,,
2026-03-24,6378,木村化工機,1729.0,1612.8,1478.5,1354.0,,7076300,2.25,,,,,
2026-03-24,4564,オンコセラピー・サイエンス,21.0,22.2,21.5,21.2,,6841600,0.1,,,,,
2026-03-24,9104,商船三井,6410.0,6611.6,6101.6,5292.5,,5787300,0.74,,,,,
2026-03-24,6356,日本ギア工業,1522.0,1668.4,1594.7,1146.3,,5784000,0.54,,,,,
2026-03-24,5074,テスホールディングス,578.0,629.2,614.8,469.2,,4855900,0.9,,,,,
2026-03-24,2914,日本たばこ産業,5820.0,5840.6,5824.0,5803.0,,4582700,1.08,,,,,
2026-03-24,9101,日本郵船,5680.0,5931.8,5619.2,5279.2,,4213000,0.72,,,,,
2026-03-24,1662,石油資源開発,2520.0,2592.6,2476.8,2090.7,,3993700,0.78,,,,,
2026-03-24,5019,出光興産,1460.0,1472.2,1445.9,1342.5,,3748100,0.91,,,,,
2026-03-24,1699,ＮＥＸＴ　ＦＵＮＤＳ　ＮＯＭＵＲＡ　原油インデックス連動型上場投信,586.0,608.2,534.3,447.2,,3629820,0.65,,,,,
2026-03-24,6963,ローム,3170.0,3223.6,3092.4,2690.9,,3442200,0.42,,,,,
2026-03-24,4502,武田薬品工業,5663.0,5739.6,5723.9,5380.6,,3192300,0.68,,,,,
2026-03-24,8088,岩谷産業,2089.5,2028.0,1912.3,1844.2,,2979200,1.36,,,,,
2026-03-24,5985,サンコール,1503.0,1826.2,1653.2,1225.0,,2958600,0.44,,,,,
2026-03-24,9115,明海グループ,1391.0,1243.6,911.8,769.4,,2913600,1.92,,,,,
2026-03-24,9502,中部電力,2532.0,2569.1,2537.0,2413.9,,2601900,0.94,,,,,
2026-03-24,4881,ファンペップ,88.0,102.4,100.7,91.6,,2205400,0.4,,,,,
2026-03-24,6232,ＡＣＳＬ,1447.0,1535.0,1500.6,1225.1,,1902600,1.18,,,,,
2026-03-24,7832,バンダイナムコホールディングス,4110.0,4174.8,4163.5,4133.9,,1856500,0.78,,,,,
2026-03-24,6619,ダブル・スコープ,193.0,193.4,178.2,168.8,,1806300,0.67,,,,,
2026-03-24,2038,ＮＥＸＴ　ＮＯＴＥＳ　ドバイ原油先物　ダブル・ブル　ＥＴＮ,2725.0,2876.2,2343.4,1785.0,,1797812,1.07,,,,,
2026-03-24,4385,メルカリ,3538.0,3499.4,3485.1,3332.4,,1765800,1.31,,,,,
2026-03-24,9535,広島ガス,405.0,387.6,383.1,376.2,,1737200,7.94,,,,,
2026-03-24,4591,リボミック,93.0,94.8,93.5,86.5,,1711900,0.27,,,,,
2026-03-24,1671,ＷＴＩ原油価格連動型上場投信,4843.0,5062.4,4376.8,3553.2,,1711260,0.67,,,,,
2026-03-24,9143,ＳＧホールディングス,1522.0,1534.1,1505.3,1494.9,,1579900,0.68,,,,,
2026-03-24,5631,日本製鋼所,9257.0,9736.2,9730.5,9146.8,,1573400,1.23,,,,,
2026-03-24,8359,八十二長野銀行,2030.5,1984.6,1960.4,1923.9,,1560900,1.06,,,,,
2026-03-24,3635,コーエーテクモホールディングス,1742.0,1794.1,1792.3,1778.1,,1536900,0.44,,,,,
2026-03-24,4265,Ｉｎｓｔｉｔｕｔｉｏｎ　ｆｏｒ　ａ　Ｇｌｏｂａｌ　Ｓｏｃｉｅｔｙ,378.0,419.8,324.9,310.4,,1400500,1.24,,,,,
2026-03-24,8628,松井証券,974.0,963.2,950.4,915.0,,1324000,0.98,,,,,
2026-03-24,5844,京都フィナンシャルグループ,4289.0,4337.6,4048.8,3787.2,,1250900,0.66,,,,,
2026-03-24,2267,ヤクルト本社,2595.5,2598.1,2597.6,2559.4,,1244500,0.95,,,,,
2026-03-24,4422,ＶＡＬＵＥＮＥＸ,522.0,477.8,373.6,351.6,,1202800,3.04,,,,,
2026-03-24,9513,電源開発,3857.0,3955.2,3808.9,3492.2,,1182500,0.67,,,,,
2026-03-24,3563,ＦＯＯＤ　＆　ＬＩＦＥ　ＣＯＭＰＡＮＩＥＳ,9851.0,9595.6,9580.5,8944.6,,1157800,0.9,,,,,
2026-03-24,2337,いちご,460.0,477.0,464.2,442.3,,1039700,0.61,,,,,
2026-03-24,9130,共栄タンカー,2070.0,2304.8,1818.2,1359.1,,1023800,0.31,,,,,
2026-03-24,3113,ＵＮＩＶＡ・Ｏａｋホールディングス,81.0,80.4,74.2,72.5,,1015300,0.35,,,,,
2026-03-24,4578,大塚ホールディングス,10610.0,10795.0,10535.0,9778.3,,982900,0.64,,,,,
2026-03-24,4091,日本酸素ホールディングス,5840.0,6029.8,5864.6,5285.8,,936000,0.99,,,,,
2026-03-24,6838,多摩川ホールディングス,1282.0,1432.8,1106.9,872.8,,933200,1.2,,,,,
2026-03-24,9519,レノバ,748.0,781.4,736.4,712.4,,910700,0.57,,,,,
2026-03-24,2120,ＬＩＦＵＬＬ,205.0,207.6,207.3,192.1,,899600,0.79,,,,,
2026-03-24,2269,明治ホールディングス,3932.0,3967.0,3934.3,3746.5,,872600,0.6,,,,,
2026-03-24,9505,北陸電力,1054.0,1076.4,1062.2,1023.0,,769300,0.73,,,,,
2026-03-24,6521,オキサイド,4945.0,4955.0,4093.2,2730.9,,768500,0.41,,,,,
2026-03-24,5162,朝日ラバー,883.0,875.4,804.1,730.2,,765800,6.67,,,,,
2026-03-24,7746,岡本硝子,992.0,1057.2,1036.2,946.7,,763100,0.41,,,,,
2026-03-24,2656,ベクターホールディングス,166.0,173.0,151.3,139.8,,735400,0.52,,,,,
2026-03-24,4974,タカラバイオ,1147.0,1147.0,1146.6,945.5,,713000,1.0,,,,,
2026-03-24,3673,ブロードリーフ,1010.0,985.8,841.0,741.1,,675900,0.76,,,,,
2026-03-24,9517,イーレックス,879.0,911.0,805.0,692.9,,629400,0.83,,,,,
2026-03-24,8876,リログループ,1911.5,1936.8,1917.7,1822.4,,618100,0.92,,,,,
2026-03-24,5381,マイポックス,917.0,998.8,894.4,697.7,,614900,0.71,,,,,
2026-03-24,3803,イメージ情報開発,736.0,766.2,619.1,616.4,,608700,1.49,,,,,
2026-03-24,4996,クミアイ化学工業,749.0,771.2,739.0,714.8,,599800,0.43,,,,,
2026-03-24,8381,山陰合同銀行,1668.0,1665.0,1658.2,1624.0,,587300,0.72,,,,,
2026-03-24,7771,日本精密,426.0,427.8,422.6,356.6,,577400,0.38,,,,,
2026-03-24,1407,ウエストホールディングス,1723.0,1767.8,1713.8,1637.8,,566000,0.66,,,,,
2026-03-24,6085,アーキテクツ・スタジオ・ジャパン,2379.0,3008.8,2665.3,1276.7,,562300,0.85,,,,,
2026-03-24,4097,高圧ガス工業,1137.0,1144.4,1122.1,1119.6,,556100,3.04,,,,,
2026-03-24,9507,四国電力,1706.0,1721.4,1694.4,1630.7,,551700,0.69,,,,,
2026-03-24,8708,アイザワ証券グループ,1534.0,1486.4,1479.8,1447.4,,549700,3.84,,,,,
2026-03-24,4530,久光製薬,6035.0,6039.8,6038.9,5961.6,,547900,2.58,,,,,
2026-03-25,8918,ランド,10.0,9.6,9.5,9.3,,176414600,0.79,,,,,
2026-03-25,6740,ジャパンディスプレイ,71.0,81.8,64.2,36.0,,134971000,0.49,,,,,
2026-03-25,4564,オンコセラピー・サイエンス,21.0,21.8,21.6,21.2,,77285000,1.13,,,,,
2026-03-25,4594,ブライトパス・バイオ,96.0,78.6,70.0,64.3,,45794600,5.64,,,,,
2026-03-25,8766,東京海上ホールディングス,7857.0,6534.8,6233.5,6067.1,,33295700,7.11,,,,,
2026-03-25,4888,ステラファーマ,840.0,713.0,522.0,366.2,,13906700,2.6,,,,,
2026-03-25,1605,ＩＮＰＥＸ,4444.0,4564.2,4201.0,3641.0,,12701000,0.99,,,,,
2026-03-25,6613,ＱＤレーザ,1382.0,1468.4,1077.0,680.8,,10809600,0.67,,,,,
2026-03-25,8058,三菱商事,5556.0,5472.6,5243.6,4562.0,,9763900,0.78,,,,,
2026-03-25,6752,パナソニック　ホールディングス,2630.0,2588.7,2543.8,2340.2,,9213600,1.07,,,,,
2026-03-25,3436,ＳＵＭＣＯ,1762.0,1689.7,1675.4,1602.7,,8803300,0.99,,,,,
2026-03-25,6522,アスタリスク,1300.0,943.0,545.4,442.8,,8787700,2.69,,,,,
2026-03-25,4063,信越化学工業,6294.0,6304.0,6226.8,5624.0,,8538900,0.8,,,,,
2026-03-25,3853,アステリア,1519.0,1295.0,1249.5,1196.7,,8149000,22.23,,,,,
2026-03-25,8031,三井物産,6253.0,6236.6,5962.1,5382.6,,7598100,0.79,,,,,
2026-03-25,9107,川崎汽船,2633.5,2689.9,2626.6,2383.0,,7160100,0.72,,,,,
2026-03-25,5801,古河電気工業,31240.0,29025.0,28583.2,18996.1,,6757600,0.91,,,,,
2026-03-25,4503,アステラス製薬,2538.5,2442.7,2430.5,2326.8,,5882800,0.98,,,,,
2026-03-25,6963,ローム,3337.0,3223.0,3122.4,2710.6,,5773600,0.97,,,,,
2026-03-25,9104,商船三井,6532.0,6662.8,6153.0,5326.5,,4874700,0.62,,,,,
2026-03-25,4502,武田薬品工業,5820.0,5739.6,5724.0,5399.5,,4521900,1.0,,,,,
2026-03-25,5019,出光興産,1488.5,1474.3,1450.0,1347.8,,4293500,1.08,,,,,
2026-03-25,2914,日本たばこ産業,5950.0,5855.0,5822.5,5806.4,,4224000,1.01,,,,,
2026-03-25,9101,日本郵船,5729.0,5889.0,5643.0,5293.3,,4216900,0.76,,,,,
2026-03-25,1699,ＮＥＸＴ　ＦＵＮＤＳ　ＮＯＭＵＲＡ　原油インデックス連動型上場投信,578.8,602.1,541.2,450.5,,3783780,0.64,,,,,
2026-03-25,9502,中部電力,2617.0,2584.7,2537.9,2418.3,,3656400,1.39,,,,,
2026-03-25,1662,石油資源開発,2456.0,2553.0,2483.6,2106.2,,3183200,0.72,,,,,
2026-03-25,6356,日本ギア工業,1584.0,1659.6,1616.0,1158.4,,3071000,0.31,,,,,
2026-03-25,6378,木村化工機,1861.0,1699.0,1501.0,1364.7,,2968200,0.8,,,,,
2026-03-25,4422,ＶＡＬＵＥＮＥＸ,571.0,505.0,386.1,358.3,,2768800,5.4,,,,,
2026-03-25,6619,ダブル・スコープ,206.0,195.0,179.9,169.6,,2242500,0.83,,,,,
2026-03-25,8088,岩谷産業,2034.5,2041.9,1916.9,1850.6,,2206800,0.94,,,,,
2026-03-25,9115,明海グループ,1572.0,1364.6,952.9,785.3,,2133100,1.28,,,,,
2026-03-25,3840,パス,71.0,68.0,67.0,60.9,,1967300,0.26,,,,,
2026-03-25,9412,スカパーＪＳＡＴホールディングス,3095.0,2875.0,2868.6,2518.3,,1907900,1.08,,,,,
2026-03-25,4265,Ｉｎｓｔｉｔｕｔｉｏｎ　ｆｏｒ　ａ　Ｇｌｏｂａｌ　Ｓｏｃｉｅｔｙ,408.0,417.4,332.1,312.0,,1896200,1.5,,,,,
2026-03-25,9143,ＳＧホールディングス,1545.0,1538.9,1504.9,1496.1,,1735400,0.78,,,,,
2026-03-25,1671,ＷＴＩ原油価格連動型上場投信,4766.0,4987.8,4441.6,3583.3,,1732861,0.64,,,,,
2026-03-25,8628,松井証券,1006.0,975.8,954.4,918.0,,1678800,1.21,,,,,
2026-03-25,4591,リボミック,98.0,95.2,94.2,87.0,,1598300,0.26,,,,,
2026-03-25,5985,サンコール,1611.0,1760.2,1674.2,1236.8,,1594600,0.24,,,,,
2026-03-25,9535,広島ガス,416.0,395.0,384.8,377.0,,1385100,3.8,,,,,
2026-03-25,4385,メルカリ,3585.0,3516.4,3494.3,3342.4,,1339000,1.03,,,,,
2026-03-25,4578,大塚ホールディングス,10970.0,10779.0,10562.2,9809.8,,1284100,0.87,,,,,
2026-03-25,2038,ＮＥＸＴ　ＮＯＴＥＳ　ドバイ原油先物　ダブル・ブル　ＥＴＮ,2597.0,2830.4,2384.3,1805.0,,1209436,0.67,,,,,
2026-03-25,6770,アルプスアルパイン,2203.5,2187.5,2166.7,2092.6,,1154600,0.73,,,,,
2026-03-25,7747,朝日インテック,3349.0,3237.6,3221.3,2954.7,,1152300,1.11,,,,,
2026-03-25,2337,いちご,473.0,472.6,466.6,443.2,,1133700,0.75,,,,,
2026-03-25,6521,オキサイド,4565.0,4898.0,4165.8,2783.7,,1099400,0.65,,,,,
2026-03-25,8359,八十二長野銀行,2086.0,2010.9,1967.3,1930.5,,1079200,0.75,,,,,
2026-03-25,5844,京都フィナンシャルグループ,4403.0,4356.4,4090.8,3803.1,,1073400,0.59,,,,,
2026-03-25,9519,レノバ,796.0,778.2,739.7,714.8,,1056400,0.67,,,,,
2026-03-25,7731,ニコン,1958.0,1950.1,1947.8,1897.8,,1022100,0.81,,,,,
2026-03-25,9505,北陸電力,1066.0,1075.9,1061.3,1024.6,,993600,1.0,,,,,
2026-03-25,3563,ＦＯＯＤ　＆　ＬＩＦＥ　ＣＯＭＰＡＮＩＥＳ,10050.0,9711.4,9610.5,8984.9,,971600,0.88,,,,,
2026-03-25,6085,アーキテクツ・スタジオ・ジャパン,2854.0,2779.6,2732.2,1319.1,,970800,1.48,,,,,
2026-03-25,9513,電源開発,3900.0,3949.6,3821.3,3505.8,,923000,0.56,,,,,
2026-03-25,2269,明治ホールディングス,3950.0,3946.2,3936.6,3755.8,,886300,0.64,,,,,
2026-03-25,2267,ヤクルト本社,2600.0,2598.1,2597.3,2562.3,,882700,0.73,,,,,
2026-03-25,8141,新光商事,1231.0,1123.0,1092.7,1077.3,,879500,12.03,,,,,
2026-03-25,7922,三光産業,750.0,859.4,780.9,614.1,,861200,6.81,,,,,
2026-03-25,8381,山陰合同銀行,1726.0,1675.8,1658.0,1628.0,,785900,0.99,,,,,
2026-03-25,7412,アトム,621.0,637.0,629.8,602.5,,759900,2.16,,,,,
2026-03-25,8876,リログループ,1961.5,1938.1,1922.8,1826.4,,751800,1.1,,,,,
2026-03-25,3673,ブロードリーフ,1039.0,1005.6,860.1,746.4,,747400,0.91,,,,,
2026-03-25,3480,ジェイ・エス・ビー,4600.0,3742.0,3522.8,3423.1,,744700,19.37,,,,,
2026-03-25,7746,岡本硝子,1007.0,1041.6,1040.5,958.8,,720700,0.39,,,,,
2026-03-25,4091,日本酸素ホールディングス,5955.0,5979.8,5871.8,5307.0,,696300,0.75,,,,,
2026-03-25,8708,アイザワ証券グループ,1512.0,1495.2,1480.8,1449.6,,682700,3.88,,,,,
2026-03-25,4996,クミアイ化学工業,772.0,766.4,741.5,716.1,,671300,0.5,,,,,
2026-03-25,7162,アストマックス,230.0,221.2,218.5,216.9,,658000,10.51,,,,,
2026-03-25,8508,Ｊトラスト,566.0,551.2,546.8,508.7,,628400,0.83,,,,,
2026-03-25,2656,ベクターホールディングス,170.0,168.2,152.5,140.4,,625800,0.42,,,,,
2026-03-25,6787,メイコー,28470.0,26346.0,24209.0,16810.5,,610800,1.22,,,,,
2026-03-25,9044,南海電気鉄道,3078.0,3032.8,3025.3,3005.5,,603900,1.5,,,,,
2026-03-25,7771,日本精密,442.0,433.8,425.4,362.5,,603400,0.42,,,,,
2026-03-25,9507,四国電力,1743.0,1724.6,1693.4,1634.4,,587200,0.76,,,,,
2026-03-25,7616,コロワイド,1912.0,1918.0,1882.3,1821.7,,575600,1.5,,,,,
2026-03-25,9517,イーレックス,947.0,928.4,817.8,698.6,,560600,0.74,,,,,
2026-03-25,6838,多摩川ホールディングス,1380.0,1435.0,1126.7,884.5,,553500,0.65,,,,,
2026-03-25,6666,リバーエレテック,748.0,706.4,699.5,545.2,,546200,0.53,,,,,
2026-03-25,8715,アニコム　ホールディングス,1395.0,1340.6,1282.8,1136.2,,535300,1.02,,,,,
2026-03-26,6740,ジャパンディスプレイ,81.0,74.8,67.0,37.1,,189722000,0.77,,,,,
2026-03-26,8918,ランド,9.0,9.6,9.5,9.3,,186071000,0.85,,,,,
2026-03-26,9434,ソフトバンク,219.1,217.7,214.4,214.2,,68940000,0.9,,,,,
2026-03-26,4594,ブライトパス・バイオ,74.0,78.2,70.5,64.7,,32993700,2.76,,,,,
2026-03-26,8766,東京海上ホールディングス,7587.0,6838.0,6294.2,6095.2,,22606800,3.01,,,,,
2026-03-26,6197,ソラスト,1115.0,1018.2,995.2,927.5,,16894500,18.84,,,,,
2026-03-26,6522,アスタリスク,1441.0,1119.8,595.4,461.0,,14817300,3.57,,,,,
2026-03-26,5803,フジクラ,28115.0,26170.0,25907.0,21843.4,,12925700,1.17,,,,,
2026-03-26,3436,ＳＵＭＣＯ,1851.5,1706.3,1685.2,1610.2,,11258100,1.23,,,,,
2026-03-26,6613,ＱＤレーザ,1156.0,1355.4,1102.5,694.9,,9585600,0.59,,,,,
2026-03-26,5801,古河電気工業,32210.0,29723.0,28787.5,19368.0,,9578100,1.31,,,,,
2026-03-26,1605,ＩＮＰＥＸ,4687.0,4566.6,4254.4,3665.8,,9407200,0.73,,,,,
2026-03-26,6752,パナソニック　ホールディングス,2694.0,2597.1,2551.4,2351.6,,9350500,1.08,,,,,
2026-03-26,8058,三菱商事,5655.0,5461.2,5268.3,4596.8,,8646300,0.7,,,,,
2026-03-26,9104,商船三井,6862.0,6632.4,6221.3,5364.9,,6889100,0.88,,,,,
2026-03-26,4888,ステラファーマ,778.0,756.6,540.1,375.6,,6676500,1.0,,,,,
2026-03-26,8031,三井物産,6390.0,6182.8,5996.6,5412.5,,6481200,0.68,,,,,
2026-03-26,9107,川崎汽船,2693.5,2653.6,2639.6,2392.0,,5846000,0.6,,,,,
2026-03-26,3853,アステリア,1536.0,1344.2,1265.7,1206.0,,5512700,4.82,,,,,
2026-03-26,4503,アステラス製薬,2535.0,2460.4,2430.7,2334.0,,5184900,0.86,,,,,
2026-03-26,1662,石油資源開発,2594.0,2528.8,2499.6,2123.9,,4237100,0.96,,,,,
2026-03-26,5019,出光興産,1528.0,1472.6,1456.9,1353.7,,3660300,0.92,,,,,
2026-03-26,4502,武田薬品工業,5789.0,5723.4,5723.4,5415.6,,3651500,0.81,,,,,
2026-03-26,9101,日本郵船,5785.0,5809.6,5669.9,5307.0,,3604900,0.65,,,,,
2026-03-26,6963,ローム,3376.0,3239.6,3152.0,2730.7,,3571300,0.67,,,,,
2026-03-26,2914,日本たばこ産業,5983.0,5858.6,5817.8,5810.0,,3133600,0.74,,,,,
2026-03-26,6619,ダブル・スコープ,210.0,197.0,181.8,170.5,,2669000,1.0,,,,,
2026-03-26,1699,ＮＥＸＴ　ＦＵＮＤＳ　ＮＯＭＵＲＡ　原油インデックス連動型上場投信,596.0,604.2,549.0,454.0,,2059380,0.37,,,,,
2026-03-26,6378,木村化工機,1666.0,1715.4,1516.8,1372.1,,2015400,0.51,,,,,
2026-03-26,4422,ＶＡＬＵＥＮＥＸ,499.0,501.8,394.8,363.7,,1894800,2.41,,,,,
2026-03-26,9502,中部電力,2596.0,2566.6,2539.3,2422.3,,1794900,0.66,,,,,
2026-03-26,4265,Ｉｎｓｔｉｔｕｔｉｏｎ　ｆｏｒ　ａ　Ｇｌｏｂａｌ　Ｓｏｃｉｅｔｙ,385.0,402.4,337.9,313.4,,1645900,1.14,,,,,
2026-03-26,8088,岩谷産業,2042.0,2031.4,1921.2,1857.0,,1549200,0.63,,,,,
2026-03-26,9042,阪急阪神ホールディングス,4489.0,4314.2,4288.9,4275.9,,1545500,1.28,,,,,
2026-03-26,8628,松井証券,983.0,981.2,957.2,920.4,,1532900,1.04,,,,,
2026-03-26,4591,リボミック,95.0,95.2,94.8,87.3,,1521500,0.26,,,,,
2026-03-26,2656,ベクターホールディングス,179.0,170.0,153.9,141.1,,1411700,0.95,,,,,
2026-03-26,7747,朝日インテック,3279.0,3252.4,3222.2,2959.9,,1366600,1.29,,,,,
2026-03-26,9412,スカパーＪＳＡＴホールディングス,3070.0,2913.0,2882.2,2534.4,,1360900,0.74,,,,,
2026-03-26,8359,八十二長野銀行,2052.0,2016.4,1972.9,1936.3,,1268000,0.92,,,,,
2026-03-26,6770,アルプスアルパイン,2239.5,2180.4,2160.1,2097.1,,1220400,0.79,,,,,
2026-03-26,1671,ＷＴＩ原油価格連動型上場投信,4920.0,4997.0,4516.6,3615.7,,1158390,0.45,,,,,
2026-03-26,4385,メルカリ,3582.0,3520.8,3500.8,3350.7,,1155900,0.96,,,,,
2026-03-26,2267,ヤクルト本社,2641.0,2600.6,2600.1,2565.8,,1142100,0.97,,,,,
2026-03-26,3673,ブロードリーフ,957.0,998.2,874.0,750.2,,1106300,1.4,,,,,
2026-03-26,9143,ＳＧホールディングス,1540.5,1535.8,1505.7,1497.3,,1072900,0.5,,,,,
2026-03-26,9115,明海グループ,1473.0,1436.6,988.8,799.3,,1035600,0.56,,,,,
2026-03-26,4578,大塚ホールディングス,11090.0,10773.0,10597.2,9841.6,,1023400,0.71,,,,,
2026-03-26,5844,京都フィナンシャルグループ,4385.0,4353.4,4136.6,3818.9,,972700,0.54,,,,,
2026-03-26,7412,アトム,610.0,630.0,629.7,603.9,,971900,2.37,,,,,
2026-03-26,7375,リファインバースグループ,1387.0,1167.8,1029.3,913.2,,967800,4.17,,,,,
2026-03-26,9535,広島ガス,405.0,399.0,385.9,377.6,,912600,1.85,,,,,
2026-03-26,4974,タカラバイオ,1148.0,1147.2,1146.6,957.9,,898600,1.39,,,,,
2026-03-26,7741,ＨＯＹＡ,28090.0,27962.0,27931.8,26590.9,,888900,0.91,,,,,
2026-03-26,2038,ＮＥＸＴ　ＮＯＴＥＳ　ドバイ原油先物　ダブル・ブル　ＥＴＮ,2783.0,2866.8,2436.2,1828.0,,848739,0.5,,,,,
2026-03-26,8381,山陰合同銀行,1735.0,1676.2,1659.5,1632.2,,845600,1.12,,,,,
2026-03-26,9468,ＫＡＤＯＫＡＷＡ,3624.0,3429.0,3182.7,3153.6,,826900,1.04,,,,,
2026-03-26,6787,メイコー,28800.0,26812.0,24541.0,17101.7,,809400,1.61,,,,,
2026-03-26,7164,全国保証,3208.0,3167.8,3167.4,3146.8,,805800,1.81,,,,,
2026-03-26,9513,電源開発,3965.0,3922.4,3838.0,3520.1,,781400,0.48,,,,,
2026-03-26,3563,ＦＯＯＤ　＆　ＬＩＦＥ　ＣＯＭＰＡＮＩＥＳ,9899.0,9747.8,9621.1,9021.7,,770700,0.76,,,,,
2026-03-26,9130,共栄タンカー,2400.0,2269.8,1920.2,1400.7,,770200,0.25,,,,,
2026-03-26,4676,フジ・メディア・ホールディングス,4091.0,3965.8,3755.8,3751.1,,763600,0.89,,,,,
2026-03-26,8346,東邦銀行,676.0,662.0,661.1,636.6,,762600,0.78,,,,,
2026-03-26,9507,四国電力,1772.0,1722.2,1695.8,1638.3,,721500,0.98,,,,,
2026-03-26,9044,南海電気鉄道,3109.0,3046.8,3027.2,3008.2,,712600,1.65,,,,,
2026-03-26,7616,コロワイド,1909.5,1913.9,1885.4,1824.8,,708900,1.76,,,,,
2026-03-26,8141,新光商事,1185.0,1139.8,1097.5,1079.6,,706800,4.55,,,,,
2026-03-26,6838,多摩川ホールディングス,1314.0,1364.0,1140.9,894.8,,704400,0.79,,,,,
2026-03-26,6508,明電舎,8350.0,7868.0,7552.0,6767.8,,693500,2.47,,,,,
2026-03-26,9505,北陸電力,1082.5,1065.5,1062.0,1026.4,,691000,0.69,,,,,
2026-03-26,9519,レノバ,777.0,767.8,744.1,716.8,,690400,0.43,,,,,
2026-03-26,9478,ＳＥホールディングス・アンド・インキュベーションズ,501.0,486.8,476.7,447.1,,684900,15.47,,,,,
2026-03-26,8876,リログループ,1973.5,1936.3,1927.5,1830.4,,683800,0.98,,,,,
2026-03-26,4098,チタン工業,1223.0,1111.0,1092.5,1084.3,,657800,10.27,,,,,
2026-03-26,6521,オキサイド,4450.0,4770.0,4238.0,2832.8,,617600,0.39,,,,,
2026-03-26,8622,水戸証券,730.0,720.6,703.4,632.4,,616700,1.2,,,,,
2026-03-26,8508,Ｊトラスト,555.0,549.2,548.5,510.0,,608500,0.92,,,,,
2026-03-26,8708,アイザワ証券グループ,1507.0,1493.6,1480.4,1451.4,,599000,2.58,,,,,
2026-03-26,6363,酉島製作所,2948.0,2724.6,2644.9,2372.7,,589700,2.97,,,,,
2026-03-26,7771,日本精密,415.0,424.8,422.9,367.9,,585000,0.54,,,,,
2026-03-26,2222,寿スピリッツ,1968.0,1947.3,1929.5,1900.8,,546900,0.99,,,,,
2026-03-26,4031,片倉コープアグリ,1372.0,1214.8,1138.5,1028.9,,535200,1.44,,,,,
2026-03-26,4512,わかもと製薬,364.0,351.4,339.4,320.6,,531400,2.95,,,,,
2026-03-26,2193,クックパッド,159.0,158.0,150.1,150.1,,501400,0.88,,,,,
2026-03-27,8918,ランド,10.0,9.6,9.5,9.3,,169917000,0.78,,,,,
2026-03-27,9434,ソフトバンク,218.5,218.3,214.8,214.2,,125462200,1.69,,,,,
2026-03-27,6740,ジャパンディスプレイ,77.0,71.2,69.6,38.0,,63505800,0.32,,,,,
2026-03-27,4594,ブライトパス・バイオ,78.0,79.4,71.3,65.2,,15814400,1.13,,,,,
2026-03-27,8058,三菱商事,5762.0,5534.2,5298.4,4634.3,,15552800,1.26,,,,,
2026-03-27,1605,ＩＮＰＥＸ,4900.0,4606.6,4315.1,3694.6,,15318800,1.18,,,,,
2026-03-27,8766,東京海上ホールディングス,7511.0,7133.8,6345.7,6123.8,,12118700,1.3,,,,,
2026-03-27,5803,フジクラ,27630.0,26630.0,25915.2,22002.8,,11990600,1.06,,,,,
2026-03-27,6613,ＱＤレーザ,1171.0,1280.4,1123.7,709.3,,10874200,0.68,,,,,
2026-03-27,8031,三井物産,6540.0,6240.8,6038.2,5445.8,,10752100,1.12,,,,,
2026-03-27,6522,アスタリスク,1500.0,1249.0,649.0,480.2,,10605900,1.88,,,,,
2026-03-27,5801,古河電気工業,30890.0,30021.0,28931.8,19713.5,,10524900,1.4,,,,,
2026-03-27,3436,ＳＵＭＣＯ,1850.5,1739.9,1689.8,1618.2,,9878200,1.05,,,,,
2026-03-27,6752,パナソニック　ホールディングス,2667.5,2610.5,2558.6,2361.7,,9725700,1.13,,,,,
2026-03-27,4503,アステラス製薬,2609.5,2505.9,2434.8,2342.6,,8457200,1.44,,,,,
2026-03-27,4888,ステラファーマ,881.0,811.8,563.0,386.9,,7314000,1.01,,,,,
2026-03-27,9104,商船三井,7022.0,6641.6,6287.9,5405.6,,6052600,0.75,,,,,
2026-03-27,4502,武田薬品工業,5840.0,5737.8,5728.8,5432.0,,5940800,1.3,,,,,
2026-03-27,6963,ローム,3237.0,3244.4,3173.8,2748.0,,5705800,1.15,,,,,
2026-03-27,9101,日本郵船,5896.0,5760.8,5695.7,5322.0,,4586900,0.87,,,,,
2026-03-27,8334,群馬銀行,2282.0,2140.9,2127.4,2028.1,,4471700,3.91,,,,,
2026-03-27,2914,日本たばこ産業,5978.0,5884.8,5816.2,5813.4,,4406600,1.04,,,,,
2026-03-27,6197,ソラスト,1114.0,1043.6,1004.0,932.4,,4384100,1.79,,,,,
2026-03-27,5019,出光興産,1553.5,1487.5,1464.3,1360.0,,4338200,1.07,,,,,
2026-03-27,6619,ダブル・スコープ,220.0,203.2,184.2,171.6,,4250800,1.58,,,,,
2026-03-27,1662,石油資源開発,2664.0,2543.4,2520.6,2142.7,,3863000,0.84,,,,,
2026-03-27,9602,東宝,1652.5,1616.7,1590.8,1588.5,,3141600,1.17,,,,,
2026-03-27,3853,アステリア,1572.0,1407.2,1283.6,1216.4,,2979300,1.81,,,,,
2026-03-27,8630,ＳＯＭＰＯホールディングス,6140.0,5941.4,5917.0,5737.5,,2849600,1.14,,,,,
2026-03-27,9042,阪急阪神ホールディングス,4579.0,4400.0,4292.9,4287.7,,2826800,2.24,,,,,
2026-03-27,4528,小野薬品工業,2549.0,2444.6,2441.0,2392.4,,2683500,1.08,,,,,
2026-03-27,8835,太平洋興発,1102.0,991.4,916.5,894.1,,2670100,16.69,,,,,
2026-03-27,2656,ベクターホールディングス,185.0,173.6,155.8,142.0,,2603200,1.61,,,,,
2026-03-27,4385,メルカリ,3764.0,3574.4,3508.7,3362.1,,2536200,2.19,,,,,
2026-03-27,9143,ＳＧホールディングス,1522.0,1525.4,1502.8,1498.8,,2476300,1.22,,,,,
2026-03-27,9502,中部電力,2636.5,2579.8,2541.5,2426.3,,2424500,0.88,,,,,
2026-03-27,8282,ケーズホールディングス,1696.0,1657.5,1646.3,1641.9,,2219300,3.58,,,,,
2026-03-27,8628,松井証券,987.0,983.0,959.9,922.8,,2133100,1.39,,,,,
2026-03-27,9513,電源開発,4207.0,3962.4,3865.5,3538.1,,2068900,1.32,,,,,
2026-03-27,8359,八十二長野銀行,2059.0,2036.2,1976.5,1942.5,,1863700,1.34,,,,,
2026-03-27,9044,南海電気鉄道,3151.0,3075.4,3030.8,3011.3,,1760000,3.67,,,,,
2026-03-27,1699,ＮＥＸＴ　ＦＵＮＤＳ　ＮＯＭＵＲＡ　原油インデックス連動型上場投信,605.7,600.8,557.4,457.7,,1678140,0.33,,,,,
2026-03-27,7375,リファインバースグループ,1219.0,1193.0,1044.2,920.0,,1674600,5.12,,,,,
2026-03-27,4578,大塚ホールディングス,11400.0,10909.0,10647.5,9879.9,,1646700,1.21,,,,,
2026-03-27,5844,京都フィナンシャルグループ,4477.0,4369.6,4183.5,3836.1,,1600600,0.87,,,,,
2026-03-27,6674,ジーエス・ユアサ　コーポレーション,5411.0,5136.4,5107.4,4432.8,,1586800,1.34,,,,,
2026-03-27,8088,岩谷産業,2066.5,2043.1,1925.8,1863.9,,1568400,0.62,,,,,
2026-03-27,2267,ヤクルト本社,2670.5,2618.4,2604.8,2569.7,,1566500,1.31,,,,,
2026-03-27,4031,片倉コープアグリ,1580.0,1305.8,1166.5,1040.7,,1449900,3.49,,,,,
2026-03-27,9468,ＫＡＤＯＫＡＷＡ,3825.0,3566.8,3230.3,3165.2,,1427600,1.69,,,,,
2026-03-27,2193,クックパッド,145.0,156.6,150.1,150.0,,1421800,2.46,,,,,
2026-03-27,7762,シチズン時計,1778.0,1739.6,1724.5,1538.2,,1387800,1.21,,,,,
2026-03-27,7741,ＨＯＹＡ,27280.0,27858.0,27835.5,26651.3,,1324700,1.34,,,,,
2026-03-27,4676,フジ・メディア・ホールディングス,4170.0,4028.0,3791.8,3762.3,,1319500,1.51,,,,,
2026-03-27,3563,ＦＯＯＤ　＆　ＬＩＦＥ　ＣＯＭＰＡＮＩＥＳ,9753.0,9796.4,9623.8,9055.3,,1297500,1.35,,,,,
2026-03-27,9412,スカパーＪＳＡＴホールディングス,3050.0,2963.0,2894.5,2550.0,,1231400,0.65,,,,,
2026-03-27,9519,レノバ,801.0,776.4,748.7,718.8,,1214900,0.78,,,,,
2026-03-27,3397,トリドールホールディングス,4363.0,4354.6,4282.6,4258.8,,1214200,4.22,,,,,
2026-03-27,7747,朝日インテック,3355.0,3292.6,3230.0,2966.7,,1213500,1.09,,,,,
2026-03-27,8522,名古屋銀行,6340.0,5580.0,5501.5,5194.6,,1207200,7.71,,,,,
2026-03-27,6770,アルプスアルパイン,2228.0,2183.4,2154.5,2101.4,,1175700,0.75,,,,,
2026-03-27,9072,ニッコンホールディングス,5279.0,4589.6,4143.2,3826.1,,1153800,2.92,,,,,
2026-03-27,7616,コロワイド,1963.5,1924.2,1891.2,1828.7,,1145500,2.75,,,,,
2026-03-27,1671,ＷＴＩ原油価格連動型上場投信,4998.0,4966.6,4595.8,3649.1,,1136915,0.48,,,,,
2026-03-27,2222,寿スピリッツ,1965.0,1948.5,1930.6,1902.2,,1118400,1.96,,,,,
2026-03-27,7731,ニコン,1968.0,1952.0,1946.7,1905.6,,1113700,0.91,,,,,
2026-03-27,8381,山陰合同銀行,1774.0,1703.2,1661.5,1637.3,,1105700,1.47,,,,,
2026-03-27,9505,北陸電力,1107.0,1069.3,1063.4,1028.6,,1087800,1.09,,,,,
2026-03-27,2038,ＮＥＸＴ　ＮＯＴＥＳ　ドバイ原油先物　ダブル・ブル　ＥＴＮ,2817.0,2830.6,2488.8,1851.5,,1044637,0.62,,,,,
2026-03-27,8622,水戸証券,725.0,719.0,706.9,635.4,,1030800,1.95,,,,,
2026-03-27,7164,全国保証,3208.0,3176.6,3167.3,3148.5,,1022200,2.1,,,,,
2026-03-27,6378,木村化工機,1638.0,1707.6,1528.0,1379.0,,985700,0.24,,,,,
2026-03-27,8346,東邦銀行,678.0,665.4,659.7,639.0,,966200,0.99,,,,,
2026-03-27,4091,日本酸素ホールディングス,5875.0,5892.0,5880.6,5345.7,,960400,1.02,,,,,
2026-03-27,9517,イーレックス,932.0,920.8,842.2,709.3,,938100,1.25,,,,,
2026-03-27,9507,四国電力,1791.0,1736.1,1698.9,1642.6,,904100,1.22,,,,,
2026-03-27,4265,Ｉｎｓｔｉｔｕｔｉｏｎ　ｆｏｒ　ａ　Ｇｌｏｂａｌ　Ｓｏｃｉｅｔｙ,404.0,396.2,344.9,315.1,,903300,0.57,,,,,
2026-03-27,8708,アイザワ証券グループ,1492.0,1496.0,1479.8,1453.0,,894700,3.24,,,,,
2026-03-27,9031,西日本鉄道,3129.0,3083.6,3062.2,2988.3,,867600,3.05,,,,,
2026-03-27,6363,酉島製作所,3125.0,2816.6,2670.4,2391.9,,862700,3.58,,,,,
2026-03-27,2620,ｉシェアーズ　米国債１－３年　ＥＴＦ,370.8,370.3,369.6,365.7,,832190,2.09,,,,,
2026-03-27,3673,ブロードリーフ,952.0,990.0,886.0,753.9,,807400,0.98,,,,,
2026-03-27,6890,フェローテック,6500.0,6210.0,6207.5,6014.2,,801600,1.75,,,,,
2026-03-27,4890,坪田ラボ,331.0,347.2,336.8,319.9,,785000,0.25,,,,,
2026-03-27,8358,スルガ銀行,2068.0,1990.6,1959.2,1949.7,,757900,1.11,,,,,
2026-03-27,4061,デンカ,3594.0,3411.4,3401.7,3161.8,,741000,0.76,,,,,
2026-03-27,2702,日本マクドナルドホールディングス,8360.0,8060.0,7811.0,7114.7,,713300,1.91,,,,,
2026-03-27,2012,ｉシェアーズ　米国債０－３ヶ月　ＥＴＦ,239.3,238.7,237.2,234.1,,709400,2.47,,,,,
2026-03-27,4422,ＶＡＬＵＥＮＥＸ,486.0,504.0,402.8,369.0,,657500,0.68,,,,,
2026-03-27,4996,クミアイ化学工業,790.0,766.2,748.0,718.9,,651900,0.49,,,,,
2026-03-27,8163,ＳＲＳホールディングス,1294.0,1276.2,1257.7,1250.4,,624900,5.57,,,,,
2026-03-27,8715,アニコム　ホールディングス,1400.0,1353.2,1302.2,1150.3,,598600,1.17,,,,,
2026-03-27,8876,リログループ,1967.5,1937.8,1930.0,1834.4,,583300,0.83,,,,,
2026-03-27,9115,明海グループ,1400.0,1463.2,1020.6,811.8,,581600,0.3,,,,,
2026-03-27,6787,メイコー,28590.0,27488.0,24873.0,17392.0,,580400,1.09,,,,,
2026-03-27,1711,ＳＤＳホールディングス,308.0,295.6,292.5,271.8,,567700,2.21,,,,,
2026-03-27,8242,エイチ・ツー・オー　リテイリング,2466.5,2393.2,2338.6,2266.6,,513900,1.5,,,,,
2026-03-27,3113,ＵＮＩＶＡ・Ｏａｋホールディングス,85.0,81.2,75.8,73.5,,513100,0.17,,,,,
2026-03-30,8918,ランド,9.0,9.6,9.5,9.3,,183947400,0.87,,,,,
2026-03-30,9434,ソフトバンク,212.9,217.6,214.8,214.2,,100754500,1.28,,,,,
2026-03-30,6740,ジャパンディスプレイ,81.0,74.4,72.2,39.0,,62239900,0.35,,,,,
2026-03-30,5803,フジクラ,4505.0,4528.3,4321.4,3693.3,,43818400,0.65,,,,,
2026-03-30,1605,ＩＮＰＥＸ,4892.0,4688.4,4369.7,3723.5,,20046600,1.51,,,,,
2026-03-30,8058,三菱商事,5669.0,5613.6,5317.3,4670.1,,17194400,1.33,,,,,
2026-03-30,8031,三井物産,6289.0,6323.8,6059.1,5474.4,,15370000,1.54,,,,,
2026-03-30,5020,ＥＮＥＯＳホールディングス,1436.5,1399.1,1384.6,1327.7,,14625700,1.47,,,,,
2026-03-30,6752,パナソニック　ホールディングス,2600.0,2629.4,2561.7,2369.9,,10835700,1.25,,,,,
2026-03-30,6613,ＱＤレーザ,1295.0,1279.4,1150.2,725.6,,10056300,0.59,,,,,
2026-03-30,8766,東京海上ホールディングス,7268.0,7416.0,6382.7,6148.4,,9675400,0.97,,,,,
2026-03-30,5801,古河電気工業,30950.0,30675.0,29074.2,20060.3,,9232600,1.18,,,,,
2026-03-30,3436,ＳＵＭＣＯ,1782.0,1777.1,1687.5,1624.0,,8973200,0.97,,,,,
2026-03-30,6197,ソラスト,1115.0,1080.4,1012.2,937.1,,8262400,2.97,,,,,
2026-03-30,9107,川崎汽船,2656.0,2667.2,2660.1,2410.9,,7528500,0.77,,,,,
2026-03-30,4503,アステラス製薬,2558.5,2545.4,2432.7,2350.3,,7189900,1.18,,,,,
2026-03-30,1963,日揮ホールディングス,2246.5,2193.8,2186.9,2172.2,,6952600,2.95,,,,,
2026-03-30,4594,ブライトパス・バイオ,75.0,80.8,71.8,65.7,,6575400,0.45,,,,,
2026-03-30,4502,武田薬品工業,5713.0,5765.0,5723.5,5446.2,,6439900,1.35,,,,,
2026-03-30,8002,丸紅,5763.0,5628.2,5537.6,5363.6,,6126300,1.08,,,,,
2026-03-30,2914,日本たばこ産業,6056.0,5957.4,5819.6,5818.2,,6053200,1.42,,,,,
2026-03-30,5019,出光興産,1557.5,1517.5,1467.7,1366.3,,5656900,1.36,,,,,
2026-03-30,4062,イビデン,7776.0,8163.6,8102.9,8053.1,,5276700,0.96,,,,,
2026-03-30,9104,商船三井,6763.0,6717.8,6336.1,5442.1,,5120000,0.62,,,,,
2026-03-30,8725,ＭＳ＆ＡＤインシュアランスグループホールディングス,4021.0,4121.0,4083.1,4045.0,,4884300,1.11,,,,,
2026-03-30,9101,日本郵船,5721.0,5762.2,5713.3,5334.1,,4709800,0.89,,,,,
2026-03-30,1662,石油資源開発,2694.0,2585.6,2536.1,2161.9,,4625100,1.01,,,,,
2026-03-30,6072,地盤ネットホールディングス,1007.0,982.2,975.2,605.3,,4213100,1.73,,,,,
2026-03-30,9519,レノバ,876.0,799.6,755.5,721.9,,4193200,2.65,,,,,
2026-03-30,6522,アスタリスク,1463.0,1340.8,701.3,498.8,,3980300,0.6,,,,,
2026-03-30,9503,関西電力,2646.0,2620.9,2578.9,2573.2,,3886400,1.09,,,,,
2026-03-30,9602,東宝,1650.5,1627.1,1595.0,1588.7,,3831500,1.43,,,,,
2026-03-30,6963,ローム,3125.0,3249.0,3186.3,2762.8,,3818400,0.75,,,,,
2026-03-30,4507,塩野義製薬,3492.0,3444.8,3435.5,3282.7,,3560100,1.23,,,,,
2026-03-30,8835,太平洋興発,1262.0,1050.8,934.9,901.7,,3512400,8.31,,,,,
2026-03-30,4888,ステラファーマ,756.0,822.0,577.9,396.0,,3323700,0.42,,,,,
2026-03-30,2267,ヤクルト本社,2659.0,2633.2,2607.0,2573.2,,3285100,2.71,,,,,
2026-03-30,9513,電源開発,4331.0,4052.0,3895.6,3558.0,,3218200,1.97,,,,,
2026-03-30,9502,中部電力,2635.5,2603.4,2541.4,2429.9,,3128900,1.15,,,,,
2026-03-30,4911,資生堂,3174.0,3088.9,3052.7,2855.0,,3087000,1.3,,,,,
2026-03-30,7167,めぶきフィナンシャルグループ,1213.0,1232.8,1216.3,1199.5,,3077200,1.32,,,,,
2026-03-30,8630,ＳＯＭＰＯホールディングス,5968.0,6006.8,5903.1,5748.0,,3065000,1.19,,,,,
2026-03-30,6619,ダブル・スコープ,221.0,210.0,186.3,172.7,,2862700,0.97,,,,,
2026-03-30,9517,イーレックス,1060.0,953.0,858.4,716.5,,2750400,3.5,,,,,
2026-03-30,7731,ニコン,1900.0,1947.0,1941.8,1908.4,,2479900,2.05,,,,,
2026-03-30,8366,滋賀銀行,1823.0,1824.6,1740.4,1671.9,,2418900,2.61,,,,,
2026-03-30,4917,マンダム,3080.0,3084.0,3083.8,3066.1,,2387100,41.39,,,,,
2026-03-30,1671,ＷＴＩ原油価格連動型上場投信,5253.0,4956.0,4687.4,3686.8,,2090715,1.07,,,,,
2026-03-30,7375,リファインバースグループ,1379.0,1233.6,1065.5,929.5,,2085800,4.28,,,,,
2026-03-30,4528,小野薬品工業,2517.0,2481.6,2433.1,2398.1,,2025700,0.84,,,,,
2026-03-30,8334,群馬銀行,2170.0,2167.7,2122.8,2035.5,,1911100,1.28,,,,,
2026-03-30,4385,メルカリ,3704.0,3634.6,3510.1,3370.7,,1842800,1.43,,,,,
2026-03-30,5393,ニチアス,2840.0,2950.8,2931.8,2732.4,,1771400,2.39,,,,,
2026-03-30,8088,岩谷産業,2071.5,2060.8,1926.4,1870.8,,1766500,0.7,,,,,
2026-03-30,6674,ジーエス・ユアサ　コーポレーション,5391.0,5241.8,5099.0,4459.2,,1693600,1.36,,,,,
2026-03-30,3853,アステリア,1480.0,1469.2,1294.9,1225.0,,1688800,0.89,,,,,
2026-03-30,8359,八十二長野銀行,1951.0,2035.7,1970.0,1947.0,,1672100,1.19,,,,,
2026-03-30,8628,松井証券,951.0,980.2,959.6,924.4,,1634800,1.0,,,,,
2026-03-30,1699,ＮＥＸＴ　ＦＵＮＤＳ　ＮＯＭＵＲＡ　原油インデックス連動型上場投信,620.1,597.3,566.4,461.5,,1609000,0.37,,,,,
2026-03-30,9044,南海電気鉄道,3140.0,3102.4,3032.0,3013.8,,1558200,2.51,,,,,
2026-03-30,4031,片倉コープアグリ,1770.0,1421.8,1204.5,1055.1,,1525700,3.07,,,,,
2026-03-30,4578,大塚ホールディングス,11245.0,11063.0,10674.2,9915.5,,1482300,1.11,,,,,
2026-03-30,7616,コロワイド,1849.5,1913.3,1889.9,1830.2,,1436500,2.89,,,,,
2026-03-30,9412,スカパーＪＳＡＴホールディングス,2926.0,3001.8,2897.3,2564.6,,1426100,0.77,,,,,
2026-03-30,3563,ＦＯＯＤ　＆　ＬＩＦＥ　ＣＯＭＰＡＮＩＥＳ,9463.0,9803.2,9593.6,9083.2,,1375500,1.45,,,,,
2026-03-30,5844,京都フィナンシャルグループ,4210.0,4352.8,4200.1,3849.0,,1326400,0.95,,,,,
2026-03-30,7747,朝日インテック,3288.0,3310.6,3226.1,2972.5,,1288900,1.16,,,,,
2026-03-30,9532,大阪瓦斯,6469.0,6404.8,6384.8,6098.8,,1282900,1.01,,,,,
2026-03-30,4523,エーザイ,4880.0,4888.8,4864.6,4760.5,,1250700,1.18,,,,,
2026-03-30,8012,長瀬産業,1151.5,1172.0,1149.7,1095.7,,1243900,0.97,,,,,
2026-03-30,7741,ＨＯＹＡ,27025.0,27810.0,27773.5,26707.2,,1241800,1.21,,,,,
2026-03-30,4974,タカラバイオ,1148.0,1147.6,1146.7,969.4,,1232100,1.82,,,,,
2026-03-30,7389,あいちフィナンシャルグループ,1422.0,1366.8,1251.4,1163.6,,1227000,1.42,,,,,
2026-03-30,8282,ケーズホールディングス,1669.0,1671.2,1644.0,1642.7,,1138400,1.44,,,,,
2026-03-30,2038,ＮＥＸＴ　ＮＯＴＥＳ　ドバイ原油先物　ダブル・ブル　ＥＴＮ,2927.0,2769.8,2546.5,1877.1,,1132856,0.73,,,,,
2026-03-30,4978,リプロセル,178.0,177.2,176.3,167.0,,1117500,1.24,,,,,
2026-03-30,6770,アルプスアルパイン,2138.5,2191.0,2144.2,2104.1,,1070900,0.7,,,,,
2026-03-30,7762,シチズン時計,1700.0,1752.4,1713.8,1545.3,,1065600,0.88,,,,,
2026-03-30,8346,東邦銀行,660.0,671.8,656.4,641.2,,1059300,1.12,,,,,
2026-03-30,9212,Ｇｒｅｅｎ　Ｅａｒｔｈ　Ｉｎｓｔｉｔｕｔｅ,421.0,403.0,394.7,392.8,,1052800,2.2,,,,,
2026-03-30,3840,パス,73.0,69.6,69.6,61.6,,1052700,0.47,,,,,
2026-03-30,8381,山陰合同銀行,1749.0,1730.4,1660.5,1642.0,,1013200,1.32,,,,,
2026-03-30,6363,酉島製作所,3115.0,2921.8,2693.2,2410.4,,1003100,3.26,,,,,
2026-03-30,8020,兼松,2256.0,2276.0,2264.7,2138.8,,981200,1.3,,,,,
2026-03-30,1407,ウエストホールディングス,1792.0,1749.4,1726.2,1655.4,,979000,1.14,,,,,
2026-03-30,8086,ニプロ,1573.0,1549.1,1532.2,1498.6,,952900,1.24,,,,,
2026-03-30,3197,すかいらーくホールディングス,3442.0,3435.8,3427.3,3398.7,,947500,1.23,,,,,
2026-03-30,4676,フジ・メディア・ホールディングス,4038.0,4054.0,3814.6,3768.2,,942500,1.02,,,,,
2026-03-30,9115,明海グループ,1530.0,1473.2,1058.5,826.5,,941800,0.49,,,,,
2026-03-30,2002,日清製粉グループ本社,2085.5,2087.6,2083.9,2049.3,,940600,1.07,,,,,
2026-03-30,9505,北陸電力,1088.0,1079.5,1062.5,1030.3,,921300,0.91,,,,,
2026-03-30,5021,コスモエネルギーホールディングス,4534.0,4546.4,4541.6,4538.8,,912100,0.92,,,,,
2026-03-30,9468,ＫＡＤＯＫＡＷＡ,3638.0,3615.0,3267.4,3173.1,,866200,0.92,,,,,
2026-03-30,8368,百五銀行,1522.0,1536.8,1535.3,1451.9,,825000,1.08,,,,,
2026-03-30,2222,寿スピリッツ,1853.5,1937.3,1923.9,1902.0,,818300,1.33,,,,,
2026-03-30,8367,南都銀行,1452.0,1465.2,1440.4,1388.0,,815300,1.56,,,,,
2026-03-30,4061,デンカ,3529.0,3479.2,3394.2,3174.7,,811500,0.86,,,,,
2026-03-30,2620,ｉシェアーズ　米国債１－３年　ＥＴＦ,371.7,370.5,369.9,365.9,,805790,1.97,,,,,
2026-03-30,4091,日本酸素ホールディングス,5814.0,5890.6,5871.6,5363.6,,800800,0.82,,,,,
2026-03-30,8341,七十七銀行,3064.0,3112.3,3045.0,2957.6,,745700,0.74,,,,,
2026-03-30,8508,Ｊトラスト,534.0,549.2,548.9,512.2,,740800,1.4,,,,,
2026-03-30,7164,全国保証,3111.0,3176.0,3162.1,3148.4,,739500,1.35,,,,,
2026-03-30,6890,フェローテック,6600.0,6382.0,6220.0,6041.5,,720400,1.51,,,,,
2026-03-30,5334,日本特殊陶業,7329.0,7610.6,7568.2,7234.9,,711500,0.91,,,,,
2026-03-30,2012,ｉシェアーズ　米国債０－３ヶ月　ＥＴＦ,239.5,238.8,237.5,234.2,,706990,2.1,,,,,
2026-03-30,8622,水戸証券,684.0,716.0,706.9,637.7,,699000,1.24,,,,,
2026-03-30,4996,クミアイ化学工業,794.0,778.0,751.0,720.3,,696500,0.55,,,,,
2026-03-30,2656,ベクターホールディングス,185.0,177.0,157.8,143.0,,693800,0.37,,,,,
2026-03-30,7322,三十三フィナンシャルグループ,1474.0,1518.8,1506.2,1378.5,,693600,1.57,,,,,
2026-03-30,8377,ほくほくフィナンシャルグループ,5966.0,5920.4,5849.1,5610.5,,693400,1.19,,,,,
2026-03-30,4422,ＶＡＬＵＥＮＥＸ,480.0,511.6,409.8,374.1,,690700,0.67,,,,,
2026-03-30,9072,ニッコンホールディングス,4870.0,4754.2,4189.2,3849.7,,688800,1.47,,,,,
2026-03-30,6378,木村化工機,1607.0,1700.2,1534.2,1385.4,,687400,0.17,,,,,
2026-03-30,8354,ふくおかフィナンシャルグループ,5992.0,6154.6,6140.0,6036.8,,680900,1.06,,,,,
2026-03-30,1663,Ｋ＆Ｏエナジーグループ,5660.0,5292.0,5243.0,4673.3,,674300,3.49,,,,,
2026-03-30,6787,メイコー,27420.0,27800.0,25146.0,17665.2,,650200,1.19,,,,,
2026-03-30,9031,西日本鉄道,3056.0,3095.8,3052.3,2992.1,,642000,1.86,,,,,
2026-03-30,8708,アイザワ証券グループ,1409.0,1490.8,1472.8,1453.0,,640900,1.85,,,,,
2026-03-30,3673,ブロードリーフ,912.0,974.0,895.6,756.8,,634200,0.79,,,,,
2026-03-30,8876,リログループ,1905.0,1943.8,1929.0,1837.1,,621000,0.92,,,,,
2026-03-30,8715,アニコム　ホールディングス,1390.0,1376.6,1310.2,1156.7,,617600,1.17,,,,,
2026-03-30,3397,トリドールホールディングス,4305.0,4352.6,4284.9,4260.0,,607000,1.58,,,,,
2026-03-30,9507,四国電力,1759.5,1754.3,1698.4,1646.1,,606500,0.79,,,,,
2026-03-30,3104,富士紡ホールディングス,3625.0,3620.3,3508.2,3256.5,,582300,2.06,,,,,
2026-03-30,8393,宮崎銀行,1824.0,1890.4,1814.2,1681.8,,562300,1.42,,,,,
2026-03-30,8336,武蔵野銀行,2066.0,2107.2,2052.1,1943.2,,550200,1.39,,,,,
2026-03-30,8522,名古屋銀行,5890.0,5726.0,5499.5,5219.8,,530600,2.09,,,,,
2026-03-30,2702,日本マクドナルドホールディングス,8430.0,8182.0,7861.0,7146.5,,510300,1.25,,,,,
2026-03-30,6085,アーキテクツ・スタジオ・ジャパン,3170.0,2941.6,2924.7,1461.8,,509200,0.69,,,,,
2026-03-30,1629,ＮＥＸＴ　ＦＵＮＤＳ　商社・卸売（ＴＯＰＩＸ－１７）上場投信,283.8,283.3,278.1,264.0,,506020,0.31,,,,,
2026-03-31,9434,ソフトバンク,211.1,216.4,214.7,214.1,,115874500,1.43,,,,,
2026-03-31,5803,フジクラ,4090.0,4493.0,4289.0,3713.8,,58825600,0.96,,,,,
2026-03-31,4597,ソレイジア・ファーマ,31.0,32.2,32.0,30.8,,43209400,0.99,,,,,
2026-03-31,6740,ジャパンディスプレイ,72.0,76.4,74.4,39.9,,41210800,0.25,,,,,
2026-03-31,5801,古河電気工業,28785.0,30815.0,29022.5,20375.3,,17267800,2.21,,,,,
2026-03-31,8058,三菱商事,5317.0,5591.8,5316.9,4699.9,,17203300,1.29,,,,,
2026-03-31,5020,ＥＮＥＯＳホールディングス,1410.5,1411.9,1377.9,1332.9,,17172900,1.63,,,,,
2026-03-31,1605,ＩＮＰＥＸ,4678.0,4720.2,4402.0,3749.1,,15010400,1.08,,,,,
2026-03-31,9433,ＫＤＤＩ,2723.5,2714.2,2677.1,2674.2,,13739500,1.57,,,,,
2026-03-31,6752,パナソニック　ホールディングス,2585.5,2635.4,2561.4,2378.1,,12089700,1.34,,,,,
2026-03-31,3436,ＳＵＭＣＯ,1659.5,1781.1,1681.3,1627.7,,11636700,1.28,,,,,
2026-03-31,8031,三井物産,5959.0,6286.2,6055.0,5497.7,,10586600,1.0,,,,,
2026-03-31,8766,東京海上ホールディングス,7308.0,7506.2,6430.1,6173.5,,10584100,1.02,,,,,
2026-03-31,6613,ＱＤレーザ,1216.0,1244.0,1172.1,740.6,,9110900,0.6,,,,,
2026-03-31,7859,アルメディオ,304.0,257.8,256.6,212.9,,8449300,20.4,,,,,
2026-03-31,4594,ブライトパス・バイオ,69.0,78.4,72.0,66.1,,8069000,0.55,,,,,
2026-03-31,9107,川崎汽船,2639.0,2678.5,2659.0,2418.9,,7774600,0.78,,,,,
2026-03-31,4503,アステラス製薬,2519.0,2552.1,2434.4,2357.3,,6848200,1.1,,,,,
2026-03-31,2802,味の素,4397.0,4473.8,4451.8,4080.7,,6641200,1.85,,,,,
2026-03-31,8002,丸紅,5618.0,5680.6,5522.3,5385.1,,6582100,1.24,,,,,
2026-03-31,8835,太平洋興発,1150.0,1095.0,947.5,907.5,,6215300,8.24,,,,,
2026-03-31,4502,武田薬品工業,5664.0,5765.2,5717.0,5459.4,,5766200,1.15,,,,,
2026-03-31,9104,商船三井,6496.0,6735.0,6358.5,5473.3,,5733700,0.69,,,,,
2026-03-31,6963,ローム,3053.0,3225.6,3193.9,2776.1,,5642900,1.23,,,,,
2026-03-31,5019,出光興産,1541.5,1533.8,1468.8,1372.5,,5443700,1.27,,,,,
2026-03-31,9101,日本郵船,5768.0,5779.8,5721.7,5346.5,,5382500,1.01,,,,,
2026-03-31,1514,住石ホールディングス,992.0,966.2,962.0,824.6,,5369900,1.95,,,,,
2026-03-31,6674,ジーエス・ユアサ　コーポレーション,5277.0,5294.2,5090.7,4484.7,,4954200,3.88,,,,,
2026-03-31,4507,塩野義製薬,3469.0,3474.8,3431.3,3293.0,,4554600,1.53,,,,,
2026-03-31,8725,ＭＳ＆ＡＤインシュアランスグループホールディングス,4032.0,4125.2,4068.7,4051.8,,4470100,1.0,,,,,
2026-03-31,9602,東宝,1667.0,1641.9,1602.3,1589.2,,4232900,1.54,,,,,
2026-03-31,1662,石油資源開発,2608.0,2603.2,2533.0,2179.8,,4077900,0.88,,,,,
2026-03-31,6072,地盤ネットホールディングス,960.0,1021.2,971.5,618.1,,3339400,1.2,,,,,
2026-03-31,8630,ＳＯＭＰＯホールディングス,6012.0,6058.2,5898.6,5759.8,,3262300,1.23,,,,,
2026-03-31,9513,電源開発,4331.0,4146.8,3926.9,3577.6,,2892800,1.67,,,,,
2026-03-31,9502,中部電力,2582.0,2613.4,2541.8,2432.7,,2759800,1.0,,,,,
2026-03-31,1571,ＮＥＸＴ　ＦＵＮＤＳ　日経平均インバース・インデックス連動型上場投信,398.0,388.8,384.0,383.3,,2743718,1.22,,,,,
2026-03-31,9517,イーレックス,967.0,970.6,869.7,722.2,,2723100,2.73,,,,,
2026-03-31,7167,めぶきフィナンシャルグループ,1193.0,1230.8,1211.6,1202.1,,2642500,1.16,,,,,
2026-03-31,3137,ファンデリー,291.0,255.4,247.3,236.2,,2640200,4.03,,,,,
2026-03-31,3423,エスイー,324.0,299.0,292.6,286.4,,2639100,68.39,,,,,
2026-03-31,4911,資生堂,3190.0,3129.8,3050.2,2868.9,,2596900,1.07,,,,,
2026-03-31,1699,ＮＥＸＴ　ＦＵＮＤＳ　ＮＯＭＵＲＡ　原油インデックス連動型上場投信,615.0,603.1,573.4,465.3,,2405150,0.64,,,,,
2026-03-31,9519,レノバ,838.0,817.6,761.5,724.4,,2268800,1.26,,,,,
2026-03-31,8334,群馬銀行,2062.5,2160.6,2115.3,2041.1,,2236800,1.45,,,,,
2026-03-31,4888,ステラファーマ,759.0,802.8,591.0,405.2,,2156000,0.27,,,,,
2026-03-31,6619,ダブル・スコープ,212.0,213.8,188.1,173.8,,2148200,0.71,,,,,
2026-03-31,4385,メルカリ,3671.0,3661.2,3516.4,3378.3,,2119900,1.57,,,,,
2026-03-31,1671,ＷＴＩ原油価格連動型上場投信,5288.0,5045.0,4764.1,3724.8,,1985033,1.04,,,,,
2026-03-31,1878,大東建託,3678.0,3644.2,3617.2,3361.5,,1749000,1.02,,,,,
2026-03-31,2768,双日,6125.0,6309.2,6295.2,6068.2,,1672400,0.91,,,,,
2026-03-31,8359,八十二長野銀行,1927.0,2015.0,1966.6,1951.2,,1670400,1.22,,,,,
2026-03-31,4061,デンカ,3531.0,3526.6,3394.7,3187.9,,1649800,1.93,,,,,
2026-03-31,6522,アスタリスク,1163.0,1373.4,738.2,512.5,,1644000,0.23,,,,,
2026-03-31,4031,片倉コープアグリ,1499.0,1488.6,1228.0,1064.7,,1622800,2.7,,,,,
2026-03-31,4528,小野薬品工業,2510.5,2506.2,2431.5,2403.4,,1622200,0.68,,,,,
2026-03-31,3401,帝人,1632.0,1604.3,1591.8,1549.4,,1514000,1.39,,,,,
2026-03-31,9531,東京瓦斯,7417.0,7591.6,7562.1,7170.1,,1511800,1.17,,,,,
2026-03-31,9412,スカパーＪＳＡＴホールディングス,2893.0,3006.8,2895.8,2579.2,,1490500,0.9,,,,,
2026-03-31,2331,ＡＬＳＯＫ,1250.0,1240.6,1234.4,1220.9,,1452600,1.38,,,,,
2026-03-31,8012,長瀬産業,1155.0,1169.6,1145.7,1099.1,,1406600,1.07,,,,,
2026-03-31,8366,滋賀銀行,1863.0,1851.6,1746.5,1679.1,,1405800,1.3,,,,,
2026-03-31,8088,岩谷産業,2005.0,2043.9,1925.6,1876.8,,1391900,0.59,,,,,
2026-03-31,5844,京都フィナンシャルグループ,4061.0,4307.2,4211.6,3859.4,,1357400,1.09,,,,,
2026-03-31,6197,ソラスト,1115.0,1112.6,1017.1,941.8,,1317600,0.37,,,,,
2026-03-31,4578,大塚ホールディングス,11010.0,11143.0,10702.5,9945.6,,1303300,1.0,,,,,
2026-03-31,5381,マイポックス,818.0,937.4,910.2,739.6,,1273900,1.77,,,,,
2026-03-31,8341,七十七銀行,3056.0,3113.5,3041.1,2966.5,,1252800,1.3,,,,,
2026-03-31,2267,ヤクルト本社,2660.0,2646.1,2609.9,2576.4,,1251900,0.88,,,,,
2026-03-31,5333,日本碍子,3977.0,4090.4,4080.7,3961.6,,1235600,1.13,,,,,
2026-03-31,9532,大阪瓦斯,6381.0,6420.0,6378.4,6114.9,,1230200,1.03,,,,,
2026-03-31,8628,松井証券,943.0,974.0,957.9,925.9,,1219000,0.71,,,,,
2026-03-31,4523,エーザイ,4871.0,4901.2,4853.2,4763.3,,1191400,1.12,,,,,
2026-03-31,7389,あいちフィナンシャルグループ,1373.0,1387.8,1257.1,1171.3,,1177700,1.3,,,,,
2026-03-31,7747,朝日インテック,3338.0,3321.8,3225.8,2979.0,,1144600,1.01,,,,,
2026-03-31,3011,バナーズ,184.0,191.6,162.9,157.3,,1116900,8.56,,,,,
2026-03-31,7375,リファインバースグループ,1200.0,1254.4,1076.7,936.1,,1072500,1.56,,,,,
2026-03-31,9468,ＫＡＤＯＫＡＷＡ,3797.0,3689.2,3305.4,3183.5,,1071300,1.11,,,,,
2026-03-31,8368,百五銀行,1504.0,1541.0,1529.3,1458.2,,1062000,1.42,,,,,
2026-03-31,3563,ＦＯＯＤ　＆　ＬＩＦＥ　ＣＯＭＰＡＮＩＥＳ,9270.0,9687.0,9556.9,9107.3,,1029900,1.08,,,,,
2026-03-31,7762,シチズン時計,1665.0,1741.8,1702.8,1551.9,,1029600,0.84,,,,,
2026-03-31,2038,ＮＥＸＴ　ＮＯＴＥＳ　ドバイ原油先物　ダブル・ブル　ＥＴＮ,2803.0,2785.4,2582.7,1900.2,,1016849,0.69,,,,,
2026-03-31,3853,アステリア,1408.0,1503.0,1304.0,1232.7,,983900,0.48,,,,,
2026-03-31,4676,フジ・メディア・ホールディングス,3995.0,4061.4,3834.8,3773.1,,981400,1.08,,,,,
2026-03-31,6770,アルプスアルパイン,2082.0,2178.3,2134.5,2106.0,,969900,0.65,,,,,
2026-03-31,6378,木村化工機,1518.0,1658.0,1536.3,1390.5,,959200,0.24,,,,,
2026-03-31,8346,東邦銀行,646.0,670.0,653.9,643.1,,954700,1.02,,,,,
2026-03-31,2002,日清製粉グループ本社,2095.5,2093.1,2080.0,2052.1,,947000,1.08,,,,,
2026-03-31,9505,北陸電力,1067.5,1082.2,1059.8,1031.8,,941300,0.95,,,,,
2026-03-31,6787,メイコー,24140.0,27484.0,25077.5,17887.3,,926400,1.61,,,,,
2026-03-31,8086,ニプロ,1552.0,1558.1,1530.2,1499.7,,919000,1.13,,,,,
2026-03-31,5393,ニチアス,2886.5,2961.7,2922.3,2742.2,,901000,1.07,,,,,
2026-03-31,3086,Ｊ．フロント　リテイリング,2414.0,2425.4,2424.3,2423.4,,860900,0.72,,,,,
2026-03-31,9507,四国電力,1748.0,1762.7,1699.1,1649.6,,837200,1.13,,,,,
2026-03-31,8367,南都銀行,1409.0,1461.8,1437.2,1392.0,,822400,1.51,,,,,
2026-03-31,1629,ＮＥＸＴ　ＦＵＮＤＳ　商社・卸売（ＴＯＰＩＸ－１７）上場投信,274.9,283.0,277.4,264.8,,818280,0.52,,,,,
2026-03-31,8020,兼松,2205.5,2276.3,2253.4,2146.1,,803600,1.05,,,,,
2026-03-31,7380,十六フィナンシャルグループ,1776.0,1831.8,1829.2,1754.7,,785400,1.09,,,,,
2026-03-31,8354,ふくおかフィナンシャルグループ,5893.0,6125.0,6108.6,6050.8,,779900,1.27,,,,,
2026-03-31,2656,ベクターホールディングス,189.0,181.6,159.9,143.9,,722900,0.37,,,,,
2026-03-31,3197,すかいらーくホールディングス,3405.0,3439.2,3420.6,3396.7,,720500,0.91,,,,,
2026-03-31,6890,フェローテック,6280.0,6454.0,6211.5,6063.5,,699200,1.42,,,,,
2026-03-31,1489,ＮＥＸＴ　ＦＵＮＤＳ　日経平均高配当株５０指数連動型上場投信,3105.0,3146.4,3131.4,3122.3,,695733,0.85,,,,,
2026-03-31,8381,山陰合同銀行,1729.0,1742.6,1661.1,1646.5,,690000,0.91,,,,,
2026-03-31,2013,ｉシェアーズ　米国高配当株　ＥＴＦ,292.8,290.1,289.4,280.6,,676840,2.23,,,,,
2026-03-31,6363,酉島製作所,3000.0,2992.4,2708.2,2426.7,,676100,1.8,,,,,
2026-03-31,9072,ニッコンホールディングス,4253.0,4756.8,4202.8,3863.5,,670000,1.36,,,,,
2026-03-31,7322,三十三フィナンシャルグループ,1439.0,1507.1,1501.3,1384.9,,665400,1.48,,,,,
2026-03-31,3104,富士紡ホールディングス,3605.0,3635.3,3508.2,3271.3,,662800,2.04,,,,,
2026-03-31,4025,多木化学,4250.0,4898.0,4273.0,4044.7,,652800,4.73,,,,,
2026-03-31,2702,日本マクドナルドホールディングス,8260.0,8242.0,7899.5,7175.3,,635800,1.53,,,,,
2026-03-31,6376,日機装,2483.0,2371.8,2355.8,2090.7,,627500,1.84,,,,,
2026-03-31,8715,アニコム　ホールディングス,1376.0,1388.8,1318.2,1162.6,,625000,1.17,,,,,
2026-03-31,4978,リプロセル,176.0,177.6,176.1,167.6,,616100,0.71,,,,,
2026-03-31,8336,武蔵野銀行,2083.0,2107.1,2052.6,1951.3,,604700,1.46,,,,,
2026-03-31,7616,コロワイド,1814.5,1889.8,1887.2,1831.0,,594600,0.99,,,,,
2026-03-31,8876,リログループ,1890.0,1939.5,1927.4,1839.7,,590900,0.88,,,,,
2026-03-31,6670,ＭＣＪ,2291.0,2280.8,2248.1,1991.0,,583800,0.66,,,,,
2026-03-31,5334,日本特殊陶業,7227.0,7562.8,7536.5,7240.8,,578000,0.74,,,,,
2026-03-31,2620,ｉシェアーズ　米国債１－３年　ＥＴＦ,372.0,371.1,370.2,366.0,,576770,1.4,,,,,
2026-03-31,1663,Ｋ＆Ｏエナジーグループ,5470.0,5360.0,5246.5,4702.1,,572500,2.47,,,,,
2026-03-31,4996,クミアイ化学工業,775.0,783.2,753.9,721.5,,564900,0.53,,,,,
2026-03-31,4974,タカラバイオ,1148.0,1147.8,1146.8,975.4,,558800,0.76,,,,,
2026-03-31,1580,日経平均ベア上場投信,1060.0,1033.2,1019.4,1017.6,,533380,1.02,,,,,
2026-03-31,3673,ブロードリーフ,907.0,953.4,905.4,759.6,,527400,0.68,,,,,
2026-03-31,2012,ｉシェアーズ　米国債０－３ヶ月　ＥＴＦ,239.2,239.1,237.7,234.3,,521270,1.37,,,,,
2026-03-31,8393,宮崎銀行,1779.0,1875.8,1810.0,1690.6,,517800,1.32,,,,,
2026-03-31,1407,ウエストホールディングス,1755.0,1755.8,1725.9,1659.0,,517700,0.64,,,,,
2026-04-01,9432,ＮＴＴ,155.9,157.4,155.7,155.5,,214482500,0.93,,,,,
2026-04-01,6740,ジャパンディスプレイ,95.0,81.2,77.8,41.1,,160066100,1.1,,,,,
2026-04-01,9434,ソフトバンク,213.0,214.9,214.8,214.0,,106418500,1.22,,,,,
2026-04-01,4597,ソレイジア・ファーマ,32.0,32.4,31.9,30.8,,51992200,1.18,,,,,
2026-04-01,5803,フジクラ,4446.0,4466.4,4283.4,3738.4,,48295400,0.82,,,,,
2026-04-01,9433,ＫＤＤＩ,2633.0,2699.7,2675.2,2672.8,,20301200,2.14,,,,,
2026-04-01,3315,日本コークス工業,121.0,119.6,117.8,117.7,,18575600,0.77,,,,,
2026-04-01,1459,楽天ＥＴＦ‐日経ダブルインバース指数連動型,191.0,201.0,197.5,197.4,,15860907,1.15,,,,,
2026-04-01,1605,ＩＮＰＥＸ,4701.0,4771.6,4436.2,3775.8,,14486800,1.01,,,,,
2026-04-01,5020,ＥＮＥＯＳホールディングス,1497.0,1436.1,1380.4,1339.3,,12000600,1.05,,,,,
2026-04-01,6752,パナソニック　ホールディングス,2774.0,2664.2,2578.5,2390.4,,11963200,1.25,,,,,
2026-04-01,9104,商船三井,6498.0,6728.2,6383.1,5503.4,,11491900,1.34,,,,,
2026-04-01,8058,三菱商事,5490.0,5578.6,5325.7,4731.9,,11116700,0.79,,,,,
2026-04-01,3436,ＳＵＭＣＯ,1748.5,1778.4,1682.5,1633.1,,10842200,1.13,,,,,
2026-04-01,4063,信越化学工業,6505.0,6282.4,6271.4,5738.5,,9274100,0.9,,,,,
2026-04-01,8031,三井物産,6325.0,6300.6,6073.3,5524.9,,9002900,0.82,,,,,
2026-04-01,5801,古河電気工業,32490.0,31065.0,29185.5,20749.5,,8973300,1.04,,,,,
2026-04-01,9107,川崎汽船,2725.5,2696.9,2666.8,2428.1,,8524400,0.84,,,,,
2026-04-01,8766,東京海上ホールディングス,7490.0,7432.8,6498.6,6201.1,,8388900,0.76,,,,,
2026-04-01,6072,地盤ネットホールディングス,885.0,1015.2,960.6,629.6,,8286000,2.77,,,,,
2026-04-01,4594,ブライトパス・バイオ,67.0,72.6,72.3,66.4,,7870100,0.52,,,,,
2026-04-01,6963,ローム,3356.0,3229.4,3217.7,2794.7,,7492200,1.56,,,,,
2026-04-01,4503,アステラス製薬,2657.5,2575.9,2447.3,2366.6,,7394700,1.13,,,,,
2026-04-01,4565,ネクセラファーマ,1015.0,905.8,896.9,872.5,,6730900,10.36,,,,,
2026-04-01,6613,ＱＤレーザ,1215.0,1210.6,1188.5,755.5,,6677600,0.46,,,,,
2026-04-01,4502,武田薬品工業,5888.0,5778.8,5725.1,5475.8,,6100500,1.22,,,,,
2026-04-01,9101,日本郵船,5984.0,5830.8,5743.3,5361.6,,5859700,1.05,,,,,
2026-04-01,8002,丸紅,5993.0,5757.2,5534.1,5412.2,,5167500,0.93,,,,,
2026-04-01,5019,出光興産,1595.5,1555.2,1475.0,1379.4,,5162700,1.15,,,,,
2026-04-01,1699,ＮＥＸＴ　ＦＵＮＤＳ　ＮＯＭＵＲＡ　原油インデックス連動型上場投信,572.6,601.9,578.2,468.5,,4899320,1.62,,,,,
2026-04-01,2914,日本たばこ産業,6076.0,6022.6,5835.1,5829.3,,4883600,1.04,,,,,
2026-04-01,6920,レーザーテック,35350.0,34708.0,34539.5,33661.5,,4810900,1.18,,,,,
2026-04-01,7375,リファインバースグループ,1318.0,1300.6,1096.8,944.6,,4543400,5.82,,,,,
2026-04-01,9502,中部電力,2719.0,2633.8,2550.9,2437.9,,4022400,1.41,,,,,
2026-04-01,1662,石油資源開発,2621.0,2636.2,2535.0,2197.7,,3890000,0.84,,,,,
2026-04-01,8725,ＭＳ＆ＡＤインシュアランスグループホールディングス,4203.0,4123.0,4069.6,4060.6,,3872600,0.86,,,,,
2026-04-01,7167,めぶきフィナンシャルグループ,1303.0,1242.3,1213.7,1206.3,,3689000,1.59,,,,,
2026-04-01,2802,味の素,4622.0,4502.0,4447.2,4101.7,,3440800,0.86,,,,,
2026-04-01,6522,アスタリスク,1084.0,1330.2,771.8,524.6,,3289600,0.45,,,,,
2026-04-01,4507,塩野義製薬,3627.0,3512.0,3437.8,3306.3,,3259800,1.01,,,,,
2026-04-01,4911,資生堂,3400.0,3200.6,3066.8,2886.9,,3247800,1.3,,,,,
2026-04-01,6619,ダブル・スコープ,227.0,218.0,190.9,174.9,,3132700,1.01,,,,,
2026-04-01,4888,ステラファーマ,705.0,775.8,601.7,413.5,,3005600,0.37,,,,,
2026-04-01,2195,アミタホールディングス,504.0,475.0,364.0,360.3,,2748200,1.32,,,,,
2026-04-01,9602,東宝,1705.5,1660.8,1613.0,1590.6,,2628500,0.91,,,,,
2026-04-01,9513,電源開発,4380.0,4242.8,3960.7,3597.8,,2580600,1.43,,,,,
2026-04-01,8630,ＳＯＭＰＯホールディングス,6262.0,6091.4,5913.9,5775.4,,2318200,0.84,,,,,
2026-04-01,4385,メルカリ,3891.0,3722.4,3540.1,3389.3,,2251600,1.5,,,,,
2026-04-01,6197,ソラスト,1116.0,1115.0,1023.2,946.4,,2021900,0.56,,,,,
2026-04-01,8334,群馬銀行,2226.5,2174.3,2117.7,2049.4,,1987300,1.2,,,,,
2026-04-01,1514,住石ホールディングス,986.0,984.8,964.5,832.0,,1933600,0.7,,,,,
2026-04-01,3401,帝人,1691.0,1623.0,1592.0,1554.9,,1800500,1.57,,,,,
2026-04-01,4528,小野薬品工業,2579.5,2529.9,2436.0,2410.2,,1786600,0.75,,,,,
2026-04-01,1571,ＮＥＸＴ　ＦＵＮＤＳ　日経平均インバース・インデックス連動型上場投信,379.0,388.2,384.4,382.7,,1780607,0.79,,,,,
2026-04-01,9519,レノバ,879.0,834.2,770.9,727.6,,1746800,1.01,,,,,
2026-04-01,3099,三越伊勢丹ホールディングス,2961.0,2917.9,2910.2,2796.8,,1681600,0.77,,,,,
2026-04-01,1878,大東建託,3702.0,3669.4,3625.7,3373.1,,1664200,0.93,,,,,
2026-04-01,7859,アルメディオ,276.0,263.2,258.4,214.9,,1642100,1.35,,,,,
2026-04-01,2656,ベクターホールディングス,197.0,187.0,162.7,145.1,,1637400,0.81,,,,,
2026-04-01,8366,滋賀銀行,1970.0,1881.2,1757.9,1687.9,,1493700,1.3,,,,,
2026-04-01,9517,イーレックス,1050.0,991.2,884.6,729.3,,1452900,1.25,,,,,
2026-04-01,8359,八十二長野銀行,2069.0,2011.6,1971.1,1957.3,,1452400,1.01,,,,,
2026-04-01,8086,ニプロ,1613.5,1574.0,1531.7,1501.6,,1424800,1.68,,,,,
2026-04-01,9735,セコム,6055.0,5990.6,5976.1,5890.8,,1417400,1.17,,,,,
2026-04-01,8088,岩谷産業,2069.5,2050.9,1933.9,1883.6,,1414300,0.64,,,,,
2026-04-01,3563,ＦＯＯＤ　＆　ＬＩＦＥ　ＣＯＭＰＡＮＩＥＳ,9725.0,9622.0,9563.4,9137.0,,1401600,1.47,,,,,
2026-04-01,6674,ジーエス・ユアサ　コーポレーション,5687.0,5389.4,5121.2,4516.2,,1386200,0.82,,,,,
2026-04-01,5844,京都フィナンシャルグループ,4376.0,4301.8,4234.4,3874.6,,1379900,1.11,,,,,
2026-04-01,2768,双日,6421.0,6323.0,6272.2,6093.3,,1359100,0.77,,,,,
2026-04-01,4840,トライアイズ,788.0,639.6,501.7,491.0,,1337000,2.99,,,,,
2026-04-01,8346,東邦銀行,694.0,670.8,654.1,645.7,,1286900,1.34,,,,,
2026-04-01,4523,エーザイ,5115.0,4949.8,4859.8,4770.1,,1278600,1.17,,,,,
2026-04-01,6770,アルプスアルパイン,2230.0,2183.6,2138.9,2109.8,,1271300,0.9,,,,,
2026-04-01,7747,朝日インテック,3505.0,3353.0,3236.2,2988.0,,1245800,1.09,,,,,
2026-04-01,8835,太平洋興発,1071.0,1119.4,956.8,911.8,,1230000,0.9,,,,,
2026-04-01,8368,百五銀行,1630.0,1554.4,1530.7,1466.4,,1221800,1.52,,,,,
2026-04-01,8381,山陰合同銀行,1892.0,1775.8,1671.5,1653.3,,1212600,1.62,,,,,
2026-04-01,4578,大塚ホールディングス,11500.0,11249.0,10770.8,9988.8,,1183400,0.9,,,,,
2026-04-01,9531,東京瓦斯,7645.0,7611.8,7551.3,7194.8,,1175500,0.86,,,,,
2026-04-01,9505,北陸電力,1106.5,1090.3,1059.9,1033.8,,1134800,1.14,,,,,
2026-04-01,2170,リンクアンドモチベーション,587.0,552.0,548.0,532.9,,1127200,2.25,,,,,
2026-04-01,9412,スカパーＪＳＡＴホールディングス,3015.0,2990.8,2902.9,2596.0,,1117800,0.72,,,,,
2026-04-01,4061,デンカ,3774.0,3590.8,3410.7,3204.6,,1103500,1.23,,,,,
2026-04-01,2267,ヤクルト本社,2671.5,2660.4,2613.2,2580.0,,1090300,0.75,,,,,
2026-04-01,7389,あいちフィナンシャルグループ,1488.0,1412.6,1270.0,1180.9,,1065700,1.1,,,,,
2026-04-01,9507,四国電力,1814.5,1777.0,1705.6,1653.9,,1039100,1.36,,,,,
2026-04-01,1671,ＷＴＩ原油価格連動型上場投信,4974.0,5086.6,4823.1,3758.4,,1025782,0.56,,,,,
2026-04-01,8341,七十七銀行,3278.0,3139.0,3051.6,2978.9,,1012400,1.0,,,,,
2026-04-01,2038,ＮＥＸＴ　ＮＯＴＥＳ　ドバイ原油先物　ダブル・ブル　ＥＴＮ,2390.0,2744.0,2596.9,1916.7,,1005741,0.72,,,,,
2026-04-01,2002,日清製粉グループ本社,2150.0,2107.9,2080.8,2055.9,,995000,1.1,,,,,
2026-04-01,2331,ＡＬＳＯＫ,1275.5,1249.6,1235.2,1221.4,,979700,0.89,,,,,
2026-04-01,8354,ふくおかフィナンシャルグループ,6450.0,6169.8,6112.6,6073.3,,970500,1.52,,,,,
2026-04-01,5333,日本碍子,4206.0,4099.2,4070.3,3975.6,,925000,0.82,,,,,
2026-04-01,8012,長瀬産業,1202.0,1174.0,1145.9,1103.1,,908200,0.66,,,,,
2026-04-01,3863,日本製紙,1279.0,1268.0,1257.2,1219.2,,901700,0.74,,,,,
2026-04-01,1489,ＮＥＸＴ　ＦＵＮＤＳ　日経平均高配当株５０指数連動型上場投信,3223.0,3160.4,3129.7,3128.3,,897265,1.09,,,,,
2026-04-01,9532,大阪瓦斯,6550.0,6449.2,6373.5,6134.4,,890200,0.75,,,,,
2026-04-01,7164,全国保証,3216.0,3176.8,3162.5,3149.9,,884400,1.46,,,,,
2026-04-01,3197,すかいらーくホールディングス,3440.0,3444.0,3419.4,3397.1,,865400,1.09,,,,,
2026-04-01,9468,ＫＡＤＯＫＡＷＡ,3889.0,3754.6,3347.3,3195.4,,852000,0.82,,,,,
2026-04-01,7220,武蔵精密工業,2839.0,2811.4,2771.8,2714.3,,835500,0.7,,,,,
2026-04-01,8386,百十四銀行,2250.0,2157.1,2147.7,2137.9,,834300,1.72,,,,,
2026-04-01,8377,ほくほくフィナンシャルグループ,6375.0,6029.2,5849.7,5660.4,,834300,1.38,,,,,
2026-04-01,7380,十六フィナンシャルグループ,1899.0,1839.6,1826.7,1763.0,,814800,1.12,,,,,
2026-04-01,3853,アステリア,1451.0,1489.4,1315.8,1240.7,,803900,0.38,,,,,
2026-04-01,6378,木村化工機,1501.0,1586.0,1542.5,1394.8,,797000,0.19,,,,,
2026-04-01,6787,メイコー,28890.0,27568.0,25401.0,18187.7,,780000,1.29,,,,,
2026-04-01,8060,キヤノンマーケティングジャパン,3527.0,3470.7,3452.4,3447.7,,776000,1.61,,,,,
2026-04-01,7762,シチズン時計,1734.0,1732.4,1699.7,1559.3,,756600,0.61,,,,,
2026-04-01,8628,松井証券,970.0,966.8,958.1,927.7,,723400,0.41,,,,,
2026-04-01,6838,多摩川ホールディングス,1268.0,1277.8,1188.2,933.0,,703000,0.73,,,,,
2026-04-01,6890,フェローテック,6750.0,6518.0,6230.5,6091.8,,702500,1.39,,,,,
2026-04-01,8367,南都銀行,1511.0,1468.0,1438.4,1397.2,,701100,1.17,,,,,
2026-04-01,3113,ＵＮＩＶＡ・Ｏａｋホールディングス,86.0,83.4,77.5,74.4,,700800,0.68,,,,,
2026-04-01,8336,武蔵野銀行,2233.0,2123.1,2061.1,1961.4,,699100,1.7,,,,,
2026-04-01,4676,フジ・メディア・ホールディングス,4140.0,4086.8,3861.3,3779.6,,683200,0.73,,,,,
2026-04-01,2012,ｉシェアーズ　米国債０－３ヶ月　ＥＴＦ,237.6,238.9,237.8,234.4,,679150,1.71,,,,,
2026-04-01,7322,三十三フィナンシャルグループ,1552.0,1508.5,1502.0,1392.7,,661200,1.37,,,,,
2026-04-01,8020,兼松,2308.0,2282.1,2250.1,2154.3,,633300,0.81,,,,,
2026-04-01,7794,イーディーピー,1285.0,1243.4,1224.0,1051.5,,623300,0.55,,,,,
2026-04-01,7551,ウェッズ,768.0,712.4,702.1,689.4,,611600,52.86,,,,,
2026-04-01,3673,ブロードリーフ,969.0,939.4,917.0,763.4,,603600,0.78,,,,,
2026-04-01,5393,ニチアス,2980.0,2959.0,2922.6,2753.9,,600200,0.72,,,,,
2026-04-01,2975,スター・マイカ・ホールディングス,1721.0,1643.0,1634.9,1554.6,,600200,3.04,,,,,
2026-04-01,4265,Ｉｎｓｔｉｔｕｔｉｏｎ　ｆｏｒ　ａ　Ｇｌｏｂａｌ　Ｓｏｃｉｅｔｙ,379.0,389.8,362.0,319.0,,586000,0.35,,,,,
2026-04-01,4974,タカラバイオ,1149.0,1148.2,1146.9,981.0,,577200,0.77,,,,,
2026-04-01,8876,リログループ,1961.5,1939.5,1930.9,1843.7,,576600,0.86,,,,,
2026-04-01,6363,酉島製作所,3200.0,3077.6,2737.3,2445.8,,569500,1.33,,,,,
2026-04-01,4620,藤倉化成,1251.0,1148.0,1117.9,922.1,,567800,2.14,,,,,
2026-04-01,8715,アニコム　ホールディングス,1414.0,1392.6,1328.2,1169.2,,555000,0.99,,,,,
2026-04-01,1629,ＮＥＸＴ　ＦＵＮＤＳ　商社・卸売（ＴＯＰＩＸ－１７）上場投信,288.7,284.1,277.6,265.8,,553490,0.35,,,,,
2026-04-01,3423,エスイー,296.0,299.2,292.9,286.9,,539400,1.79,,,,,
2026-04-01,4031,片倉コープアグリ,1371.0,1518.4,1245.2,1072.4,,539300,0.76,,,,,
2026-04-01,1333,マルハニチロ,1499.5,1481.5,1480.6,1444.0,,535800,0.85,,,,,
2026-04-01,6395,タダノ,1387.0,1316.8,1299.8,1262.9,,519700,1.04,,,,,
2026-04-01,3077,ホリイフードサービス,760.0,662.2,582.5,536.1,,516200,5.67,,,,,
2026-04-01,2013,ｉシェアーズ　米国高配当株　ＥＴＦ,290.8,290.8,289.2,281.2,,511720,1.41,,,,,
2026-04-01,6376,日機装,2644.0,2439.8,2369.0,2108.1,,503000,1.36,,,,,
2026-04-02,6740,ジャパンディスプレイ,93.0,83.6,81.2,42.4,,275840000,2.22,,,,,
2026-04-02,1360,日経平均ベア２倍上場投信,121.1,122.3,120.2,119.8,,230916160,1.44,,,,,
2026-04-02,9432,ＮＴＴ,157.0,157.1,156.0,155.5,,209197900,0.91,,,,,
2026-04-02,4597,ソレイジア・ファーマ,37.0,33.2,32.2,30.9,,71464100,1.59,,,,,
2026-04-02,5803,フジクラ,4293.0,4387.8,4286.6,3761.5,,56992200,0.98,,,,,
2026-04-02,1605,ＩＮＰＥＸ,4567.0,4747.6,4471.0,3799.8,,32548200,2.25,,,,,
2026-04-02,3315,日本コークス工業,116.0,120.8,118.0,117.8,,24599900,0.99,,,,,
2026-04-02,1459,楽天ＥＴＦ‐日経ダブルインバース指数連動型,199.0,201.4,197.7,196.8,,20907290,1.46,,,,,
2026-04-02,1357,ＮＥＸＴ　ＦＵＮＤＳ　日経平均ダブルインバース・インデックス連動型上場投信,4931.0,4981.4,4892.1,4875.3,,12973687,1.4,,,,,
2026-04-02,9433,ＫＤＤＩ,2711.0,2699.9,2678.3,2672.8,,12553600,1.14,,,,,
2026-04-02,5020,ＥＮＥＯＳホールディングス,1439.0,1443.5,1385.7,1344.8,,12223400,1.02,,,,,
2026-04-02,5801,古河電気工業,32420.0,31107.0,29422.8,21123.0,,11356700,1.29,,,,,
2026-04-02,8058,三菱商事,5397.0,5527.0,5347.9,4762.1,,10726400,0.75,,,,,
2026-04-02,4884,クリングルファーマ,514.0,440.4,405.6,396.6,,10119100,109.16,,,,,
2026-04-02,6752,パナソニック　ホールディングス,2743.0,2674.0,2596.5,2402.4,,9531200,0.96,,,,,
2026-04-02,9107,川崎汽船,2735.5,2705.3,2677.3,2437.3,,8673700,0.91,,,,,
2026-04-02,8750,第一生命ホールディングス,1469.5,1448.6,1446.3,1437.5,,8395800,0.75,,,,,
2026-04-02,8031,三井物産,6212.0,6265.0,6105.7,5551.1,,7784600,0.71,,,,,
2026-04-02,8835,太平洋興発,1220.0,1161.0,974.8,918.2,,7665200,5.15,,,,,
2026-04-02,1662,石油資源開発,2525.0,2622.4,2542.0,2213.6,,7635900,1.67,,,,,
2026-04-02,4063,信越化学工業,6412.0,6306.6,6295.3,5764.1,,7241600,0.69,,,,,
2026-04-02,9104,商船三井,6603.0,6676.4,6418.3,5534.9,,7006300,0.77,,,,,
2026-04-02,3436,ＳＵＭＣＯ,1713.5,1750.8,1688.1,1637.7,,6969100,0.71,,,,,
2026-04-02,8766,東京海上ホールディングス,7262.0,7367.8,6560.6,6225.1,,6895000,0.6,,,,,
2026-04-02,1366,ｉＦｒｅｅＥＴＦ　日経平均ダブルインバース・インデックス,124.0,124.8,122.8,122.5,,6877763,1.56,,,,,
2026-04-02,6920,レーザーテック,35020.0,34798.0,34636.0,33751.1,,6725700,1.63,,,,,
2026-04-02,9101,日本郵船,6162.0,5906.2,5781.6,5379.7,,5748700,1.05,,,,,
2026-04-02,1699,ＮＥＸＴ　ＦＵＮＤＳ　ＮＯＭＵＲＡ　原油インデックス連動型上場投信,603.8,603.4,583.5,472.2,,5680910,1.97,,,,,
2026-04-02,4503,アステラス製薬,2600.5,2589.0,2460.7,2375.1,,5231700,0.77,,,,,
2026-04-02,5019,出光興産,1560.0,1561.6,1483.6,1385.6,,4702500,1.01,,,,,
2026-04-02,4502,武田薬品工業,5890.0,5799.0,5739.1,5493.4,,4584000,0.87,,,,,
2026-04-02,1514,住石ホールディングス,945.0,1002.0,969.5,838.9,,4453600,1.65,,,,,
2026-04-02,8002,丸紅,5890.0,5803.0,5566.0,5437.9,,4371700,0.78,,,,,
2026-04-02,2914,日本たばこ産業,6005.0,6027.0,5851.6,5835.4,,4363000,0.9,,,,,
2026-04-02,9602,東宝,1717.0,1678.5,1622.8,1592.6,,3994600,1.35,,,,,
2026-04-02,7375,リファインバースグループ,1618.0,1346.8,1134.8,958.1,,3928200,3.22,,,,,
2026-04-02,1571,ＮＥＸＴ　ＦＵＮＤＳ　日経平均インバース・インデックス連動型上場投信,388.0,388.8,384.7,382.2,,3693501,1.59,,,,,
2026-04-02,6670,ＭＣＪ,2191.0,2270.2,2244.5,2012.2,,3544800,4.69,,,,,
2026-04-02,1671,ＷＴＩ原油価格連動型上場投信,5316.0,5165.8,4890.1,3797.4,,3403357,1.97,,,,,
2026-04-02,6619,ダブル・スコープ,226.0,221.2,194.5,176.2,,3269900,1.2,,,,,
2026-04-02,7167,めぶきフィナンシャルグループ,1276.0,1249.7,1218.0,1210.3,,3117400,1.24,,,,,
2026-04-02,8725,ＭＳ＆ＡＤインシュアランスグループホールディングス,4097.0,4112.2,4073.2,4067.5,,3031500,0.65,,,,,
2026-04-02,3113,ＵＮＩＶＡ・Ｏａｋホールディングス,88.0,84.8,78.5,74.7,,2882400,4.39,,,,,
2026-04-02,2802,味の素,4659.0,4531.0,4453.5,4124.1,,2792600,0.67,,,,,
2026-04-02,6522,アスタリスク,1094.0,1260.8,806.7,536.5,,2721800,0.36,,,,,
2026-04-02,2503,キリンホールディングス,2616.5,2550.8,2548.6,2508.8,,2678700,0.77,,,,,
2026-04-02,2195,アミタホールディングス,604.0,507.6,378.9,365.4,,2664300,1.13,,,,,
2026-04-02,4911,資生堂,3318.0,3259.2,3082.4,2904.2,,2605800,0.97,,,,,
2026-04-02,9503,関西電力,2672.0,2657.9,2583.6,2582.9,,2564800,0.67,,,,,
2026-04-02,8630,ＳＯＭＰＯホールディングス,6059.0,6088.2,5932.3,5787.5,,2551100,0.9,,,,,
2026-04-02,5726,大阪チタニウムテクノロジーズ,2730.0,2655.0,2652.2,2581.2,,2495300,2.0,,,,,
2026-04-02,4507,塩野義製薬,3544.0,3529.4,3444.1,3318.0,,2485600,0.75,,,,,
2026-04-02,4565,ネクセラファーマ,1009.0,933.6,905.9,875.6,,2458700,1.92,,,,,
2026-04-02,3853,アステリア,1550.0,1492.2,1336.9,1250.8,,2436200,1.13,,,,,
2026-04-02,9513,電源開発,4450.0,4339.8,4002.3,3619.3,,2187900,1.12,,,,,
2026-04-02,3099,三越伊勢丹ホールディングス,2974.5,2925.5,2910.8,2808.4,,2163200,1.01,,,,,
2026-04-02,4031,片倉コープアグリ,1477.0,1539.4,1269.2,1081.8,,2036500,2.75,,,,,
2026-04-02,9502,中部電力,2700.5,2654.7,2563.1,2442.7,,2030700,0.66,,,,,
2026-04-02,2492,インフォマート,465.0,456.0,416.9,416.3,,1873500,0.88,,,,,
2026-04-02,2656,ベクターホールディングス,185.0,188.2,164.9,146.0,,1862000,0.91,,,,,
2026-04-02,4385,メルカリ,3904.0,3786.8,3569.0,3401.6,,1789100,1.09,,,,,
2026-04-02,6072,地盤ネットホールディングス,827.0,967.6,951.0,640.1,,1780400,0.47,,,,,
2026-04-02,2013,ｉシェアーズ　米国高配当株　ＥＴＦ,286.9,290.5,288.9,281.6,,1761550,4.57,,,,,
2026-04-02,8334,群馬銀行,2205.5,2189.3,2126.8,2057.4,,1702100,0.98,,,,,
2026-04-02,4528,小野薬品工業,2532.5,2537.7,2440.9,2416.2,,1631800,0.68,,,,,
2026-04-02,8088,岩谷産業,2028.0,2048.1,1947.3,1889.9,,1589000,0.73,,,,,
2026-04-02,2768,双日,6280.0,6305.8,6272.9,6116.9,,1582800,0.94,,,,,
2026-04-02,1878,大東建託,3721.0,3690.0,3633.2,3385.3,,1530700,0.83,,,,,
2026-04-02,4888,ステラファーマ,672.0,754.6,613.3,421.3,,1528300,0.22,,,,,
2026-04-02,2038,ＮＥＸＴ　ＮＯＴＥＳ　ドバイ原油先物　ダブル・ブル　ＥＴＮ,2590.0,2705.4,2624.0,1936.6,,1524445,1.09,,,,,
2026-04-02,2251,ＮＥＸＴ　ＦＵＮＤＳ　ＪＰＸ国債先物ダブルインバース指数連動型上場投信,868.2,865.1,855.5,853.1,,1507710,18.57,,,,,
2026-04-02,7746,岡本硝子,1043.0,1042.2,1034.2,1029.3,,1492600,0.78,,,,,
2026-04-02,9412,スカパーＪＳＡＴホールディングス,2979.0,2972.6,2914.8,2612.5,,1487000,1.01,,,,,
2026-04-02,9519,レノバ,891.0,857.0,782.1,731.0,,1475700,0.85,,,,,
2026-04-02,1629,ＮＥＸＴ　ＦＵＮＤＳ　商社・卸売（ＴＯＰＩＸ－１７）上場投信,284.0,284.0,278.4,266.7,,1459670,1.05,,,,,
2026-04-02,6197,ソラスト,1116.0,1115.2,1029.8,950.9,,1458100,0.39,,,,,
2026-04-02,9005,東急,1904.0,1883.3,1879.4,1861.6,,1397700,0.64,,,,,
2026-04-02,4523,エーザイ,5032.0,4971.8,4871.1,4776.4,,1385200,1.25,,,,,
2026-04-02,3401,帝人,1660.5,1634.3,1593.7,1560.0,,1316700,1.06,,,,,
2026-04-02,9531,東京瓦斯,7297.0,7544.0,7532.0,7213.0,,1277800,0.9,,,,,
2026-04-02,6674,ジーエス・ユアサ　コーポレーション,5663.0,5485.8,5163.2,4548.1,,1256800,0.82,,,,,
2026-04-02,7747,朝日インテック,3438.0,3384.8,3246.4,2996.3,,1232800,1.04,,,,,
2026-04-02,7220,武蔵精密工業,2702.0,2773.2,2767.4,2716.8,,1206500,0.99,,,,,
2026-04-02,8086,ニプロ,1615.5,1586.7,1535.5,1503.9,,1204700,1.26,,,,,
2026-04-02,4978,リプロセル,176.0,178.8,176.6,168.8,,1189000,1.47,,,,,
2026-04-02,5333,日本碍子,4059.0,4080.0,4065.7,3987.4,,1139700,1.0,,,,,
2026-04-02,8359,八十二長野銀行,2022.0,2005.6,1979.7,1962.7,,1121500,0.74,,,,,
2026-04-02,6770,アルプスアルパイン,2132.0,2162.1,2142.8,2112.1,,1120400,0.77,,,,,
2026-04-02,4061,デンカ,3710.0,3627.6,3432.3,3220.7,,1021100,1.09,,,,,
2026-04-02,2331,ＡＬＳＯＫ,1253.0,1251.7,1235.7,1221.7,,1001600,0.9,,,,,
2026-04-02,7389,あいちフィナンシャルグループ,1432.0,1425.4,1284.7,1189.4,,990300,0.99,,,,,
2026-04-02,8628,松井証券,959.0,962.0,959.9,929.5,,988300,0.55,,,,,
2026-04-02,8012,長瀬産業,1171.5,1172.0,1148.0,1106.8,,956900,0.69,,,,,
2026-04-02,4578,大塚ホールディングス,11320.0,11295.0,10832.5,10029.6,,941100,0.71,,,,,
2026-04-02,2267,ヤクルト本社,2680.0,2668.2,2613.7,2583.8,,887100,0.6,,,,,
2026-04-02,5844,京都フィナンシャルグループ,4283.0,4281.4,4263.1,3888.8,,887000,0.7,,,,,
2026-04-02,9115,明海グループ,1309.0,1372.2,1131.7,858.4,,881600,0.52,,,,,
2026-04-02,9735,セコム,6083.0,6025.4,5983.4,5899.3,,876800,0.69,,,,,
2026-04-02,3563,ＦＯＯＤ　＆　ＬＩＦＥ　ＣＯＭＰＡＮＩＥＳ,9611.0,9564.4,9548.8,9165.3,,869600,0.84,,,,,
2026-04-02,7859,アルメディオ,265.0,268.8,260.2,216.7,,869300,0.65,,,,,
2026-04-02,8366,滋賀銀行,1923.0,1901.4,1773.9,1696.0,,868600,0.71,,,,,
2026-04-02,8341,七十七銀行,3212.0,3155.7,3068.2,2990.5,,867500,0.84,,,,,
2026-04-02,7868,広済堂ホールディングス,502.0,494.2,485.7,485.0,,858000,0.83,,,,,
2026-04-02,8368,百五銀行,1580.0,1561.8,1535.8,1473.6,,857600,0.98,,,,,
2026-04-02,6787,メイコー,26690.0,27146.0,25649.0,18454.0,,857000,1.34,,,,,
2026-04-02,8381,山陰合同銀行,1856.0,1800.0,1687.2,1659.4,,839700,1.02,,,,,
2026-04-02,9532,大阪瓦斯,6384.0,6449.4,6361.8,6150.3,,820800,0.68,,,,,
2026-04-02,4840,トライアイズ,820.0,700.2,520.7,496.5,,818900,1.41,,,,,
2026-04-02,7762,シチズン時計,1717.0,1718.8,1700.9,1566.7,,814200,0.67,,,,,
2026-04-02,7066,ピアズ,600.0,527.0,457.6,451.6,,807200,2.83,,,,,
2026-04-02,4974,タカラバイオ,1150.0,1148.6,1147.1,986.9,,800900,1.22,,,,,
2026-04-02,9505,北陸電力,1110.5,1095.9,1064.1,1036.0,,795800,0.77,,,,,
2026-04-02,2170,リンクアンドモチベーション,592.0,564.0,550.7,534.2,,790700,1.36,,,,,
2026-04-02,8346,東邦銀行,677.0,671.0,656.9,648.0,,785700,0.77,,,,,
2026-04-02,2002,日清製粉グループ本社,2156.5,2119.4,2083.0,2059.8,,775500,0.83,,,,,
2026-04-02,9507,四国電力,1814.5,1785.5,1715.3,1658.3,,762800,0.95,,,,,
2026-04-02,8060,キヤノンマーケティングジャパン,3453.0,3470.0,3456.1,3447.9,,747100,1.47,,,,,
2026-04-02,9159,Ｗ　ＴＯＫＹＯ,2610.0,2143.8,1711.5,1686.2,,743000,6.36,,,,,
2026-04-02,3197,すかいらーくホールディングス,3430.0,3443.8,3415.9,3398.2,,714600,0.87,,,,,
2026-04-02,9517,イーレックス,1032.0,1008.2,898.2,736.3,,711100,0.58,,,,,
2026-04-02,9468,ＫＡＤＯＫＡＷＡ,3817.0,3793.2,3385.7,3206.1,,700300,0.65,,,,,
2026-04-02,1580,日経平均ベア上場投信,1029.0,1032.4,1021.2,1014.7,,684340,1.16,,,,,
2026-04-02,3863,日本製紙,1271.0,1273.0,1256.8,1221.0,,676800,0.54,,,,,
2026-04-02,9130,共栄タンカー,1917.0,2114.8,2086.8,1490.1,,660200,0.63,,,,,
2026-04-02,1435,ｒｏｂｏｔ　ｈｏｍｅ,197.0,194.0,192.9,184.3,,638400,1.01,,,,,
2026-04-02,8020,兼松,2241.0,2267.7,2248.2,2161.7,,637900,0.8,,,,,
2026-04-02,2620,ｉシェアーズ　米国債１－３年　ＥＴＦ,371.4,371.1,370.4,366.1,,633580,1.4,,,,,
2026-04-02,8354,ふくおかフィナンシャルグループ,6250.0,6177.2,6125.8,6093.0,,625300,0.89,,,,,
2026-04-02,2012,ｉシェアーズ　米国債０－３ヶ月　ＥＴＦ,238.8,238.9,238.0,234.5,,623510,1.35,,,,,
2026-04-02,3845,アイフリークモバイル,280.0,258.0,244.5,243.1,,613300,6.77,,,,,
2026-04-02,7380,十六フィナンシャルグループ,1861.0,1846.6,1830.7,1770.0,,611100,0.8,,,,,
2026-04-02,6890,フェローテック,6320.0,6490.0,6250.0,6113.3,,601200,1.12,,,,,
2026-04-02,3673,ブロードリーフ,952.0,938.4,926.9,767.0,,597700,0.78,,,,,
2026-04-02,3415,ＴＯＫＹＯ　ＢＡＳＥ,426.0,427.0,419.4,418.0,,596700,0.63,,,,,
2026-04-02,8282,ケーズホールディングス,1717.5,1694.4,1648.6,1646.9,,594100,0.67,,,,,
2026-04-02,6363,酉島製作所,3245.0,3137.0,2776.0,2466.3,,581800,1.23,,,,,
2026-04-02,6838,多摩川ホールディングス,1210.0,1257.0,1203.5,941.6,,569300,0.56,,,,,
2026-04-02,7794,イーディーピー,1253.0,1291.2,1230.6,1066.0,,565800,0.54,,,,,
2026-04-02,7322,三十三フィナンシャルグループ,1517.0,1509.4,1507.3,1399.6,,558700,1.07,,,,,
2026-04-02,6395,タダノ,1367.0,1329.8,1303.6,1268.0,,545000,1.05,,,,,
2026-04-02,8386,百十四銀行,2203.0,2172.2,2153.2,2146.8,,536300,0.98,,,,,
2026-04-02,2702,日本マクドナルドホールディングス,8200.0,8302.0,7956.5,7236.8,,532300,1.18,,,,,
2026-04-02,4676,フジ・メディア・ホールディングス,4075.0,4083.6,3881.3,3786.0,,527300,0.56,,,,,
2026-04-02,8336,武蔵野銀行,2173.0,2136.3,2072.9,1970.6,,521800,1.2,,,,,
2026-04-02,4419,Ｆｉｎａｔｅｘｔホールディングス,1008.0,986.4,938.8,900.7,,511800,1.23,,,,,
2026-04-03,6740,ジャパンディスプレイ,92.0,86.6,84.5,43.5,,148211400,1.17,,,,,
2026-04-03,9432,ＮＴＴ,157.8,156.8,156.4,155.4,,115776600,0.5,,,,,
2026-04-03,1360,日経平均ベア２倍上場投信,117.9,121.8,120.3,119.6,,95164900,0.56,,,,,
2026-04-03,5803,フジクラ,4616.0,4390.0,4298.1,3787.2,,51978000,0.87,,,,,
2026-04-03,4597,ソレイジア・ファーマ,34.0,33.4,32.4,31.0,,37931700,0.8,,,,,
2026-04-03,1605,ＩＮＰＥＸ,4675.0,4702.6,4496.7,3825.8,,12217700,0.74,,,,,
2026-04-03,5801,古河電気工業,35800.0,32089.0,29789.5,21544.0,,12149200,1.29,,,,,
2026-04-03,1459,楽天ＥＴＦ‐日経ダブルインバース指数連動型,193.0,200.4,197.8,196.3,,10720988,0.72,,,,,
2026-04-03,4884,クリングルファーマ,511.0,463.6,411.2,398.6,,9167400,8.31,,,,,
2026-04-03,7375,リファインバースグループ,1530.0,1409.0,1165.5,970.4,,8197000,5.11,,,,,
2026-04-03,1357,ＮＥＸＴ　ＦＵＮＤＳ　日経平均ダブルインバース・インデックス連動型上場投信,4804.0,4964.0,4898.0,4863.9,,6936241,0.71,,,,,
2026-04-03,9107,川崎汽船,2698.0,2690.8,2681.8,2446.0,,6485200,0.72,,,,,
2026-04-03,8058,三菱商事,5475.0,5469.6,5365.9,4792.4,,6060700,0.44,,,,,
2026-04-03,9433,ＫＤＤＩ,2745.0,2704.3,2681.6,2673.0,,6047600,0.52,,,,,
2026-04-03,6963,ローム,3608.0,3306.2,3293.2,2836.4,,6007500,1.16,,,,,
2026-04-03,6752,パナソニック　ホールディングス,2715.0,2683.5,2609.2,2413.0,,5918600,0.59,,,,,
2026-04-03,3436,ＳＵＭＣＯ,1738.0,1728.3,1690.4,1642.6,,5581300,0.6,,,,,
2026-04-03,2195,アミタホールディングス,560.0,534.6,391.1,369.6,,4684000,1.78,,,,,
2026-04-03,9104,商船三井,6766.0,6625.2,6454.9,5568.8,,4470300,0.58,,,,,
2026-04-03,4063,信越化学工業,6450.0,6368.6,6306.5,5789.2,,4405400,0.43,,,,,
2026-04-03,5020,ＥＮＥＯＳホールディングス,1463.0,1449.2,1388.5,1350.5,,4340900,0.36,,,,,
2026-04-03,2503,キリンホールディングス,2540.0,2557.1,2547.5,2511.8,,4083400,1.16,,,,,
2026-04-03,8031,三井物産,6381.0,6233.2,6129.6,5578.2,,4057100,0.39,,,,,
2026-04-03,8750,第一生命ホールディングス,1472.5,1453.6,1443.8,1439.8,,3924000,0.35,,,,,
2026-04-03,8766,東京海上ホールディングス,7243.0,7314.2,6613.1,6247.3,,3548000,0.3,,,,,
2026-04-03,9101,日本郵船,6164.0,5959.8,5814.3,5397.1,,3473900,0.66,,,,,
2026-04-03,6522,アスタリスク,1150.0,1190.8,843.8,549.2,,3439200,0.44,,,,,
2026-04-03,4543,テルモ,2182.0,2145.7,2092.0,2089.4,,3428700,0.51,,,,,
2026-04-03,6619,ダブル・スコープ,240.0,225.2,198.3,177.7,,3404800,1.23,,,,,
2026-04-03,6920,レーザーテック,35860.0,34976.0,34751.5,33820.2,,3154900,0.71,,,,,
2026-04-03,1366,ｉＦｒｅｅＥＴＦ　日経平均ダブルインバース・インデックス,121.0,124.4,123.0,122.2,,3132021,0.66,,,,,
2026-04-03,5423,東京製鐵,1902.0,1682.0,1628.8,1591.1,,3075000,7.43,,,,,
2026-04-03,8835,太平洋興発,1056.0,1151.8,983.1,921.7,,3021800,1.34,,,,,
2026-04-03,2914,日本たばこ産業,6105.0,6052.4,5872.9,5843.2,,2809600,0.57,,,,,
2026-04-03,1662,石油資源開発,2577.0,2605.0,2547.1,2230.3,,2708300,0.57,,,,,
2026-04-03,5019,出光興産,1595.0,1569.9,1490.5,1392.6,,2624000,0.55,,,,,
2026-04-03,8002,丸紅,5988.0,5850.4,5592.8,5463.5,,2567900,0.46,,,,,
2026-04-03,4503,アステラス製薬,2587.0,2584.5,2470.9,2382.7,,2539400,0.38,,,,,
2026-04-03,9519,レノバ,925.0,881.8,793.8,735.4,,2482800,1.41,,,,,
2026-04-03,8593,三菱ＨＣキャピタル,1469.5,1435.1,1433.0,1419.4,,2446200,0.54,,,,,
2026-04-03,3853,アステリア,1578.0,1493.4,1351.9,1261.0,,2386100,1.01,,,,,
2026-04-03,2656,ベクターホールディングス,206.0,192.4,168.1,147.2,,2366800,1.8,,,,,
2026-04-03,4502,武田薬品工業,5802.0,5791.4,5747.7,5508.1,,2269900,0.43,,,,,
2026-04-03,4888,ステラファーマ,587.0,695.8,619.2,427.6,,2092000,0.32,,,,,
2026-04-03,2802,味の素,4612.0,4547.4,4459.4,4145.5,,1990300,0.47,,,,,
2026-04-03,1514,住石ホールディングス,953.0,990.8,971.9,845.6,,1962000,0.67,,,,,
2026-04-03,7167,めぶきフィナンシャルグループ,1286.0,1254.2,1219.2,1213.9,,1936100,0.73,,,,,
2026-04-03,4840,トライアイズ,970.0,770.8,546.0,504.5,,1845300,2.78,,,,,
2026-04-03,9602,東宝,1727.0,1693.4,1633.6,1594.8,,1839100,0.58,,,,,
2026-04-03,4911,資生堂,3385.0,3293.4,3099.7,2922.2,,1806200,0.65,,,,,
2026-04-03,9503,関西電力,2694.0,2661.7,2589.3,2586.1,,1738700,0.48,,,,,
2026-04-03,1699,ＮＥＸＴ　ＦＵＮＤＳ　ＮＯＭＵＲＡ　原油インデックス連動型上場投信,594.8,601.3,588.6,475.8,,1647570,0.54,,,,,
2026-04-03,4031,片倉コープアグリ,1516.0,1526.6,1293.8,1091.5,,1584300,1.72,,,,,
2026-04-03,1571,ＮＥＸＴ　ＦＵＮＤＳ　日経平均インバース・インデックス連動型上場投信,382.0,388.0,385.1,381.9,,1577842,0.64,,,,,
2026-04-03,3415,ＴＯＫＹＯ　ＢＡＳＥ,400.0,420.4,417.6,417.1,,1551400,2.02,,,,,
2026-04-03,4385,メルカリ,3963.0,3826.6,3598.5,3415.5,,1437400,0.83,,,,,
2026-04-03,9502,中部電力,2733.0,2674.0,2575.7,2447.6,,1405400,0.48,,,,,
2026-04-03,3099,三越伊勢丹ホールディングス,3053.0,2940.8,2911.9,2820.7,,1393900,0.66,,,,,
2026-04-03,9513,電源開発,4417.0,4381.8,4036.1,3638.7,,1377400,0.68,,,,,
2026-04-03,4507,塩野義製薬,3562.0,3538.8,3450.2,3329.6,,1325300,0.4,,,,,
2026-04-03,6197,ソラスト,1116.0,1115.6,1034.9,955.1,,1319300,0.35,,,,,
2026-04-03,8630,ＳＯＭＰＯホールディングス,6017.0,6063.6,5935.0,5797.2,,1302200,0.45,,,,,
2026-04-03,6674,ジーエス・ユアサ　コーポレーション,5859.0,5575.4,5208.8,4582.4,,1261100,0.81,,,,,
2026-04-03,3113,ＵＮＩＶＡ・Ｏａｋホールディングス,93.0,86.4,79.6,75.0,,1205700,1.49,,,,,
2026-04-03,2492,インフォマート,471.0,464.2,420.4,417.4,,1162000,0.52,,,,,
2026-04-03,1671,ＷＴＩ原油価格連動型上場投信,5362.0,5238.6,4958.6,3837.6,,1104180,0.6,,,,,
2026-04-03,3011,バナーズ,183.0,187.0,166.5,158.3,,1092500,3.86,,,,,
2026-04-03,6838,多摩川ホールディングス,1361.0,1264.0,1222.7,952.5,,1080900,1.59,,,,,
2026-04-03,5726,大阪チタニウムテクノロジーズ,2702.0,2643.4,2631.1,2594.2,,1040700,0.75,,,,,
2026-04-03,4528,小野薬品工業,2532.5,2534.4,2442.9,2421.9,,1025000,0.43,,,,,
2026-04-03,6670,ＭＣＪ,2182.0,2252.6,2240.2,2021.9,,1016100,0.96,,,,,
2026-04-03,2267,ヤクルト本社,2701.0,2674.3,2617.5,2587.9,,1001000,0.67,,,,,
2026-04-03,8086,ニプロ,1647.0,1600.2,1540.1,1506.6,,985000,0.97,,,,,
2026-04-03,2768,双日,6359.0,6287.2,6273.5,6140.0,,949000,0.58,,,,,
2026-04-03,8334,群馬銀行,2231.5,2179.2,2132.3,2065.1,,945400,0.53,,,,,
2026-04-03,7731,ニコン,2018.0,1948.6,1943.0,1922.7,,935300,0.6,,,,,
2026-04-03,2871,ニチレイ,2010.5,1991.4,1984.8,1971.3,,912500,0.65,,,,,
2026-04-03,3930,はてな,1059.0,1039.0,996.0,950.1,,905600,26.86,,,,,
2026-04-03,9042,阪急阪神ホールディングス,4797.0,4656.2,4351.6,4344.9,,899300,0.55,,,,,
2026-04-03,6754,アンリツ,3002.0,2892.8,2860.7,2614.4,,884000,0.62,,,,,
2026-04-03,1878,大東建託,3742.0,3701.0,3641.3,3398.5,,875200,0.48,,,,,
2026-04-03,9517,イーレックス,1070.0,1035.8,911.7,744.0,,864800,0.72,,,,,
2026-04-03,3401,帝人,1685.0,1649.5,1595.2,1565.7,,860500,0.66,,,,,
2026-04-03,9412,スカパーＪＳＡＴホールディングス,3070.0,2976.6,2924.5,2629.8,,858700,0.58,,,,,
2026-04-03,4691,ワシントンホテル,1591.0,1464.0,1415.3,1411.6,,847000,15.71,,,,,
2026-04-03,2331,ＡＬＳＯＫ,1279.5,1258.1,1237.6,1222.4,,842300,0.74,,,,,
2026-04-03,4061,デンカ,3790.0,3666.8,3451.3,3238.1,,824700,0.86,,,,,
2026-04-03,3333,あさひ,1391.0,1356.4,1308.0,1302.5,,803900,3.96,,,,,
2026-04-03,6407,ＣＫＤ,4875.0,4550.0,4513.2,4469.4,,800700,1.31,,,,,
2026-04-03,8359,八十二長野銀行,2027.5,1999.3,1982.5,1967.7,,777800,0.51,,,,,
2026-04-03,4565,ネクセラファーマ,1005.0,953.6,913.6,878.3,,770400,0.54,,,,,
2026-04-03,2251,ＮＥＸＴ　ＦＵＮＤＳ　ＪＰＸ国債先物ダブルインバース指数連動型上場投信,868.8,864.7,856.7,853.5,,744160,3.31,,,,,
2026-04-03,4523,エーザイ,5027.0,4985.0,4877.7,4780.4,,742700,0.64,,,,,
2026-04-03,9505,北陸電力,1115.0,1097.5,1067.9,1038.1,,722600,0.72,,,,,
2026-04-03,9005,東急,1917.0,1889.0,1878.8,1863.3,,718000,0.34,,,,,
2026-04-03,8341,七十七銀行,3211.0,3164.2,3075.2,3001.0,,715900,0.68,,,,,
2026-04-03,7747,朝日インテック,3511.0,3416.0,3261.4,3005.4,,710800,0.57,,,,,
2026-04-03,8088,岩谷産業,2058.0,2046.4,1959.7,1896.9,,702500,0.34,,,,,
2026-04-03,9514,エフオン,395.0,378.6,367.5,364.4,,679300,2.38,,,,,
2026-04-03,9735,セコム,6123.0,6057.6,5991.4,5909.1,,671900,0.53,,,,,
2026-04-03,4578,大塚ホールディングス,11220.0,11259.0,10885.0,10065.8,,671800,0.51,,,,,
2026-04-03,3563,ＦＯＯＤ　＆　ＬＩＦＥ　ＣＯＭＰＡＮＩＥＳ,9751.0,9564.0,9547.5,9189.0,,664600,0.62,,,,,
2026-04-03,2002,日清製粉グループ本社,2168.0,2131.1,2085.7,2063.9,,658500,0.72,,,,,
2026-04-03,5333,日本碍子,4135.0,4078.2,4060.8,3999.4,,631600,0.53,,,,,
2026-04-03,7762,シチズン時計,1761.0,1715.4,1701.3,1574.6,,630700,0.55,,,,,
2026-04-03,9159,Ｗ　ＴＯＫＹＯ,2673.0,2368.6,1766.0,1703.0,,613800,3.22,,,,,
2026-04-03,3863,日本製紙,1290.0,1276.4,1257.6,1222.9,,591000,0.47,,,,,
2026-04-03,8012,長瀬産業,1175.5,1171.1,1149.0,1110.1,,588400,0.43,,,,,
2026-04-03,8366,滋賀銀行,1901.0,1896.0,1783.5,1703.2,,584500,0.48,,,,,
2026-04-03,8282,ケーズホールディングス,1760.0,1707.2,1654.5,1649.2,,575600,0.64,,,,,
2026-04-03,1629,ＮＥＸＴ　ＦＵＮＤＳ　商社・卸売（ＴＯＰＩＸ－１７）上場投信,287.2,283.7,279.0,267.6,,575550,0.43,,,,,
2026-04-03,6770,アルプスアルパイン,2193.5,2155.2,2146.8,2115.4,,558300,0.42,,,,,
2026-04-03,3856,Ａｂａｌａｎｃｅ,685.0,647.0,629.5,566.1,,542800,3.95,,,,,
2026-04-03,8346,東邦銀行,681.0,671.6,657.1,650.2,,539700,0.54,,,,,
2026-04-03,8289,Ｏｌｙｍｐｉｃグループ,619.0,540.8,461.7,460.1,,534800,1.21,,,,,
2026-04-03,7389,あいちフィナンシャルグループ,1432.0,1429.4,1296.5,1197.8,,530700,0.51,,,,,
2026-04-03,2170,リンクアンドモチベーション,607.0,576.6,553.6,535.9,,528900,0.83,,,,,
2026-04-03,9468,ＫＡＤＯＫＡＷＡ,3897.0,3807.6,3427.4,3218.9,,521300,0.48,,,,,
2026-04-03,4676,フジ・メディア・ホールディングス,4164.0,4082.4,3905.2,3791.9,,515400,0.55,,,,,
2026-04-03,9532,大阪瓦斯,6498.0,6456.4,6352.7,6167.9,,515000,0.43,,,,,
2026-04-03,1447,ＳＡＡＦホールディングス,423.0,403.2,395.6,383.5,,510300,2.28,,,,,
2026-04-03,9507,四国電力,1827.5,1792.8,1724.6,1662.5,,506200,0.62,,,,,
2026-04-03,6787,メイコー,26670.0,26762.0,25779.0,18719.8,,505600,0.74,,,,,
2026-04-03,7868,広済堂ホールディングス,501.0,498.2,486.8,485.9,,501400,0.46,,,,,
2026-04-06,4564,オンコセラピー・サイエンス,25.0,22.8,22.2,21.4,,171388500,1.86,,,,,
2026-04-06,9432,ＮＴＴ,157.1,157.0,156.7,155.4,,99742600,0.48,,,,,
2026-04-06,5803,フジクラ,4600.0,4409.0,4318.9,3812.5,,46016200,0.78,,,,,
2026-04-06,1605,ＩＮＰＥＸ,4512.0,4626.6,4517.7,3847.9,,11644300,0.72,,,,,
2026-04-06,5801,古河電気工業,37300.0,33359.0,30247.0,21990.2,,9808200,0.99,,,,,
2026-04-06,2656,ベクターホールディングス,215.0,198.4,171.7,148.6,,8315000,6.23,,,,,
2026-04-06,7375,リファインバースグループ,1829.0,1499.0,1210.2,987.4,,8154200,3.49,,,,,
2026-04-06,8058,三菱商事,5405.0,5416.8,5382.5,4819.4,,7612300,0.63,,,,,
2026-04-06,9107,川崎汽船,2733.5,2706.3,2688.1,2454.5,,7189400,0.89,,,,,
2026-04-06,9433,ＫＤＤＩ,2763.5,2715.2,2686.3,2673.6,,6276000,0.58,,,,,
2026-04-06,6752,パナソニック　ホールディングス,2780.5,2719.6,2623.3,2424.3,,5743100,0.61,,,,,
2026-04-06,5020,ＥＮＥＯＳホールディングス,1460.0,1453.9,1391.6,1355.1,,5381800,0.5,,,,,
2026-04-06,3436,ＳＵＭＣＯ,1746.0,1721.1,1692.7,1646.0,,5285600,0.58,,,,,
2026-04-06,4063,信越化学工業,6523.0,6429.8,6320.3,5810.9,,5253100,0.55,,,,,
2026-04-06,9104,商船三井,6851.0,6642.8,6499.6,5602.7,,5201800,0.78,,,,,
2026-04-06,2195,アミタホールディングス,561.0,545.8,403.1,374.0,,5172900,1.7,,,,,
2026-04-06,4597,ソレイジア・ファーマ,34.0,33.6,32.4,31.1,,5165500,0.11,,,,,
2026-04-06,6920,レーザーテック,37460.0,35408.0,34959.0,33898.6,,5163000,1.17,,,,,
2026-04-06,8031,三井物産,6364.0,6248.2,6151.2,5603.4,,5045600,0.55,,,,,
2026-04-06,9101,日本郵船,6288.0,6073.2,5851.6,5415.2,,4323600,0.9,,,,,
2026-04-06,6963,ローム,3611.0,3403.4,3311.7,2857.9,,4059000,0.8,,,,,
2026-04-06,4543,テルモ,2185.5,2162.0,2098.2,2087.8,,3956200,0.65,,,,,
2026-04-06,1963,日揮ホールディングス,2537.5,2446.7,2220.9,2213.4,,3947300,0.93,,,,,
2026-04-06,6619,ダブル・スコープ,256.0,232.2,202.7,179.4,,3902900,1.35,,,,,
2026-04-06,5019,出光興産,1627.0,1583.8,1500.5,1399.3,,3685600,0.82,,,,,
2026-04-06,6976,太陽誘電,4549.0,4101.8,4067.2,3971.8,,3577500,1.62,,,,,
2026-04-06,8766,東京海上ホールディングス,7308.0,7322.2,6670.1,6268.8,,3422700,0.3,,,,,
2026-04-06,4503,アステラス製薬,2607.5,2594.3,2481.0,2390.7,,3411200,0.56,,,,,
2026-04-06,1699,ＮＥＸＴ　ＦＵＮＤＳ　ＮＯＭＵＲＡ　原油インデックス連動型上場投信,594.9,596.2,593.4,479.2,,3394570,1.15,,,,,
2026-04-06,4884,クリングルファーマ,448.0,473.4,412.9,399.6,,3385800,1.68,,,,,
2026-04-06,2503,キリンホールディングス,2620.0,2580.8,2549.0,2515.8,,3184100,0.95,,,,,
2026-04-06,8593,三菱ＨＣキャピタル,1474.0,1448.6,1433.9,1421.6,,3080400,0.71,,,,,
2026-04-06,9503,関西電力,2601.5,2652.8,2592.9,2587.6,,2959800,0.9,,,,,
2026-04-06,8002,丸紅,5890.0,5875.8,5618.2,5485.8,,2784700,0.56,,,,,
2026-04-06,1662,石油資源開発,2519.0,2570.0,2552.5,2245.0,,2679100,0.62,,,,,
2026-04-06,2914,日本たばこ産業,6098.0,6060.8,5892.1,5850.8,,2621800,0.57,,,,,
2026-04-06,4888,ステラファーマ,580.0,660.6,624.7,432.4,,2451200,0.41,,,,,
2026-04-06,4502,武田薬品工業,5754.0,5799.6,5751.1,5522.1,,2326500,0.48,,,,,
2026-04-06,2802,味の素,4657.0,4589.4,4466.4,4167.1,,2261800,0.61,,,,,
2026-04-06,4911,資生堂,3433.0,3345.2,3117.5,2939.5,,2260100,0.85,,,,,
2026-04-06,6197,ソラスト,1116.0,1115.8,1041.0,959.2,,2235000,0.58,,,,,
2026-04-06,3192,白鳩,399.0,345.0,300.4,298.6,,2094800,27.59,,,,,
2026-04-06,3853,アステリア,1411.0,1479.6,1357.8,1268.3,,2072100,0.81,,,,,
2026-04-06,9502,中部電力,2712.5,2689.4,2587.1,2456.0,,1987600,0.72,,,,,
2026-04-06,7167,めぶきフィナンシャルグループ,1301.5,1271.9,1221.5,1217.2,,1923600,0.73,,,,,
2026-04-06,1671,ＷＴＩ原油価格連動型上場投信,5399.0,5267.8,5021.8,3877.7,,1607327,0.92,,,,,
2026-04-06,9602,東宝,1725.5,1708.4,1641.4,1596.9,,1567900,0.54,,,,,
2026-04-06,9513,電源開発,4289.0,4373.4,4060.9,3655.7,,1552300,0.78,,,,,
2026-04-06,4840,トライアイズ,1100.0,873.2,576.6,514.5,,1536600,1.81,,,,,
2026-04-06,3099,三越伊勢丹ホールディングス,3120.0,2992.4,2915.8,2833.1,,1478900,0.74,,,,,
2026-04-06,4265,Ｉｎｓｔｉｔｕｔｉｏｎ　ｆｏｒ　ａ　Ｇｌｏｂａｌ　Ｓｏｃｉｅｔｙ,465.0,400.6,382.5,324.1,,1470300,1.53,,,,,
2026-04-06,6269,三井海洋開発,15450.0,15138.0,14454.2,14389.9,,1454200,0.71,,,,,
2026-04-06,4507,塩野義製薬,3580.0,3556.4,3456.6,3341.8,,1347300,0.45,,,,,
2026-04-06,2341,アルバイトタイムス,216.0,201.6,192.8,189.2,,1332900,42.14,,,,,
2026-04-06,8630,ＳＯＭＰＯホールディングス,6018.0,6073.6,5935.5,5804.8,,1291900,0.48,,,,,
2026-04-06,4523,エーザイ,5139.0,5036.8,4891.6,4786.6,,1239400,1.13,,,,,
2026-04-06,5423,東京製鐵,1871.0,1729.6,1644.3,1597.3,,1231500,1.82,,,,,
2026-04-06,6522,アスタリスク,1052.0,1108.6,876.4,560.4,,1210900,0.19,,,,,
2026-04-06,2170,リンクアンドモチベーション,633.0,594.4,557.4,537.9,,1196300,1.92,,,,,
2026-04-06,8897,ＭＩＲＡＲＴＨホールディングス,428.0,415.6,410.6,405.9,,1187900,1.03,,,,,
2026-04-06,6674,ジーエス・ユアサ　コーポレーション,5977.0,5692.6,5254.7,4617.6,,1169600,0.75,,,,,
2026-04-06,8835,太平洋興発,1039.0,1107.2,990.4,924.7,,1157900,0.45,,,,,
2026-04-06,4385,メルカリ,3930.0,3871.8,3620.4,3428.2,,1105000,0.63,,,,,
2026-04-06,4536,参天製薬,1875.5,1831.1,1725.1,1722.1,,1093500,1.12,,,,,
2026-04-06,2371,カカクコム,2220.5,2161.2,1983.8,1977.4,,1069900,0.54,,,,,
2026-04-06,1878,大東建託,3786.0,3725.8,3648.5,3411.5,,1058800,0.61,,,,,
2026-04-06,3197,すかいらーくホールディングス,3395.0,3429.2,3406.7,3402.2,,1057100,1.36,,,,,
2026-04-06,5563,新日本電工,441.0,424.8,423.3,411.3,,1050900,1.36,,,,,
2026-04-06,2768,双日,6373.0,6311.6,6276.3,6161.9,,1031300,0.69,,,,,
2026-04-06,2492,インフォマート,478.0,471.6,423.3,418.7,,1019700,0.47,,,,,
2026-04-06,6754,アンリツ,3004.0,2928.4,2863.5,2626.8,,1016700,0.73,,,,,
2026-04-06,9519,レノバ,908.0,888.2,804.0,739.6,,1002200,0.54,,,,,
2026-04-06,9517,イーレックス,1008.0,1025.4,922.4,750.5,,997500,0.83,,,,,
2026-04-06,3401,帝人,1663.5,1666.4,1596.1,1570.7,,945000,0.77,,,,,
2026-04-06,8334,群馬銀行,2208.5,2186.9,2136.1,2071.8,,933800,0.54,,,,,
2026-04-06,6703,沖電気工業,2943.0,2767.4,2719.0,2580.5,,921500,1.25,,,,,
2026-04-06,9412,スカパーＪＳＡＴホールディングス,3060.0,3003.4,2932.1,2646.2,,905300,0.65,,,,,
2026-04-06,2331,ＡＬＳＯＫ,1293.0,1270.2,1240.4,1223.2,,877800,0.8,,,,,
2026-04-06,9301,三菱倉庫,1389.5,1383.0,1369.1,1352.6,,869600,0.55,,,,,
2026-04-06,6770,アルプスアルパイン,2190.5,2165.6,2149.5,2118.4,,816900,0.74,,,,,
2026-04-06,7731,ニコン,2018.5,1972.3,1945.4,1926.9,,797500,0.58,,,,,
2026-04-06,5333,日本碍子,4120.0,4099.4,4057.2,4011.2,,793000,0.76,,,,,
2026-04-06,4676,フジ・メディア・ホールディングス,4294.0,4133.6,3931.2,3797.3,,776300,0.82,,,,,
2026-04-06,2269,明治ホールディングス,3968.0,3935.2,3932.4,3812.4,,768100,0.63,,,,,
2026-04-06,1435,ｒｏｂｏｔ　ｈｏｍｅ,203.0,198.0,193.3,185.3,,767100,1.3,,,,,
2026-04-06,3774,インターネットイニシアティブ,2624.0,2515.4,2411.3,2409.1,,761700,1.32,,,,,
2026-04-06,9115,明海グループ,1352.0,1296.6,1179.6,878.2,,758900,0.58,,,,,
2026-04-06,9507,四国電力,1790.0,1798.9,1733.1,1666.2,,751400,1.02,,,,,
2026-04-06,8359,八十二長野銀行,2058.5,2020.8,1987.4,1972.2,,747700,0.52,,,,,
2026-04-06,9735,セコム,6136.0,6086.6,6000.5,5917.6,,744700,0.63,,,,,
2026-04-06,2267,ヤクルト本社,2726.0,2687.7,2624.8,2592.2,,744400,0.52,,,,,
2026-04-06,9147,ＮＩＰＰＯＮ　ＥＸＰＲＥＳＳホールディングス,3777.0,3682.6,3644.9,3616.7,,737100,0.72,,,,,
2026-04-06,8088,岩谷産業,2039.5,2040.0,1971.9,1903.1,,726700,0.4,,,,,
2026-04-06,9005,東急,1907.5,1896.4,1878.8,1864.5,,719900,0.36,,,,,
2026-04-06,4528,小野薬品工業,2532.0,2537.4,2443.4,2427.6,,717900,0.39,,,,,
2026-04-06,8282,ケーズホールディングス,1807.5,1734.9,1663.0,1652.4,,707800,0.79,,,,,
2026-04-06,2002,日清製粉グループ本社,2173.0,2148.6,2088.9,2068.0,,704900,0.81,,,,,
2026-04-06,7762,シチズン時計,1799.0,1735.2,1703.7,1582.7,,698200,0.65,,,,,
2026-04-06,8508,Ｊトラスト,573.0,556.2,554.0,518.1,,686900,1.15,,,,,
2026-04-06,4031,片倉コープアグリ,1470.0,1466.6,1315.5,1100.2,,674300,0.64,,,,,
2026-04-06,9505,北陸電力,1094.0,1098.7,1070.5,1040.1,,657700,0.71,,,,,
2026-04-06,2871,ニチレイ,2000.5,1998.5,1981.8,1973.5,,643600,0.52,,,,,
2026-04-06,4565,ネクセラファーマ,1015.0,983.2,919.1,880.7,,633900,0.44,,,,,
2026-04-06,4578,大塚ホールディングス,11180.0,11246.0,10941.0,10104.5,,631900,0.53,,,,,
2026-04-06,5726,大阪チタニウムテクノロジーズ,2668.0,2642.6,2618.2,2602.6,,629900,0.45,,,,,
2026-04-06,2929,ファーマフーズ,720.0,693.2,660.6,658.3,,628200,1.73,,,,,
2026-04-06,9042,阪急阪神ホールディングス,4775.0,4688.0,4379.7,4356.6,,627200,0.4,,,,,
2026-04-06,3113,ＵＮＩＶＡ・Ｏａｋホールディングス,90.0,87.8,80.5,75.3,,612300,0.74,,,,,
2026-04-06,8366,滋賀銀行,1900.0,1911.4,1793.1,1709.3,,607800,0.51,,,,,
2026-04-06,8346,東邦銀行,684.0,676.4,658.2,652.4,,604700,0.66,,,,,
2026-04-06,6363,酉島製作所,3485.0,3256.0,2859.0,2512.7,,574300,1.05,,,,,
2026-04-06,3673,ブロードリーフ,1008.0,962.4,945.2,775.3,,567600,0.81,,,,,
2026-04-06,8628,松井証券,971.0,962.4,961.8,932.8,,560800,0.37,,,,,
2026-04-06,2695,くら寿司,3555.0,3651.0,3574.8,3526.1,,556100,2.68,,,,,
2026-04-06,7868,広済堂ホールディングス,505.0,501.4,488.0,486.7,,543500,0.54,,,,,
2026-04-06,8012,長瀬産業,1177.0,1176.2,1150.4,1113.2,,540600,0.47,,,,,
2026-04-06,6481,ＴＨＫ,4926.0,4869.8,4841.8,4766.3,,534100,0.56,,,,,
2026-04-06,7747,朝日インテック,3513.0,3461.0,3272.4,3014.5,,530000,0.44,,,,,
2026-04-06,3563,ＦＯＯＤ　＆　ＬＩＦＥ　ＣＯＭＰＡＮＩＥＳ,9611.0,9593.6,9565.0,9209.2,,523500,0.5,,,,,
2026-04-06,9532,大阪瓦斯,6439.0,6450.4,6342.3,6184.4,,522300,0.5,,,,,
2026-04-06,4061,デンカ,3786.0,3718.2,3463.6,3253.3,,515500,0.54,,,,,
2026-04-06,3294,イーグランド,4840.0,3341.6,2380.9,2228.1,,509300,30.26,,,,,
2026-04-06,7859,アルメディオ,261.0,274.8,259.8,220.2,,503500,0.37,,,,,
2026-04-07,4564,オンコセラピー・サイエンス,27.0,24.0,22.5,21.5,,183231700,1.78,,,,,
2026-04-07,4597,ソレイジア・ファーマ,34.0,34.2,32.5,31.2,,58294800,1.38,,,,,
2026-04-07,5803,フジクラ,4370.0,4465.0,4349.0,3834.6,,47494600,0.83,,,,,
2026-04-07,6740,ジャパンディスプレイ,82.0,89.2,88.9,45.6,,46067600,0.35,,,,,
2026-04-07,1605,ＩＮＰＥＸ,4480.0,4587.0,4536.7,3872.2,,9903500,0.63,,,,,
2026-04-07,5801,古河電気工業,36510.0,34904.0,30807.5,22430.0,,8801300,0.86,,,,,
2026-04-07,6752,パナソニック　ホールディングス,2835.5,2769.6,2643.7,2437.2,,8029600,0.88,,,,,
2026-04-07,9433,ＫＤＤＩ,2702.5,2711.0,2687.4,2673.9,,7804600,0.76,,,,,
2026-04-07,5020,ＥＮＥＯＳホールディングス,1471.5,1466.1,1398.6,1360.7,,7753800,0.77,,,,,
2026-04-07,7375,リファインバースグループ,1933.0,1645.6,1259.7,1005.5,,7407200,2.39,,,,,
2026-04-07,8058,三菱商事,5425.0,5438.4,5407.9,4847.0,,6565800,0.57,,,,,
2026-04-07,9107,川崎汽船,2750.0,2728.5,2696.7,2462.7,,6414300,0.84,,,,,
2026-04-07,5019,出光興産,1659.0,1607.3,1514.1,1407.2,,5616800,1.3,,,,,
2026-04-07,6981,村田製作所,3786.0,3706.2,3672.7,3534.4,,5421900,0.73,,,,,
2026-04-07,4884,クリングルファーマ,449.0,481.8,415.3,400.5,,5393600,2.3,,,,,
2026-04-07,4543,テルモ,2225.0,2185.4,2107.3,2087.1,,5337600,0.93,,,,,
2026-04-07,8031,三井物産,6378.0,6332.0,6184.0,5629.9,,4905300,0.57,,,,,
2026-04-07,4063,信越化学工業,6574.0,6492.8,6350.5,5833.0,,4807800,0.57,,,,,
2026-04-07,3436,ＳＵＭＣＯ,1763.0,1741.8,1703.6,1649.5,,4761100,0.55,,,,,
2026-04-07,3271,ＴＨＥグローバル社,1275.0,1083.2,944.2,942.4,,4646800,26.17,,,,,
2026-04-07,9104,商船三井,6870.0,6717.6,6545.0,5636.4,,4607500,0.74,,,,,
2026-04-07,4503,アステラス製薬,2612.0,2612.9,2493.1,2397.8,,4525300,0.77,,,,,
2026-04-07,2656,ベクターホールディングス,207.0,202.0,174.6,149.8,,4264100,2.03,,,,,
2026-04-07,6619,ダブル・スコープ,242.0,238.2,206.8,180.8,,3990300,1.34,,,,,
2026-04-07,4502,武田薬品工業,5798.0,5826.4,5760.1,5536.2,,3898700,0.87,,,,,
2026-04-07,6920,レーザーテック,36570.0,36052.0,35269.5,33973.1,,3874200,0.86,,,,,
2026-04-07,4265,Ｉｎｓｔｉｔｕｔｉｏｎ　ｆｏｒ　ａ　Ｇｌｏｂａｌ　Ｓｏｃｉｅｔｙ,493.0,422.4,392.6,327.0,,3691900,4.16,,,,,
2026-04-07,8766,東京海上ホールディングス,7277.0,7316.0,6732.8,6291.8,,3538100,0.31,,,,,
2026-04-07,9101,日本郵船,6309.0,6181.4,5889.0,5432.9,,3391300,0.74,,,,,
2026-04-07,2914,日本たばこ産業,6086.0,6074.0,5913.4,5858.8,,3304700,0.78,,,,,
2026-04-07,4840,トライアイズ,1078.0,951.2,606.5,524.1,,3256900,3.26,,,,,
2026-04-07,1963,日揮ホールディングス,2580.0,2508.3,2246.3,2222.7,,3141600,0.72,,,,,
2026-04-07,9602,東宝,1676.5,1710.3,1645.1,1598.6,,3089900,1.1,,,,,
2026-04-07,2503,キリンホールディングス,2632.5,2602.3,2550.2,2520.6,,2937000,0.91,,,,,
2026-04-07,8593,三菱ＨＣキャピタル,1482.5,1464.9,1437.3,1423.9,,2902200,0.7,,,,,
2026-04-07,9503,関西電力,2578.0,2651.5,2600.8,2589.7,,2873800,0.89,,,,,
2026-04-07,2195,アミタホールディングス,490.0,543.8,412.4,377.0,,2712500,0.88,,,,,
2026-04-07,8002,丸紅,5919.0,5936.0,5656.6,5508.0,,2706800,0.59,,,,,
2026-04-07,9502,中部電力,2723.5,2717.7,2601.4,2464.4,,2687500,1.04,,,,,
2026-04-07,3853,アステリア,1476.0,1493.2,1371.6,1276.4,,2677500,0.98,,,,,
2026-04-07,4888,ステラファーマ,643.0,637.4,634.8,439.0,,2642300,0.47,,,,,
2026-04-07,4004,レゾナック・ホールディングス,11785.0,11245.0,10985.6,10037.5,,2394500,0.82,,,,,
2026-04-07,6963,ローム,3550.0,3502.8,3315.4,2878.3,,2373300,0.47,,,,,
2026-04-07,4911,資生堂,3452.0,3397.6,3138.3,2957.4,,2248500,0.86,,,,,
2026-04-07,4385,メルカリ,3952.0,3928.0,3644.4,3440.7,,2225600,1.28,,,,,
2026-04-07,2802,味の素,4598.0,4629.6,4479.0,4188.1,,2101900,0.6,,,,,
2026-04-07,6976,太陽誘電,4581.0,4279.2,4099.2,3987.7,,2046400,0.86,,,,,
2026-04-07,7167,めぶきフィナンシャルグループ,1308.0,1294.9,1228.3,1220.8,,1916200,0.74,,,,,
2026-04-07,4507,塩野義製薬,3618.0,3586.2,3468.1,3354.8,,1768500,0.63,,,,,
2026-04-07,3099,三越伊勢丹ホールディングス,3134.0,3048.5,2926.3,2845.7,,1745500,0.95,,,,,
2026-04-07,9519,レノバ,899.0,900.4,815.0,743.6,,1723600,1.01,,,,,
2026-04-07,8697,日本取引所グループ,1905.0,1887.0,1873.9,1843.3,,1709600,0.45,,,,,
2026-04-07,1699,ＮＥＸＴ　ＦＵＮＤＳ　ＮＯＭＵＲＡ　原油インデックス連動型上場投信,609.3,595.1,594.9,483.1,,1496330,0.49,,,,,
2026-04-07,8630,ＳＯＭＰＯホールディングス,6071.0,6085.4,5950.6,5813.3,,1441000,0.56,,,,,
2026-04-07,7630,壱番屋,896.0,919.6,913.8,912.1,,1391800,4.71,,,,,
2026-04-07,5706,三井金属,31550.0,31082.0,30866.2,27580.8,,1386500,0.74,,,,,
2026-04-07,7731,ニコン,1939.5,1982.6,1947.5,1929.7,,1363900,1.01,,,,,
2026-04-07,4676,フジ・メディア・ホールディングス,4386.0,4211.8,3962.9,3805.8,,1289700,1.6,,,,,
2026-04-07,3401,帝人,1679.0,1675.8,1603.0,1575.8,,1254200,1.08,,,,,
2026-04-07,9143,ＳＧホールディングス,1528.5,1509.0,1508.4,1504.9,,1239000,0.83,,,,,
2026-04-07,6269,三井海洋開発,14885.0,15181.0,14589.8,14398.9,,1235000,0.64,,,,,
2026-04-07,2492,インフォマート,483.0,475.2,427.2,419.7,,1180400,0.57,,,,,
2026-04-07,1878,大東建託,3798.0,3749.8,3655.4,3425.4,,1173200,0.72,,,,,
2026-04-07,9513,電源開発,4274.0,4362.0,4088.2,3673.0,,1142500,0.61,,,,,
2026-04-07,6522,アスタリスク,1058.0,1087.6,909.5,571.5,,1141200,0.17,,,,,
2026-04-07,1671,ＷＴＩ原油価格連動型上場投信,5489.0,5308.0,5054.5,3920.7,,1118023,0.66,,,,,
2026-04-07,9412,スカパーＪＳＡＴホールディングス,3045.0,3033.8,2947.8,2662.6,,1077300,0.83,,,,,
2026-04-07,2170,リンクアンドモチベーション,634.0,610.6,561.7,539.8,,1056800,1.58,,,,,
2026-04-07,2267,ヤクルト本社,2755.5,2706.8,2631.9,2596.4,,1010200,0.77,,,,,
2026-04-07,9005,東急,1908.5,1905.8,1879.0,1865.7,,997700,0.54,,,,,
2026-04-07,8088,岩谷産業,2026.5,2044.3,1988.0,1909.4,,985400,0.62,,,,,
2026-04-07,5423,東京製鐵,1784.0,1762.8,1656.4,1602.0,,977800,1.31,,,,,
2026-04-07,7747,朝日インテック,3530.0,3499.4,3290.6,3022.8,,968300,0.88,,,,,
2026-04-07,8334,群馬銀行,2239.5,2222.3,2146.2,2079.1,,946000,0.55,,,,,
2026-04-07,2269,明治ホールディングス,4022.0,3967.8,3940.3,3820.8,,929200,0.82,,,,,
2026-04-07,6674,ジーエス・ユアサ　コーポレーション,5929.0,5823.0,5303.4,4652.9,,920500,0.59,,,,,
2026-04-07,8835,太平洋興発,1053.0,1087.8,999.1,927.9,,915300,0.35,,,,,
2026-04-07,6754,アンリツ,3014.0,2983.6,2879.3,2639.3,,913700,0.71,,,,,
2026-04-07,9517,イーレックス,960.0,1024.0,931.6,756.0,,910700,0.75,,,,,
2026-04-07,3192,白鳩,448.0,369.6,309.1,301.1,,890400,3.13,,,,,
2026-04-07,6703,沖電気工業,2977.0,2848.2,2728.5,2595.6,,885100,1.21,,,,,
2026-04-07,4578,大塚ホールディングス,11195.0,11283.0,11007.2,10142.3,,884300,0.79,,,,,
2026-04-07,4528,小野薬品工業,2542.0,2543.7,2446.6,2433.1,,883500,0.53,,,,,
2026-04-07,2371,カカクコム,2226.5,2191.8,2004.9,1976.2,,867900,0.46,,,,,
2026-04-07,7741,ＨＯＹＡ,28005.0,27692.0,27660.8,27052.6,,863200,0.84,,,,,
2026-04-07,9532,大阪瓦斯,6462.0,6466.6,6356.2,6203.4,,860200,0.91,,,,,
2026-04-07,2768,双日,6402.0,6367.0,6297.2,6181.9,,843300,0.61,,,,,
2026-04-07,2331,ＡＬＳＯＫ,1304.5,1281.1,1244.1,1224.1,,842800,0.79,,,,,
2026-04-07,5726,大阪チタニウムテクノロジーズ,2580.0,2661.6,2613.4,2610.7,,815000,0.64,,,,,
2026-04-07,2871,ニチレイ,2010.5,2006.7,1979.8,1976.1,,807500,0.7,,,,,
2026-04-07,4536,参天製薬,1891.0,1852.2,1738.8,1726.0,,799500,0.81,,,,,
2026-04-07,6197,ソラスト,1116.0,1116.0,1048.1,963.5,,793000,0.2,,,,,
2026-04-07,9042,阪急阪神ホールディングス,4822.0,4742.0,4412.6,4369.2,,781500,0.52,,,,,
2026-04-07,6845,アズビル,1441.5,1417.0,1406.5,1385.7,,774500,0.64,,,,,
2026-04-07,9735,セコム,6136.0,6106.6,6007.2,5926.6,,766100,0.69,,,,,
2026-04-07,4061,デンカ,3751.0,3762.2,3486.9,3267.3,,761100,0.82,,,,,
2026-04-07,8897,ＭＩＲＡＲＴＨホールディングス,427.0,421.6,411.6,406.3,,740100,0.65,,,,,
2026-04-07,9301,三菱倉庫,1393.0,1397.4,1370.1,1355.3,,734500,0.52,,,,,
2026-04-07,6787,メイコー,24730.0,26532.0,25916.0,19205.7,,732600,1.11,,,,,
2026-04-07,8366,滋賀銀行,1947.0,1928.2,1809.5,1716.2,,731400,0.62,,,,,
2026-04-07,5844,京都フィナンシャルグループ,4410.0,4358.8,4314.5,3932.1,,717200,0.64,,,,,
2026-04-07,5711,三菱マテリアル,5203.0,5148.2,5093.4,4914.9,,715900,0.46,,,,,
2026-04-07,2002,日清製粉グループ本社,2162.5,2162.0,2092.4,2072.1,,713500,0.87,,,,,
2026-04-07,6770,アルプスアルパイン,2172.0,2183.6,2156.3,2121.7,,710500,0.69,,,,,
2026-04-07,4523,エーザイ,5119.0,5086.4,4906.6,4793.3,,708900,0.64,,,,,
2026-04-07,7868,広済堂ホールディングス,514.0,506.8,490.4,487.5,,708200,0.77,,,,,
2026-04-07,8346,東邦銀行,690.0,685.2,661.6,654.5,,699100,0.8,,,,,
2026-04-07,5563,新日本電工,437.0,430.0,425.1,412.4,,692600,0.97,,,,,
2026-04-07,8508,Ｊトラスト,576.0,564.8,556.2,519.7,,690100,1.18,,,,,
2026-04-07,8012,長瀬産業,1183.0,1181.8,1155.3,1116.1,,679100,0.65,,,,,
2026-04-07,8359,八十二長野銀行,2079.0,2051.2,1997.8,1977.2,,678100,0.51,,,,,
2026-04-07,8282,ケーズホールディングス,1817.5,1763.7,1673.7,1655.7,,651500,0.75,,,,,
2026-04-07,3774,インターネットイニシアティブ,2631.0,2552.1,2428.8,2408.2,,649000,1.11,,,,,
2026-04-07,4031,片倉コープアグリ,1390.0,1444.8,1327.6,1107.0,,647600,0.63,,,,,
2026-04-07,7762,シチズン時計,1785.0,1759.2,1711.5,1590.9,,643700,0.64,,,,,
2026-04-07,3083,スターシーズ,1298.0,1215.8,1051.8,870.0,,643600,2.18,,,,,
2026-04-07,4565,ネクセラファーマ,1003.0,1009.4,924.2,882.7,,641200,0.45,,,,,
2026-04-07,9505,北陸電力,1107.0,1106.6,1077.0,1042.5,,636700,0.73,,,,,
2026-04-07,3863,日本製紙,1292.0,1283.0,1260.0,1226.2,,625900,0.63,,,,,
2026-04-07,2659,サンエー,3390.0,3159.0,3059.6,3036.9,,620500,4.85,,,,,
2026-04-07,3647,アスリナ,153.0,145.0,143.6,136.6,,608100,1.67,,,,,
2026-04-07,9468,ＫＡＤＯＫＡＷＡ,3797.0,3858.6,3496.5,3241.0,,599500,0.7,,,,,
2026-04-07,3673,ブロードリーフ,1023.0,985.6,953.4,779.8,,594800,0.9,,,,,
2026-04-07,2670,エービーシー・マート,2681.0,2624.4,2551.3,2545.3,,580100,1.07,,,,,
2026-04-07,8628,松井証券,980.0,969.8,963.6,934.6,,578200,0.46,,,,,
2026-04-07,1629,ＮＥＸＴ　ＦＵＮＤＳ　商社・卸売（ＴＯＰＩＸ－１７）上場投信,286.2,286.8,280.7,269.3,,571670,0.62,,,,,
2026-04-07,7389,あいちフィナンシャルグループ,1490.0,1458.2,1326.6,1214.6,,563700,0.58,,,,,
2026-04-07,5333,日本碍子,4145.0,4133.0,4069.2,4022.5,,555300,0.55,,,,,
2026-04-07,6481,ＴＨＫ,4966.0,4948.4,4852.2,4780.8,,552600,0.64,,,,,
2026-04-07,8354,ふくおかフィナンシャルグループ,6434.0,6363.4,6164.4,6148.2,,551400,0.85,,,,,
2026-04-07,9147,ＮＩＰＰＯＮ　ＥＸＰＲＥＳＳホールディングス,3787.0,3731.2,3651.2,3622.6,,550000,0.55,,,,,
2026-04-07,3845,アイフリークモバイル,309.0,282.4,252.0,245.0,,540600,2.95,,,,,
2026-04-07,9861,吉野家ホールディングス,3454.0,3388.8,3260.3,3141.2,,540500,1.52,,,,,
2026-04-07,6363,酉島製作所,3395.0,3335.0,2902.0,2534.7,,533400,0.94,,,,,
2026-04-07,9507,四国電力,1801.5,1809.6,1745.3,1670.7,,532100,0.73,,,,,
2026-04-07,2337,いちご,490.0,486.0,481.0,449.6,,515500,0.64,,,,,
2026-04-08,8918,ランド,10.0,9.4,9.4,9.3,,264078400,1.3,,,,,
2026-04-08,4564,オンコセラピー・サイエンス,27.0,25.0,22.8,21.6,,190389800,1.58,,,,,
2026-04-08,9434,ソフトバンク,216.0,216.4,215.9,214.1,,97005200,1.13,,,,,
2026-04-08,4597,ソレイジア・ファーマ,35.0,34.8,32.6,31.3,,80485700,1.84,,,,,
2026-04-08,5803,フジクラ,4876.0,4551.0,4392.2,3867.1,,61297000,1.09,,,,,
2026-04-08,4063,信越化学工業,6470.0,6485.8,6369.1,5856.9,,18412500,2.27,,,,,
2026-04-08,7012,川崎重工業,3283.0,3160.4,3149.9,3102.6,,15909000,1.13,,,,,
2026-04-08,9107,川崎汽船,2612.5,2705.9,2696.7,2468.7,,15439200,2.04,,,,,
2026-04-08,5020,ＥＮＥＯＳホールディングス,1464.0,1459.5,1403.7,1365.7,,15201100,1.51,,,,,
2026-04-08,8058,三菱商事,5436.0,5427.6,5420.9,4875.3,,13753500,1.25,,,,,
2026-04-08,9433,ＫＤＤＩ,2711.0,2726.6,2687.5,2674.6,,12353300,1.2,,,,,
2026-04-08,6752,パナソニック　ホールディングス,2955.5,2805.9,2666.6,2453.0,,12023300,1.3,,,,,
2026-04-08,5801,古河電気工業,42940.0,36994.0,31581.8,22980.2,,10586900,1.01,,,,,
2026-04-08,8031,三井物産,6361.0,6339.2,6207.4,5656.2,,10278700,1.26,,,,,
2026-04-08,9104,商船三井,6593.0,6736.6,6574.6,5665.5,,10196700,1.66,,,,,
2026-04-08,6981,村田製作所,4000.0,3772.0,3689.1,3548.0,,9611500,1.31,,,,,
2026-04-08,5019,出光興産,1561.5,1600.5,1520.6,1413.4,,9112900,2.02,,,,,
2026-04-08,9101,日本郵船,6055.0,6195.6,5912.2,5446.6,,8523800,1.88,,,,,
2026-04-08,6920,レーザーテック,39940.0,36970.0,35528.0,34127.1,,7877100,1.71,,,,,
2026-04-08,3436,ＳＵＭＣＯ,1894.5,1771.0,1716.3,1655.8,,7807900,0.93,,,,,
2026-04-08,8766,東京海上ホールディングス,7370.0,7292.0,6796.8,6316.2,,6779900,0.59,,,,,
2026-04-08,4543,テルモ,2209.0,2193.3,2115.7,2085.8,,6591300,1.14,,,,,
2026-04-08,4503,アステラス製薬,2624.0,2606.2,2503.5,2404.7,,6263300,1.11,,,,,
2026-04-08,1963,日揮ホールディングス,2723.5,2556.7,2274.1,2234.0,,5645200,1.26,,,,,
2026-04-08,8002,丸紅,6119.0,5961.2,5691.9,5533.2,,5573700,1.23,,,,,
2026-04-08,8593,三菱ＨＣキャピタル,1516.5,1481.0,1440.7,1426.7,,5210900,1.27,,,,,
2026-04-08,4502,武田薬品工業,5789.0,5806.6,5763.7,5547.9,,5197100,1.14,,,,,
2026-04-08,8697,日本取引所グループ,1948.0,1901.3,1873.1,1846.8,,4643500,1.29,,,,,
2026-04-08,2914,日本たばこ産業,6081.0,6075.0,5930.3,5864.6,,4158000,1.02,,,,,
2026-04-08,6619,ダブル・スコープ,262.0,245.2,211.0,182.6,,4044100,1.27,,,,,
2026-04-08,6963,ローム,3630.0,3557.6,3332.2,2900.4,,4037500,0.82,,,,,
2026-04-08,2503,キリンホールディングス,2648.0,2611.4,2552.8,2525.6,,3980800,1.27,,,,,
2026-04-08,4911,資生堂,3505.0,3418.6,3160.1,2977.1,,3762900,1.42,,,,,
2026-04-08,9503,関西電力,2650.0,2639.1,2609.2,2592.7,,3750800,1.16,,,,,
2026-04-08,6976,太陽誘電,5020.0,4474.2,4145.8,4014.5,,3690400,1.58,,,,,
2026-04-08,2802,味の素,4776.0,4660.4,4499.1,4212.6,,3688600,1.1,,,,,
2026-04-08,4004,レゾナック・ホールディングス,12770.0,11651.0,11084.1,10136.7,,3556800,1.27,,,,,
2026-04-08,4507,塩野義製薬,3606.0,3582.0,3475.9,3366.1,,3499500,1.29,,,,,
2026-04-08,9502,中部電力,2757.0,2725.3,2615.4,2472.8,,3498200,1.35,,,,,
2026-04-08,7167,めぶきフィナンシャルグループ,1353.0,1304.9,1235.2,1225.3,,3046200,1.19,,,,,
2026-04-08,3099,三越伊勢丹ホールディングス,3290.0,3114.3,2943.6,2860.9,,2935900,1.59,,,,,
2026-04-08,4265,Ｉｎｓｔｉｔｕｔｉｏｎ　ｆｏｒ　ａ　Ｇｌｏｂａｌ　Ｓｏｃｉｅｔｙ,439.0,434.4,398.5,329.1,,2900000,2.6,,,,,
2026-04-08,5711,三菱マテリアル,5637.0,5238.4,5117.1,4942.9,,2869000,2.05,,,,,
2026-04-08,9602,東宝,1677.5,1704.7,1648.2,1600.3,,2806900,0.99,,,,,
2026-04-08,8289,Ｏｌｙｍｐｉｃグループ,1128.0,794.4,532.5,483.0,,2696600,5.41,,,,,
2026-04-08,3110,日東紡績,24850.0,21472.0,21270.0,19591.3,,2678600,1.64,,,,,
2026-04-08,4385,メルカリ,3912.0,3932.2,3659.6,3452.4,,2622200,1.47,,,,,
2026-04-08,1671,ＷＴＩ原油価格連動型上場投信,4680.0,5249.2,5060.4,3950.2,,2574654,1.57,,,,,
2026-04-08,5706,三井金属,35000.0,31936.0,31076.8,27828.5,,2442800,1.35,,,,,
2026-04-08,8630,ＳＯＭＰＯホールディングス,6180.0,6069.0,5963.9,5823.1,,2392800,1.0,,,,,
2026-04-08,2256,ｉシェアーズ　米国総合債券　ＥＴＦ,225.8,225.8,225.2,223.6,,2330720,30.81,,,,,
2026-04-08,6952,カシオ計算機,1662.0,1584.3,1472.8,1469.0,,2327700,0.51,,,,,
2026-04-08,9513,電源開発,4179.0,4321.8,4106.0,3688.4,,2223000,1.19,,,,,
2026-04-08,2267,ヤクルト本社,2775.0,2727.5,2641.4,2601.0,,2145800,1.67,,,,,
2026-04-08,5074,テスホールディングス,630.0,623.0,622.5,514.5,,2141800,0.97,,,,,
2026-04-08,6269,三井海洋開発,14610.0,15021.0,14660.8,14402.4,,2107700,1.14,,,,,
2026-04-08,8338,筑波銀行,626.0,599.2,598.0,593.0,,2084300,1.19,,,,,
2026-04-08,3853,アステリア,1564.0,1515.8,1388.2,1285.6,,2043100,0.69,,,,,
2026-04-08,9143,ＳＧホールディングス,1562.5,1522.4,1513.8,1506.5,,2018100,1.38,,,,,
2026-04-08,9508,九州電力,1851.5,1869.8,1810.4,1807.3,,1950500,1.02,,,,,
2026-04-08,2768,双日,6603.0,6403.4,6317.9,6204.3,,1912400,1.44,,,,,
2026-04-08,9519,レノバ,926.0,909.8,825.5,748.0,,1876600,1.05,,,,,
2026-04-08,1878,大東建託,3784.0,3766.2,3658.5,3438.5,,1876400,1.15,,,,,
2026-04-08,7220,武蔵精密工業,3060.0,2817.2,2786.2,2731.3,,1817800,1.51,,,,,
2026-04-08,4840,トライアイズ,1014.0,996.4,633.6,532.6,,1768000,1.33,,,,,
2026-04-08,9005,東急,1924.0,1912.2,1880.0,1867.4,,1720300,0.98,,,,,
2026-04-08,4528,小野薬品工業,2546.5,2537.1,2453.5,2438.1,,1688700,1.04,,,,,
2026-04-08,6845,アズビル,1470.0,1430.8,1409.6,1386.6,,1634100,1.36,,,,,
2026-04-08,7731,ニコン,1959.5,1981.5,1949.2,1932.6,,1604100,1.15,,,,,
2026-04-08,6770,アルプスアルパイン,2302.0,2198.0,2166.7,2127.8,,1599300,1.59,,,,,
2026-04-08,6754,アンリツ,3299.0,3046.1,2903.4,2656.5,,1544000,1.3,,,,,
2026-04-08,8368,百五銀行,1716.0,1625.8,1553.5,1503.1,,1522700,2.0,,,,,
2026-04-08,8334,群馬銀行,2285.5,2234.1,2153.9,2087.4,,1479700,0.87,,,,,
2026-04-08,4536,参天製薬,1931.0,1868.6,1752.5,1730.3,,1478200,1.53,,,,,
2026-04-08,4578,大塚ホールディングス,11050.0,11193.0,11050.2,10173.0,,1469600,1.33,,,,,
2026-04-08,2501,サッポロホールディングス,1843.0,1795.5,1685.8,1684.8,,1468300,1.31,,,,,
2026-04-08,4169,ＥＮＥＣＨＡＮＧＥ,310.0,307.4,272.1,271.9,,1466900,0.65,,,,,
2026-04-08,2492,インフォマート,487.0,476.8,431.1,420.8,,1465600,0.71,,,,,
2026-04-08,2371,カカクコム,2274.0,2215.6,2027.3,1975.3,,1454600,0.83,,,,,
2026-04-08,2656,ベクターホールディングス,206.0,203.8,177.7,150.9,,1431800,0.58,,,,,
2026-04-08,3401,帝人,1726.0,1682.8,1610.7,1582.2,,1410700,1.18,,,,,
2026-04-08,5333,日本碍子,4375.0,4166.8,4086.4,4036.5,,1409100,1.42,,,,,
2026-04-08,9532,大阪瓦斯,6501.0,6456.8,6375.8,6221.5,,1402000,1.54,,,,,
2026-04-08,6481,ＴＨＫ,5301.0,5000.2,4867.6,4802.0,,1393500,1.64,,,,,
2026-04-08,8088,岩谷産業,2010.5,2032.5,2001.3,1915.0,,1361200,0.98,,,,,
2026-04-08,9412,スカパーＪＳＡＴホールディングス,3135.0,3057.8,2963.9,2680.1,,1350900,1.05,,,,,
2026-04-08,5334,日本特殊陶業,7928.0,7584.6,7558.4,7302.7,,1346100,2.34,,,,,
2026-04-08,4523,エーザイ,5155.0,5094.4,4921.8,4800.0,,1329300,1.21,,,,,
2026-04-08,7375,リファインバースグループ,1533.0,1688.6,1286.3,1017.3,,1325400,0.35,,,,,
2026-04-08,7747,朝日インテック,3683.0,3535.0,3313.2,3034.2,,1309700,1.21,,,,,
2026-04-08,4422,ＶＡＬＵＥＮＥＸ,891.0,655.0,509.8,423.1,,1289700,1.69,,,,,
2026-04-08,9735,セコム,6135.0,6122.6,6012.4,5935.0,,1271900,1.15,,,,,
2026-04-08,2331,ＡＬＳＯＫ,1295.0,1285.0,1247.1,1224.7,,1261500,1.21,,,,,
2026-04-08,4676,フジ・メディア・ホールディングス,4295.0,4242.8,3994.5,3810.9,,1237600,1.48,,,,,
2026-04-08,2269,明治ホールディングス,4008.0,3984.8,3946.8,3829.0,,1236300,1.08,,,,,
2026-04-08,7741,ＨＯＹＡ,28755.0,27923.0,27726.2,27114.3,,1226500,1.24,,,,,
2026-04-08,6871,日本マイクロニクス,11870.0,10612.0,10535.0,10250.5,,1212500,1.42,,,,,
2026-04-08,8346,東邦銀行,710.0,688.4,664.3,657.1,,1204400,1.39,,,,,
2026-04-08,5844,京都フィナンシャルグループ,4490.0,4381.6,4337.6,3949.0,,1200800,1.12,,,,,
2026-04-08,3776,ブロードバンドタワー,238.0,226.4,220.1,210.7,,1190600,1.59,,,,,
2026-04-08,6674,ジーエス・ユアサ　コーポレーション,6176.0,5920.8,5363.8,4692.8,,1159400,0.74,,,,,
2026-04-08,7762,シチズン時計,1827.0,1777.8,1719.3,1599.6,,1152900,1.25,,,,,
2026-04-08,4884,クリングルファーマ,446.0,473.6,417.1,401.1,,1145300,0.4,,,,,
2026-04-08,8359,八十二長野銀行,2131.0,2063.6,2005.9,1983.3,,1136300,0.92,,,,,
2026-04-08,1629,ＮＥＸＴ　ＦＵＮＤＳ　商社・卸売（ＴＯＰＩＸ－１７）上場投信,291.0,287.2,281.6,270.2,,1132510,1.43,,,,,
2026-04-08,8835,太平洋興発,939.0,1061.4,1001.6,929.1,,1119600,0.42,,,,,
2026-04-08,9042,阪急阪神ホールディングス,4805.0,4780.2,4444.9,4381.7,,1106900,0.78,,,,,
2026-04-08,8012,長瀬産業,1239.5,1189.3,1161.3,1120.0,,1096500,1.12,,,,,
2026-04-08,9041,近鉄グループホールディングス,3415.0,3369.4,3255.0,3254.8,,1095200,0.92,,,,,
2026-04-08,6367,ダイキン工業,20365.0,19775.0,19448.2,19437.8,,1077000,0.88,,,,,
2026-04-08,6522,アスタリスク,1075.0,1085.8,943.0,582.8,,1066500,0.21,,,,,
2026-04-08,9517,イーレックス,920.0,998.0,938.8,760.8,,1051800,0.85,,,,,
2026-04-08,2002,日清製粉グループ本社,2168.0,2165.6,2096.9,2076.2,,1048300,1.29,,,,,
2026-04-08,8358,スルガ銀行,2183.0,2119.2,2005.9,1997.5,,1047200,1.55,,,,,
2026-04-08,2257,ｉシェアーズ　米ドル建て投資適格社債　ＥＴＦ,228.0,227.4,226.5,225.4,,1038020,47.74,,,,,
2026-04-08,3774,インターネットイニシアティブ,2635.0,2579.9,2447.1,2406.0,,994000,1.67,,,,,
2026-04-08,8508,Ｊトラスト,594.0,574.0,557.3,521.5,,992500,1.62,,,,,
2026-04-08,5563,新日本電工,454.0,435.2,426.5,413.8,,967100,1.41,,,,,
2026-04-08,6197,ソラスト,1116.0,1116.0,1054.3,967.6,,956800,0.25,,,,,
2026-04-08,9301,三菱倉庫,1426.0,1405.6,1372.0,1358.3,,941300,0.71,,,,,
2026-04-08,6703,沖電気工業,3185.0,2923.6,2748.6,2614.1,,938000,1.24,,,,,
2026-04-08,8366,滋賀銀行,2018.0,1937.8,1824.7,1724.7,,921900,0.78,,,,,
2026-04-08,8628,松井証券,981.0,972.0,964.7,936.5,,904900,0.77,,,,,
2026-04-08,2516,東証グロース２５０ＥＴＦ,611.7,586.0,584.3,578.3,,902780,1.66,,,,,
2026-04-08,2337,いちご,499.0,489.2,481.6,450.4,,898700,1.19,,,,,
2026-04-08,4061,デンカ,3898.0,3787.0,3511.3,3284.4,,896500,0.96,,,,,
2026-04-08,7868,広済堂ホールディングス,517.0,507.8,491.7,488.5,,886500,0.95,,,,,
2026-04-08,8354,ふくおかフィナンシャルグループ,6668.0,6407.0,6188.4,6171.4,,873000,1.36,,,,,
2026-04-08,7389,あいちフィナンシャルグループ,1521.0,1464.8,1342.5,1223.6,,864800,0.9,,,,,
2026-04-08,8341,七十七銀行,3399.0,3263.4,3117.5,3033.2,,856400,1.05,,,,,
2026-04-08,2160,ジーエヌアイグループ,3235.0,3139.0,3132.6,2876.5,,856100,0.83,,,,,
2026-04-08,2170,リンクアンドモチベーション,639.0,621.0,565.8,541.7,,842300,1.16,,,,,
2026-04-08,3627,テクミラホールディングス,307.0,280.8,258.4,258.3,,833100,6.9,,,,,
2026-04-08,9505,北陸電力,1112.0,1107.7,1081.9,1044.7,,825700,0.96,,,,,
2026-04-08,8086,ニプロ,1625.5,1629.6,1553.2,1513.8,,821500,0.87,,,,,
2026-04-08,6363,酉島製作所,3365.0,3368.0,2938.7,2556.6,,807200,1.34,,,,,
2026-04-08,1377,サカタのタネ,4175.0,4459.0,4354.0,4234.2,,800100,5.15,,,,,
2026-04-08,3563,ＦＯＯＤ　＆　ＬＩＦＥ　ＣＯＭＰＡＮＩＥＳ,9634.0,9628.8,9618.5,9245.4,,793700,0.84,,,,,
2026-04-08,4031,片倉コープアグリ,1213.0,1413.2,1333.2,1110.8,,786800,0.72,,,,,
2026-04-08,2012,ｉシェアーズ　米国債０－３ヶ月　ＥＴＦ,237.2,238.9,238.6,234.9,,786380,1.72,,,,,
2026-04-08,6407,ＣＫＤ,5080.0,4865.0,4561.0,4549.5,,786100,1.29,,,,,
2026-04-08,2659,サンエー,3295.0,3198.0,3073.8,3041.3,,783400,4.53,,,,,
2026-04-08,9147,ＮＩＰＰＯＮ　ＥＸＰＲＥＳＳホールディングス,3817.0,3770.4,3656.8,3630.0,,767500,0.79,,,,,
2026-04-08,8715,アニコム　ホールディングス,1543.0,1474.4,1382.2,1206.2,,755800,1.49,,,,,
2026-04-08,4021,日産化学,6418.0,6228.4,6214.9,6096.6,,738000,1.22,,,,,
2026-04-08,8282,ケーズホールディングス,1846.5,1789.8,1685.0,1659.5,,731300,0.82,,,,,
2026-04-08,4565,ネクセラファーマ,1015.0,1009.4,928.1,884.7,,717700,0.5,,,,,
2026-04-08,6779,日本電波工業,1371.0,1289.6,1287.5,1175.6,,711200,1.43,,,,,
2026-04-08,9507,四国電力,1832.0,1813.1,1754.9,1675.2,,709900,0.98,,,,,
2026-04-08,2670,エービーシー・マート,2675.5,2647.3,2557.4,2548.2,,708700,1.27,,,,,
2026-04-08,3863,日本製紙,1314.0,1290.0,1262.0,1228.5,,703400,0.73,,,,,
2026-04-08,7380,十六フィナンシャルグループ,1969.0,1902.4,1838.8,1798.8,,699300,1.12,,,,,
2026-04-08,8273,イズミ,1083.0,1065.0,1032.2,1031.9,,696500,1.25,,,,,
2026-04-08,1435,ｒｏｂｏｔ　ｈｏｍｅ,208.0,201.8,194.2,186.5,,690200,1.22,,,,,
2026-04-08,8897,ＭＩＲＡＲＴＨホールディングス,426.0,424.2,411.9,406.8,,689500,0.61,,,,,
2026-04-08,3710,ジョルダン,707.0,704.4,635.4,606.4,,680700,27.1,,,,,
2026-04-08,2195,アミタホールディングス,452.0,533.4,418.5,379.3,,680400,0.21,,,,,
2026-04-08,8020,兼松,2355.0,2273.2,2247.0,2190.2,,671300,1.02,,,,,
2026-04-08,7581,サイゼリヤ,6740.0,6670.0,6636.0,6573.2,,667900,2.31,,,,,
2026-04-08,6327,北川精機,1836.0,1635.6,1616.5,1378.8,,650100,2.68,,,,,
2026-04-08,8377,ほくほくフィナンシャルグループ,6565.0,6320.6,5975.5,5785.3,,645700,1.32,,,,,
2026-04-08,6395,タダノ,1443.0,1398.8,1318.7,1288.9,,645000,1.35,,,,,
2026-04-08,2865,グローバルＸ　ＮＡＳＤＡＱ１００・カバード・コール　ＥＴＦ,1236.0,1221.8,1214.5,1214.2,,636541,1.87,,,,,
2026-04-08,1333,Ｕｍｉｏｓ,1484.0,1480.0,1476.9,1458.0,,628900,1.11,,,,,
2026-04-08,3387,クリエイト・レストランツ・ホールディングス,790.0,793.4,756.3,753.4,,627800,0.6,,,,,
2026-04-08,8381,山陰合同銀行,1917.0,1883.8,1749.0,1682.7,,625800,0.8,,,,,
2026-04-08,1447,ＳＡＡＦホールディングス,425.0,414.0,405.4,389.7,,625100,2.64,,,,,
2026-04-08,2620,ｉシェアーズ　米国債１－３年　ＥＴＦ,369.7,371.7,371.1,366.5,,623190,1.78,,,,,
2026-04-08,9001,東武鉄道,2993.5,2949.3,2902.3,2900.5,,597800,0.82,,,,,
2026-04-08,8367,南都銀行,1530.0,1492.0,1454.7,1420.1,,593400,1.02,,,,,
2026-04-08,7381,ＣＣＩグループ,1041.0,1004.2,975.5,967.1,,590000,1.22,,,,,
2026-04-08,4403,日油,3318.0,3246.6,3101.7,3061.6,,589600,0.84,,,,,
2026-04-08,7318,セレンディップ・ホールディングス,1985.0,1726.8,1605.8,1383.5,,589200,2.77,,,,,
2026-04-08,9861,吉野家ホールディングス,3434.0,3405.8,3276.1,3148.1,,569000,1.55,,,,,
2026-04-08,8060,キヤノンマーケティングジャパン,3696.0,3546.6,3479.7,3454.3,,557500,1.18,,,,,
2026-04-08,9468,ＫＡＤＯＫＡＷＡ,3790.0,3838.8,3528.9,3250.2,,556000,0.69,,,,,
2026-04-08,6890,フェローテック,6810.0,6542.0,6339.0,6208.5,,549700,1.01,,,,,
2026-04-08,7859,アルメディオ,277.0,266.6,259.2,223.4,,534600,0.4,,,,,
2026-04-08,7459,メディパルホールディングス,2999.0,2993.4,2906.8,2905.0,,530500,1.45,,,,,
2026-04-08,2702,日本マクドナルドホールディングス,8580.0,8438.0,8119.0,7380.2,,528400,1.12,,,,,
2026-04-08,8393,宮崎銀行,1979.0,1889.8,1838.2,1745.7,,523400,1.37,,,,,
2026-04-08,3673,ブロードリーフ,1009.0,993.6,960.1,784.2,,521800,0.8,,,,,
2026-04-08,7412,アトム,652.0,640.0,632.9,616.4,,515100,0.62,,,,,
2026-04-08,4996,クミアイ化学工業,808.0,798.8,780.6,731.6,,504100,1.0,,,,,
2026-04-09,4564,オンコセラピー・サイエンス,25.0,25.6,22.9,21.6,,176797800,1.34,,,,,
2026-04-09,4597,ソレイジア・ファーマ,34.0,34.2,32.6,31.4,,81543500,1.73,,,,,
2026-04-09,9434,ソフトバンク,215.6,216.4,215.8,214.1,,73887300,0.84,,,,,
2026-04-09,5803,フジクラ,5028.0,4698.0,4429.9,3903.4,,70638500,1.25,,,,,
2026-04-09,5016,ＪＸ金属,4437.0,3947.6,3784.7,3358.7,,43546800,1.43,,,,,
2026-04-09,7012,川崎重工業,3317.0,3198.2,3154.7,3116.7,,13424700,0.97,,,,,
2026-04-09,5801,古河電気工業,44640.0,39438.0,32326.2,23557.3,,13310100,1.23,,,,,
2026-04-09,8058,三菱商事,5413.0,5430.8,5430.5,4902.5,,11738000,1.03,,,,,
2026-04-09,6752,パナソニック　ホールディングス,2925.0,2842.3,2680.7,2467.7,,11551100,1.21,,,,,
2026-04-09,5020,ＥＮＥＯＳホールディングス,1443.5,1460.4,1407.3,1370.3,,11136900,1.03,,,,,
2026-04-09,9433,ＫＤＤＩ,2708.5,2726.1,2689.8,2675.1,,10670900,0.99,,,,,
2026-04-09,4063,信越化学工業,6506.0,6504.6,6386.9,5880.1,,9355900,1.03,,,,,
2026-04-09,3436,ＳＵＭＣＯ,1949.5,1818.2,1728.5,1663.5,,9341600,1.13,,,,,
2026-04-09,6981,村田製作所,3990.0,3874.4,3700.7,3561.2,,8314100,1.1,,,,,
2026-04-09,5019,出光興産,1558.5,1600.2,1526.5,1419.2,,7882100,1.58,,,,,
2026-04-09,5802,住友電気工業,10410.0,9771.6,9664.3,8774.5,,7849500,0.9,,,,,
2026-04-09,8031,三井物産,6380.0,6372.8,6228.1,5682.6,,7646300,0.91,,,,,
2026-04-09,4062,イビデン,9810.0,9017.2,8278.9,8275.9,,7211800,1.3,,,,,
2026-04-09,8766,東京海上ホールディングス,7250.0,7289.6,6858.5,6337.8,,6757600,0.77,,,,,
2026-04-09,6619,ダブル・スコープ,282.0,256.4,215.8,184.7,,6477900,1.92,,,,,
2026-04-09,1963,日揮ホールディングス,2803.0,2622.7,2304.7,2246.7,,6389800,1.34,,,,,
2026-04-09,4543,テルモ,2171.0,2194.5,2121.5,2084.2,,5891600,0.99,,,,,
2026-04-09,7375,リファインバースグループ,1415.0,1648.0,1307.1,1027.2,,5662100,1.44,,,,,
2026-04-09,9104,商船三井,6631.0,6742.2,6593.7,5694.4,,5595300,0.84,,,,,
2026-04-09,6503,三菱電機,5639.0,5450.0,5371.8,5369.8,,5402400,0.92,,,,,
2026-04-09,7453,良品計画,3604.0,3565.8,3515.8,3395.7,,5376300,1.4,,,,,
2026-04-09,4502,武田薬品工業,5821.0,5792.8,5767.1,5560.3,,5222200,1.13,,,,,
2026-04-09,4503,アステラス製薬,2600.0,2606.1,2510.0,2410.7,,5117700,0.9,,,,,
2026-04-09,8593,三菱ＨＣキャピタル,1480.5,1484.6,1441.8,1428.9,,5070800,1.2,,,,,
2026-04-09,9101,日本郵船,6163.0,6195.8,5934.3,5461.4,,4448200,0.9,,,,,
2026-04-09,2914,日本たばこ産業,6034.0,6080.8,5942.6,5868.9,,4113600,1.01,,,,,
2026-04-09,6920,レーザーテック,38700.0,37706.0,35653.0,34265.8,,4051500,0.81,,,,,
2026-04-09,8002,丸紅,6088.0,6000.8,5722.9,5558.0,,4044000,0.9,,,,,
2026-04-09,2503,キリンホールディングス,2655.0,2619.1,2553.9,2530.3,,3866000,1.21,,,,,
2026-04-09,8630,ＳＯＭＰＯホールディングス,5994.0,6056.0,5968.3,5829.1,,3320600,1.43,,,,,
2026-04-09,4004,レゾナック・ホールディングス,13030.0,12146.0,11139.4,10240.4,,3320100,1.15,,,,,
2026-04-09,4507,塩野義製薬,3478.0,3568.8,3476.8,3375.6,,3298400,1.18,,,,,
2026-04-09,6963,ローム,3624.0,3604.6,3347.2,2921.1,,3245800,0.68,,,,,
2026-04-09,7167,めぶきフィナンシャルグループ,1348.5,1319.4,1242.0,1229.4,,3148900,1.18,,,,,
2026-04-09,8697,日本取引所グループ,1921.0,1912.1,1870.6,1849.5,,3058100,0.86,,,,,
2026-04-09,2802,味の素,4713.0,4671.2,4511.4,4236.1,,2940100,0.86,,,,,
2026-04-09,9503,関西電力,2622.0,2629.1,2611.8,2595.1,,2860000,0.9,,,,,
2026-04-09,2195,アミタホールディングス,487.0,510.0,426.8,382.2,,2851300,0.9,,,,,
2026-04-09,3110,日東紡績,25290.0,22608.0,21415.5,19803.8,,2836700,1.64,,,,,
2026-04-09,3192,白鳩,530.0,436.4,329.8,307.2,,2727900,6.84,,,,,
2026-04-09,9602,東宝,1650.5,1691.4,1649.4,1601.8,,2653500,0.91,,,,,
2026-04-09,4911,資生堂,3472.0,3449.4,3183.8,2994.8,,2411000,0.86,,,,,
2026-04-09,1878,大東建託,3713.0,3764.6,3657.4,3449.8,,2382700,1.49,,,,,
2026-04-09,9502,中部電力,2782.5,2741.7,2627.8,2482.1,,2329300,0.9,,,,,
2026-04-09,2670,エービーシー・マート,2880.5,2711.7,2573.2,2553.9,,2315700,3.99,,,,,
2026-04-09,6976,太陽誘電,4863.0,4674.6,4183.9,4038.8,,2088600,0.82,,,,,
2026-04-09,8508,Ｊトラスト,622.0,586.2,559.5,523.8,,1969200,3.03,,,,,
2026-04-09,9519,レノバ,979.0,927.4,837.0,753.2,,1953700,1.05,,,,,
2026-04-09,4265,Ｉｎｓｔｉｔｕｔｉｏｎ　ｆｏｒ　ａ　Ｇｌｏｂａｌ　Ｓｏｃｉｅｔｙ,359.0,428.2,399.9,329.9,,1926400,1.58,,,,,
2026-04-09,5706,三井金属,34770.0,32960.0,31196.2,28076.3,,1877000,1.01,,,,,
2026-04-09,9508,九州電力,1829.0,1859.2,1813.5,1809.1,,1848700,0.99,,,,,
2026-04-09,4385,メルカリ,3798.0,3911.0,3674.1,3461.6,,1832600,0.96,,,,,
2026-04-09,3099,三越伊勢丹ホールディングス,3223.0,3164.0,2956.4,2873.5,,1774700,0.9,,,,,
2026-04-09,8714,池田泉州ホールディングス,992.0,948.6,868.4,867.3,,1768700,1.3,,,,,
2026-04-09,8368,百五銀行,1774.0,1664.6,1564.0,1512.5,,1738900,2.08,,,,,
2026-04-09,2492,インフォマート,465.0,476.8,433.7,421.5,,1656700,0.79,,,,,
2026-04-09,2371,カカクコム,2184.5,2226.2,2042.8,1972.7,,1643400,0.96,,,,,
2026-04-09,9005,東急,1907.5,1912.9,1880.0,1868.5,,1620100,0.94,,,,,
2026-04-09,8338,筑波銀行,612.0,602.0,597.1,595.7,,1529100,0.87,,,,,
2026-04-09,7004,カナデビア,1217.0,1146.8,1048.0,1047.2,,1492500,1.39,,,,,
2026-04-09,3415,ＴＯＫＹＯ　ＢＡＳＥ,454.0,418.8,415.6,414.5,,1452100,1.84,,,,,
2026-04-09,5727,東邦チタニウム,3085.0,2756.2,2642.7,2251.3,,1445000,1.68,,,,,
2026-04-09,6269,三井海洋開発,14520.0,14938.0,14722.5,14406.2,,1409900,0.74,,,,,
2026-04-09,5074,テスホールディングス,606.0,622.6,619.3,518.2,,1406300,0.63,,,,,
2026-04-09,6113,アマダ,2365.0,2285.9,2280.7,2263.3,,1374100,1.17,,,,,
2026-04-09,9143,ＳＧホールディングス,1554.5,1532.2,1517.2,1508.0,,1351700,0.91,,,,,
2026-04-09,5631,日本製鋼所,9894.0,9634.2,9518.5,9399.0,,1339700,1.09,,,,,
2026-04-09,4588,オンコリスバイオファーマ,2516.0,2418.0,2402.9,2275.4,,1321400,1.19,,,,,
2026-04-09,2501,サッポロホールディングス,1877.5,1821.1,1696.1,1691.3,,1308800,1.12,,,,,
2026-04-09,2768,双日,6454.0,6438.2,6321.9,6224.1,,1308700,0.95,,,,,
2026-04-09,6952,カシオ計算機,1646.0,1621.8,1483.7,1474.8,,1290800,0.28,,,,,
2026-04-09,4186,東京応化工業,8717.0,8145.4,8083.6,7927.5,,1288900,1.39,,,,,
2026-04-09,4578,大塚ホールディングス,10930.0,11115.0,11052.8,10203.7,,1281000,1.14,,,,,
2026-04-09,7327,第四北越フィナンシャルグループ,2024.0,1977.8,1964.8,1929.6,,1230200,1.22,,,,,
2026-04-09,4565,ネクセラファーマ,1024.0,1012.4,931.0,887.2,,1230000,0.85,,,,,
2026-04-09,1671,ＷＴＩ原油価格連動型上場投信,4953.0,5176.6,5089.7,3982.3,,1208059,0.7,,,,,
2026-04-09,4528,小野薬品工業,2545.0,2539.6,2461.3,2442.6,,1199900,0.77,,,,,
2026-04-09,2267,ヤクルト本社,2701.0,2731.7,2646.3,2604.2,,1192500,0.84,,,,,
2026-04-09,7731,ニコン,1926.5,1972.4,1948.3,1934.9,,1180100,0.81,,,,,
2026-04-09,5711,三菱マテリアル,5562.0,5351.8,5132.1,4969.0,,1178900,0.79,,,,,
2026-04-09,4676,フジ・メディア・ホールディングス,4284.0,4284.6,4022.6,3816.0,,1160100,1.28,,,,,
2026-04-09,5333,日本碍子,4399.0,4234.8,4099.2,4051.6,,1154600,1.13,,,,,
2026-04-09,4536,参天製薬,1897.0,1884.0,1763.7,1733.9,,1147700,1.14,,,,,
2026-04-09,4169,ＥＮＥＣＨＡＮＧＥ,303.0,309.6,274.1,272.1,,1129500,0.5,,,,,
2026-04-09,5844,京都フィナンシャルグループ,4412.0,4407.4,4355.7,3964.0,,1128100,1.04,,,,,
2026-04-09,9735,セコム,6137.0,6133.4,6017.8,5942.9,,1112600,0.99,,,,,
2026-04-09,4840,トライアイズ,880.0,1008.4,654.2,538.9,,1110200,0.74,,,,,
2026-04-09,6845,アズビル,1478.5,1448.9,1412.5,1387.6,,1108100,0.88,,,,,
2026-04-09,6522,アスタリスク,975.0,1062.0,971.6,592.5,,1104300,0.25,,,,,
2026-04-09,4829,日本エンタープライズ,130.0,127.4,125.9,124.8,,1094500,4.71,,,,,
2026-04-09,6871,日本マイクロニクス,12190.0,11090.0,10579.0,10324.5,,1085800,1.19,,,,,
2026-04-09,7741,ＨＯＹＡ,28985.0,28256.0,27786.8,27180.9,,1076500,1.06,,,,,
2026-04-09,2269,明治ホールディングス,3978.0,3990.6,3951.7,3836.2,,1069300,0.91,,,,,
2026-04-09,8354,ふくおかフィナンシャルグループ,6526.0,6462.2,6206.1,6191.2,,1057200,1.56,,,,,
2026-04-09,3401,帝人,1715.5,1693.8,1616.8,1588.3,,1054400,0.85,,,,,
2026-04-09,4182,三菱瓦斯化学,4137.0,4002.4,3947.2,3811.8,,1024400,0.7,,,,,
2026-04-09,8346,東邦銀行,703.0,693.6,666.7,659.5,,1007600,1.14,,,,,
2026-04-09,9042,阪急阪神ホールディングス,4818.0,4803.4,4476.8,4394.0,,995700,0.73,,,,,
2026-04-09,8366,滋賀銀行,2072.0,1967.6,1841.9,1733.8,,991700,0.86,,,,,
2026-04-09,9513,電源開発,4223.0,4276.4,4122.4,3704.7,,987600,0.49,,,,,
2026-04-09,8359,八十二長野銀行,2112.5,2081.7,2013.8,1988.6,,987300,0.8,,,,,
2026-04-09,2170,リンクアンドモチベーション,606.0,623.8,568.2,543.0,,976400,1.28,,,,,
2026-04-09,8628,松井証券,967.0,973.6,964.9,938.1,,962600,0.88,,,,,
2026-04-09,2331,ＡＬＳＯＫ,1285.5,1291.5,1249.6,1225.4,,962600,0.89,,,,,
2026-04-09,4523,エーザイ,5163.0,5120.6,4934.2,4806.6,,954500,0.83,,,,,
2026-04-09,6779,日本電波工業,1410.0,1329.6,1288.6,1182.4,,944500,1.84,,,,,
2026-04-09,8334,群馬銀行,2278.0,2248.6,2160.6,2095.2,,942600,0.54,,,,,
2026-04-09,7389,あいちフィナンシャルグループ,1574.0,1493.2,1360.4,1233.3,,924500,1.0,,,,,
2026-04-09,3387,クリエイト・レストランツ・ホールディングス,767.0,788.4,758.9,753.0,,922900,0.91,,,,,
2026-04-09,8088,岩谷産業,2003.0,2027.5,2013.9,1920.3,,921600,0.71,,,,,
2026-04-09,1942,関電工,6385.0,6187.2,6144.5,6115.6,,921400,1.18,,,,,
2026-04-09,6754,アンリツ,3277.0,3119.2,2920.8,2674.1,,907800,0.75,,,,,
2026-04-09,4884,クリングルファーマ,464.0,463.6,419.5,402.0,,904000,0.3,,,,,
2026-04-09,2337,いちご,494.0,490.4,481.4,451.0,,899300,1.23,,,,,
2026-04-09,4061,デンカ,3771.0,3799.2,3521.8,3298.3,,898600,0.95,,,,,
2026-04-09,9532,大阪瓦斯,6467.0,6473.4,6383.4,6238.5,,876800,0.94,,,,,
2026-04-09,9412,スカパーＪＳＡＴホールディングス,3140.0,3090.0,2977.2,2697.7,,861500,0.7,,,,,
2026-04-09,7220,武蔵精密工業,3000.0,2876.8,2787.6,2736.9,,860100,0.65,,,,,
2026-04-09,2656,ベクターホールディングス,195.0,205.8,180.4,152.0,,858100,0.34,,,,,
2026-04-09,8897,ＭＩＲＡＲＴＨホールディングス,426.0,425.6,412.2,407.3,,856200,0.77,,,,,
2026-04-09,6367,ダイキン工業,20280.0,19922.0,19492.2,19453.6,,847700,0.69,,,,,
2026-04-09,9301,三菱倉庫,1416.0,1409.4,1373.3,1360.7,,847400,0.65,,,,,
2026-04-09,2160,ジーエヌアイグループ,3130.0,3150.0,3104.8,2887.6,,845500,0.85,,,,,
2026-04-09,2002,日清製粉グループ本社,2155.0,2165.3,2100.6,2080.2,,841100,0.98,,,,,
2026-04-09,4422,ＶＡＬＵＥＮＥＸ,886.0,740.0,537.5,433.6,,840000,1.37,,,,,
2026-04-09,3853,アステリア,1515.0,1508.8,1400.1,1294.4,,819500,0.35,,,,,
2026-04-09,9517,イーレックス,925.0,976.6,943.8,765.8,,816200,0.63,,,,,
2026-04-09,8012,長瀬産業,1233.5,1201.7,1166.1,1123.8,,812100,0.84,,,,,
2026-04-09,8835,太平洋興発,989.0,1015.2,1006.4,931.1,,807000,0.29,,,,,
2026-04-09,7747,朝日インテック,3599.0,3567.2,3332.7,3044.9,,790700,0.72,,,,,
2026-04-09,6770,アルプスアルパイン,2262.5,2224.1,2173.2,2133.1,,786300,0.75,,,,,
2026-04-09,3774,インターネットイニシアティブ,2580.0,2599.9,2461.7,2403.8,,774300,1.23,,,,,
2026-04-09,5334,日本特殊陶業,8017.0,7697.0,7563.9,7323.4,,751700,1.2,,,,,
2026-04-09,9006,京浜急行電鉄,1623.0,1616.1,1545.2,1544.4,,746500,0.76,,,,,
2026-04-09,8282,ケーズホールディングス,1865.0,1819.3,1696.4,1663.5,,734100,0.83,,,,,
2026-04-09,8358,スルガ銀行,2159.0,2136.2,2016.6,2003.7,,724800,1.05,,,,,
2026-04-09,8273,イズミ,1070.0,1069.4,1035.0,1033.0,,722500,1.34,,,,,
2026-04-09,7762,シチズン時計,1804.0,1795.2,1726.0,1607.7,,722200,0.78,,,,,
2026-04-09,8715,アニコム　ホールディングス,1608.0,1514.8,1396.8,1215.3,,717400,1.36,,,,,
2026-04-09,7412,アトム,650.0,642.4,633.9,617.8,,716600,0.88,,,,,
2026-04-09,3271,ＴＨＥグローバル社,1276.0,1180.0,977.8,953.5,,715300,1.06,,,,,
2026-04-09,6481,ＴＨＫ,5314.0,5094.2,4876.9,4822.9,,708800,0.78,,,,,
2026-04-09,5563,新日本電工,444.0,440.6,427.1,415.1,,708600,0.97,,,,,
2026-04-09,6197,ソラスト,1116.0,1116.0,1059.9,971.9,,708000,0.18,,,,,
2026-04-09,6592,マブチモーター,1669.0,1639.5,1627.2,1611.9,,692500,1.11,,,,,
2026-04-09,9507,四国電力,1802.5,1810.7,1760.4,1679.2,,692500,0.94,,,,,
2026-04-09,1435,ｒｏｂｏｔ　ｈｏｍｅ,205.0,203.4,194.4,187.1,,674500,1.16,,,,,
2026-04-09,8086,ニプロ,1634.0,1633.3,1557.9,1516.5,,664400,0.69,,,,,
2026-04-09,6674,ジーエス・ユアサ　コーポレーション,6155.0,6019.2,5419.9,4733.1,,658600,0.41,,,,,
2026-04-09,8341,七十七銀行,3384.0,3297.8,3132.3,3044.8,,652800,0.8,,,,,
2026-04-09,9041,近鉄グループホールディングス,3386.0,3372.2,3266.1,3258.0,,649700,0.54,,,,,
2026-04-09,8289,Ｏｌｙｍｐｉｃグループ,1103.0,887.6,565.9,493.9,,645200,0.84,,,,,
2026-04-09,5393,ニチアス,3073.0,2958.0,2926.9,2812.2,,644000,0.89,,,,,
2026-04-09,6395,タダノ,1439.0,1413.2,1322.5,1294.4,,638000,1.29,,,,,
2026-04-09,9147,ＮＩＰＰＯＮ　ＥＸＰＲＥＳＳホールディングス,3810.0,3792.4,3660.3,3635.9,,634100,0.67,,,,,
2026-04-09,7868,広済堂ホールディングス,506.0,508.6,491.9,489.3,,631100,0.66,,,,,
2026-04-09,9072,ニッコンホールディングス,4798.0,4790.8,4462.4,4012.8,,630200,1.29,,,,,
2026-04-09,8367,南都銀行,1516.0,1500.2,1457.6,1424.6,,620600,1.1,,,,,
2026-04-09,9876,コックス,259.0,260.0,257.3,254.1,,619500,19.82,,,,,
2026-04-09,3863,日本製紙,1299.0,1295.6,1262.8,1230.3,,596700,0.62,,,,,
2026-04-09,6597,ＨＰＣシステムズ,2573.0,2703.8,1999.0,1975.1,,595600,0.84,,,,,
2026-04-09,6327,北川精機,1819.0,1698.8,1623.5,1392.8,,579900,2.05,,,,,
2026-04-09,5423,東京製鐵,1777.0,1832.0,1673.8,1610.9,,571300,0.7,,,,,
2026-04-09,8393,宮崎銀行,1985.0,1912.6,1846.5,1755.2,,570100,1.49,,,,,
2026-04-09,4403,日油,3269.0,3267.8,3115.7,3065.2,,567200,0.83,,,,,
2026-04-09,7380,十六フィナンシャルグループ,2008.0,1931.8,1844.7,1807.6,,566000,0.91,,,,,
2026-04-09,4021,日産化学,6387.0,6290.2,6207.0,6113.0,,564500,0.92,,,,,
2026-04-09,6407,ＣＫＤ,5120.0,4965.0,4587.0,4579.0,,561200,0.91,,,,,
2026-04-09,4031,片倉コープアグリ,1281.0,1374.0,1340.2,1115.8,,552300,0.48,,,,,
2026-04-09,9505,北陸電力,1105.0,1106.6,1084.9,1046.8,,543000,0.65,,,,,
2026-04-09,4978,リプロセル,182.0,175.2,174.2,170.9,,535600,0.61,,,,,
2026-04-09,8060,キヤノンマーケティングジャパン,3608.0,3577.6,3484.5,3457.1,,535500,1.09,,,,,
2026-04-09,9861,吉野家ホールディングス,3356.0,3410.2,3288.9,3153.4,,533800,1.38,,,,,
2026-04-09,3776,ブロードバンドタワー,238.0,231.0,219.9,211.5,,524200,0.63,,,,,
2026-04-09,6278,ユニオンツール,16390.0,14842.0,14441.5,13073.2,,519700,2.15,,,,,
2026-04-09,6890,フェローテック,6850.0,6648.0,6352.5,6235.0,,516000,0.95,,,,,
2026-04-09,4047,関東電化工業,1578.0,1477.6,1465.0,1461.7,,510400,1.45,,,,,
2026-04-10,4564,オンコセラピー・サイエンス,23.0,25.4,22.9,21.6,,211506000,1.52,,,,,
2026-04-10,5803,フジクラ,5630.0,4900.8,4497.2,3949.6,,83540900,1.5,,,,,
2026-04-10,4597,ソレイジア・ファーマ,34.0,34.2,32.7,31.5,,74394800,1.47,,,,,
2026-04-10,5016,ＪＸ金属,4577.0,4132.6,3811.9,3397.2,,48763000,1.51,,,,,
2026-04-10,5856,エルアイイーエイチ,34.0,29.4,26.1,25.5,,30132200,2.98,,,,,
2026-04-10,9433,ＫＤＤＩ,2582.0,2693.5,2687.6,2672.8,,18747100,1.67,,,,,
2026-04-10,7012,川崎重工業,3381.0,3242.2,3156.6,3128.3,,12830700,0.95,,,,,
2026-04-10,4689,ＬＩＮＥヤフー,403.6,403.4,395.0,394.9,,12589700,0.73,,,,,
2026-04-10,5801,古河電気工業,45800.0,41438.0,33169.8,24154.6,,10544100,0.94,,,,,
2026-04-10,6981,村田製作所,4146.0,3945.8,3722.0,3575.2,,10407400,1.35,,,,,
2026-04-10,5020,ＥＮＥＯＳホールディングス,1425.5,1452.9,1411.0,1373.8,,10342900,0.93,,,,,
2026-04-10,5802,住友電気工業,10580.0,10007.6,9675.0,8842.9,,10081400,1.15,,,,,
2026-04-10,3436,ＳＵＭＣＯ,2033.5,1877.3,1749.0,1671.5,,9985700,1.23,,,,,
2026-04-10,6752,パナソニック　ホールディングス,2861.0,2871.5,2693.2,2479.6,,9024600,0.93,,,,,
2026-04-10,6619,ダブル・スコープ,236.0,255.6,218.8,185.9,,8537300,2.28,,,,,
2026-04-10,8766,東京海上ホールディングス,7095.0,7260.0,6919.4,6355.4,,6839400,0.95,,,,,
2026-04-10,7453,良品計画,3750.0,3621.6,3519.1,3411.3,,6730500,1.64,,,,,
2026-04-10,4063,信越化学工業,6556.0,6525.8,6394.6,5898.7,,6428200,0.69,,,,,
2026-04-10,8031,三井物産,6292.0,6355.0,6253.1,5704.1,,6343400,0.74,,,,,
2026-04-10,4062,イビデン,9888.0,9352.8,8390.0,8319.5,,6282300,1.08,,,,,
2026-04-10,6920,レーザーテック,41580.0,38850.0,35914.5,34407.4,,6074300,1.21,,,,,
2026-04-10,6503,三菱電機,5813.0,5551.4,5386.3,5382.8,,6068800,1.03,,,,,
2026-04-10,6552,ＧａｍｅＷｉｔｈ,265.0,206.4,175.8,173.6,,6063800,81.3,,,,,
2026-04-10,4503,アステラス製薬,2607.0,2610.1,2521.7,2416.5,,5556500,0.98,,,,,
2026-04-10,4543,テルモ,2139.0,2185.9,2126.2,2082.1,,5439000,0.9,,,,,
2026-04-10,9104,商船三井,6473.0,6683.6,6608.7,5720.3,,5396300,0.82,,,,,
2026-04-10,2371,カカクコム,1990.0,2179.1,2048.4,1967.0,,4718100,2.78,,,,,
2026-04-10,2801,キッコーマン,1523.0,1548.9,1439.3,1438.5,,4570900,1.01,,,,,
2026-04-10,8002,丸紅,5950.0,5993.2,5751.6,5574.7,,4566600,1.0,,,,,
2026-04-10,4502,武田薬品工業,5732.0,5778.8,5770.4,5572.2,,4293400,0.9,,,,,
2026-04-10,1963,日揮ホールディングス,2758.5,2680.5,2336.9,2257.7,,4256800,0.81,,,,,
2026-04-10,5019,出光興産,1544.0,1590.0,1531.7,1424.2,,4074200,0.75,,,,,
2026-04-10,4507,塩野義製薬,3371.0,3530.6,3475.2,3383.6,,3792900,1.31,,,,,
2026-04-10,2914,日本たばこ産業,5973.0,6054.4,5958.2,5871.9,,3757200,0.9,,,,,
2026-04-10,9101,日本郵船,6163.0,6195.6,5955.5,5475.7,,3595000,0.71,,,,,
2026-04-10,6696,トラース・オン・プロダクト,425.0,385.8,371.6,368.8,,3551600,15.2,,,,,
2026-04-10,7936,アシックス,4567.0,4363.0,4343.8,4282.2,,3344100,0.94,,,,,
2026-04-10,9983,ファーストリテイリング,75540.0,68194.0,64451.0,64315.5,,3284100,2.92,,,,,
2026-04-10,8593,三菱ＨＣキャピタル,1469.5,1484.6,1444.2,1430.4,,3247800,0.75,,,,,
2026-04-10,2503,キリンホールディングス,2635.5,2638.2,2556.9,2534.8,,3146900,0.94,,,,,
2026-04-10,8802,三菱地所,4584.0,4576.8,4538.6,4535.4,,3061500,0.78,,,,,
2026-04-10,2802,味の素,4652.0,4679.2,4524.1,4257.9,,3006800,0.87,,,,,
2026-04-10,4422,ＶＡＬＵＥＮＥＸ,900.0,811.8,566.1,441.1,,2974500,5.86,,,,,
2026-04-10,3110,日東紡績,27430.0,23998.0,21702.0,20051.0,,2926100,1.59,,,,,
2026-04-10,6963,ローム,3651.0,3613.2,3363.2,2941.7,,2878200,0.61,,,,,
2026-04-10,4385,メルカリ,3613.0,3841.0,3683.8,3467.8,,2860600,1.45,,,,,
2026-04-10,8697,日本取引所グループ,1948.5,1924.5,1874.9,1852.5,,2856600,0.84,,,,,
2026-04-10,2492,インフォマート,428.0,468.2,434.8,421.6,,2716700,1.29,,,,,
2026-04-10,6113,アマダ,2491.0,2337.0,2286.7,2272.7,,2686200,2.21,,,,,
2026-04-10,9502,中部電力,2783.0,2751.7,2641.0,2491.6,,2657200,1.01,,,,,
2026-04-10,9602,東宝,1632.5,1672.5,1651.5,1602.7,,2634600,0.88,,,,,
2026-04-10,4911,資生堂,3367.0,3445.8,3203.3,3009.8,,2448300,0.85,,,,,
2026-04-10,8714,池田泉州ホールディングス,999.0,965.4,878.6,869.9,,2447400,1.78,,,,,
2026-04-10,5706,三井金属,37200.0,34096.0,31493.2,28358.1,,2418600,1.28,,,,,
2026-04-10,4004,レゾナック・ホールディングス,13405.0,12567.0,11233.9,10350.4,,2357200,0.79,,,,,
2026-04-10,5074,テスホールディングス,592.0,616.4,616.1,521.6,,2272800,1.06,,,,,
2026-04-10,9519,レノバ,945.0,931.4,847.5,757.8,,2138600,1.07,,,,,
2026-04-10,6754,アンリツ,3398.0,3198.4,2947.2,2692.9,,2130600,1.85,,,,,
2026-04-10,6481,ＴＨＫ,5708.0,5243.0,4910.6,4848.6,,2107700,2.34,,,,,
2026-04-10,8630,ＳＯＭＰＯホールディングス,5976.0,6047.8,5979.1,5833.2,,2063200,0.87,,,,,
2026-04-10,7167,めぶきフィナンシャルグループ,1353.5,1332.9,1250.5,1233.2,,2054300,0.74,,,,,
2026-04-10,6976,太陽誘電,4957.0,4794.0,4231.8,4064.0,,2046100,0.79,,,,,
2026-04-10,6264,マルマエ,1811.0,1596.2,1592.1,1571.3,,2016300,3.06,,,,,
2026-04-10,8358,スルガ銀行,2270.0,2172.0,2034.9,2011.0,,2008200,2.99,,,,,
2026-04-10,1878,大東建託,3675.0,3751.2,3659.9,3460.5,,1808600,1.08,,,,,
2026-04-10,8368,百五銀行,1805.0,1706.4,1579.0,1521.9,,1726400,1.8,,,,,
2026-04-10,7375,リファインバースグループ,1344.0,1610.8,1319.5,1035.5,,1704000,0.39,,,,,
2026-04-10,7004,カナデビア,1213.0,1174.0,1058.2,1050.6,,1671000,1.44,,,,,
2026-04-10,9412,スカパーＪＳＡＴホールディングス,3060.0,3088.0,2984.0,2712.2,,1456500,1.23,,,,,
2026-04-10,9005,東急,1888.5,1907.2,1880.0,1869.6,,1445500,0.87,,,,,
2026-04-10,4528,小野薬品工業,2509.5,2535.0,2470.0,2446.7,,1439300,0.94,,,,,
2026-04-10,3099,三越伊勢丹ホールディングス,3174.0,3188.2,2969.9,2883.9,,1435200,0.72,,,,,
2026-04-10,6952,カシオ計算機,1655.0,1638.7,1495.0,1480.5,,1428300,0.31,,,,,
2026-04-10,9508,九州電力,1819.0,1840.8,1816.1,1810.2,,1411900,0.77,,,,,
2026-04-10,4523,エーザイ,5025.0,5120.2,4945.6,4811.7,,1367700,1.19,,,,,
2026-04-10,8715,アニコム　ホールディングス,1531.0,1533.4,1409.1,1223.1,,1311600,2.37,,,,,
2026-04-10,2501,サッポロホールディングス,1840.0,1834.0,1707.5,1696.9,,1311300,1.1,,,,,
2026-04-10,4186,東京応化工業,9098.0,8424.6,8127.4,7973.5,,1300000,1.33,,,,,
2026-04-10,3192,白鳩,490.0,463.4,340.0,310.3,,1299800,1.94,,,,,
2026-04-10,2341,アルバイトタイムス,212.0,212.8,198.0,190.8,,1290400,5.65,,,,,
2026-04-10,9735,セコム,6053.0,6119.4,6026.6,5948.3,,1286900,1.12,,,,,
2026-04-10,7731,ニコン,1917.5,1952.3,1947.6,1936.4,,1256600,0.86,,,,,
2026-04-10,6770,アルプスアルパイン,2238.0,2233.0,2178.8,2137.4,,1247900,1.24,,,,,
2026-04-10,3401,帝人,1713.5,1699.5,1623.7,1594.0,,1240300,1.01,,,,,
2026-04-10,2768,双日,6383.0,6443.0,6331.1,6236.8,,1219900,0.88,,,,,
2026-04-10,5727,東邦チタニウム,3205.0,2883.4,2662.9,2278.6,,1212900,1.33,,,,,
2026-04-10,2670,エービーシー・マート,2766.0,2733.6,2584.4,2558.1,,1204400,1.57,,,,,
2026-04-10,9532,大阪瓦斯,6448.0,6463.4,6390.4,6254.1,,1191500,1.25,,,,,
2026-04-10,6779,日本電波工業,1484.0,1375.2,1296.8,1190.3,,1189400,2.13,,,,,
2026-04-10,6367,ダイキン工業,20635.0,20096.0,19553.0,19468.2,,1171300,1.02,,,,,
2026-04-10,7741,ＨＯＹＡ,29490.0,28639.0,27876.0,27259.8,,1167400,1.13,,,,,
2026-04-10,6845,アズビル,1476.0,1458.3,1416.3,1388.4,,1154700,0.91,,,,,
2026-04-10,5333,日本碍子,4441.0,4296.0,4117.8,4065.0,,1151700,1.12,,,,,
2026-04-10,6407,ＣＫＤ,5570.0,5104.0,4640.8,4612.4,,1148200,1.84,,,,,
2026-04-10,4182,三菱瓦斯化学,4180.0,4077.0,3949.9,3832.2,,1143300,0.8,,,,,
2026-04-10,9147,ＮＩＰＰＯＮ　ＥＸＰＲＥＳＳホールディングス,3793.0,3796.8,3667.1,3642.0,,1129200,1.21,,,,,
2026-04-10,2331,ＡＬＳＯＫ,1251.5,1285.9,1251.4,1225.4,,1123300,1.03,,,,,
2026-04-10,8897,ＭＩＲＡＲＴＨホールディングス,426.0,426.6,413.0,407.8,,1119100,0.99,,,,,
2026-04-10,6232,ＡＣＳＬ,1610.0,1551.2,1540.0,1339.2,,1101600,0.96,,,,,
2026-04-10,8341,七十七銀行,3262.0,3308.0,3146.6,3053.0,,1092100,1.35,,,,,
2026-04-10,2267,ヤクルト本社,2647.0,2720.9,2650.7,2606.6,,1053100,0.74,,,,,
2026-04-10,5711,三菱マテリアル,5560.0,5426.0,5155.6,4991.6,,1051000,0.71,,,,,
2026-04-10,8508,Ｊトラスト,609.0,594.8,561.6,526.0,,1040100,1.32,,,,,
2026-04-10,4829,日本エンタープライズ,119.0,126.4,125.5,124.9,,1039400,3.11,,,,,
2026-04-10,9517,イーレックス,952.0,953.0,950.8,771.1,,1031400,0.78,,,,,
2026-04-10,5631,日本製鋼所,9836.0,9698.8,9518.1,9414.7,,1030100,0.8,,,,,
2026-04-10,3415,ＴＯＫＹＯ　ＢＡＳＥ,463.0,431.4,417.9,414.6,,999100,1.18,,,,,
2026-04-10,8334,群馬銀行,2269.0,2256.1,2170.6,2101.8,,998400,0.57,,,,,
2026-04-10,6871,日本マイクロニクス,12810.0,11628.0,10669.5,10402.8,,989500,1.1,,,,,
2026-04-10,4536,参天製薬,1826.5,1884.2,1773.4,1735.8,,988100,0.96,,,,,
2026-04-10,5844,京都フィナンシャルグループ,4330.0,4406.0,4354.6,3976.7,,969900,0.88,,,,,
2026-04-10,8359,八十二長野銀行,2105.5,2097.3,2023.6,1993.2,,967800,0.8,,,,,
2026-04-10,4265,Ｉｎｓｔｉｔｕｔｉｏｎ　ｆｏｒ　ａ　Ｇｌｏｂａｌ　Ｓｏｃｉｅｔｙ,319.0,415.0,399.9,330.0,,953700,0.77,,,,,
2026-04-10,9513,電源開発,4107.0,4214.4,4131.8,3717.5,,946600,0.47,,,,,
2026-04-10,4884,クリングルファーマ,451.0,451.6,422.1,402.9,,945900,0.31,,,,,
2026-04-10,8366,滋賀銀行,2090.0,2005.4,1860.6,1742.8,,936000,0.8,,,,,
2026-04-10,9042,阪急阪神ホールディングス,4760.0,4796.0,4507.3,4405.1,,931800,0.71,,,,,
2026-04-10,2002,日清製粉グループ本社,2130.5,2157.8,2105.2,2083.6,,928700,1.07,,,,,
2026-04-10,2160,ジーエヌアイグループ,3180.0,3157.0,3087.3,2898.2,,926400,0.94,,,,,
2026-04-10,6674,ジーエス・ユアサ　コーポレーション,6331.0,6113.6,5486.6,4775.2,,925800,0.58,,,,,
2026-04-10,5334,日本特殊陶業,8241.0,7842.0,7590.3,7346.7,,922600,1.46,,,,,
2026-04-10,5332,ＴＯＴＯ,5732.0,5570.6,5546.4,5522.2,,918400,0.97,,,,,
2026-04-10,4169,ＥＮＥＣＨＡＮＧＥ,287.0,303.6,275.8,272.1,,910600,0.4,,,,,
2026-04-10,4565,ネクセラファーマ,1021.0,1015.6,935.3,890.0,,909400,0.6,,,,,
2026-04-10,2170,リンクアンドモチベーション,581.0,618.6,569.9,543.9,,906400,1.1,,,,,
2026-04-10,4588,オンコリスバイオファーマ,2501.0,2465.0,2385.4,2291.1,,905200,0.83,,,,,
2026-04-10,2269,明治ホールディングス,3903.0,3975.8,3951.9,3842.3,,890400,0.76,,,,,
2026-04-10,9143,ＳＧホールディングス,1548.0,1540.4,1520.3,1509.2,,885700,0.58,,,,,
2026-04-10,6101,ツガミ,4240.0,3757.0,3522.8,3519.8,,874500,4.71,,,,,
2026-04-10,7868,広済堂ホールディングス,507.0,509.8,492.3,489.9,,858600,0.88,,,,,
2026-04-10,9861,吉野家ホールディングス,3434.0,3418.2,3304.3,3160.3,,849000,2.08,,,,,
2026-04-10,5817,ＪＭＡＣＳ,1591.0,1427.4,1391.7,1360.6,,816600,3.87,,,,,
2026-04-10,9507,四国電力,1836.0,1812.4,1767.8,1683.6,,806900,1.1,,,,,
2026-04-10,8628,松井証券,954.0,970.6,965.6,939.2,,804600,0.78,,,,,
2026-04-10,7380,十六フィナンシャルグループ,2055.0,1968.8,1857.2,1816.2,,794400,1.28,,,,,
2026-04-10,3774,インターネットイニシアティブ,2535.0,2601.0,2474.2,2401.0,,788600,1.19,,,,,
2026-04-10,1671,ＷＴＩ原油価格連動型上場投信,4970.0,5098.2,5095.3,4013.0,,784569,0.45,,,,,
2026-04-10,4061,デンカ,3811.0,3803.4,3545.1,3312.4,,780800,0.85,,,,,
2026-04-10,6327,北川精機,1954.0,1778.6,1639.7,1409.2,,777300,2.48,,,,,
2026-04-10,3863,日本製紙,1322.0,1302.0,1265.0,1232.5,,760300,0.85,,,,,
2026-04-10,8012,長瀬産業,1235.0,1213.6,1172.5,1127.1,,755800,0.78,,,,,
2026-04-10,7220,武蔵精密工業,3160.0,2954.4,2803.2,2744.8,,754600,0.78,,,,,
2026-04-10,8273,イズミ,1067.0,1071.4,1038.6,1033.9,,753000,1.35,,,,,
2026-04-10,8346,東邦銀行,701.0,697.6,670.4,661.5,,751600,0.83,,,,,
2026-04-10,7389,あいちフィナンシャルグループ,1588.0,1524.4,1380.5,1242.9,,744500,0.8,,,,,
2026-04-10,6522,アスタリスク,1020.0,1036.0,1002.9,603.1,,739000,0.24,,,,,
2026-04-10,8381,山陰合同銀行,1985.0,1919.0,1779.3,1694.7,,730000,0.99,,,,,
2026-04-10,4419,Ｆｉｎａｔｅｘｔホールディングス,1038.0,1042.8,975.1,907.4,,725300,2.0,,,,,
2026-04-10,7327,第四北越フィナンシャルグループ,2015.0,1993.4,1968.4,1933.5,,717100,0.68,,,,,
2026-04-10,2656,ベクターホールディングス,191.0,202.8,183.0,153.0,,706500,0.29,,,,,
2026-04-10,8282,ケーズホールディングス,1815.5,1830.4,1706.5,1666.7,,702100,0.81,,,,,
2026-04-10,8060,キヤノンマーケティングジャパン,3451.0,3573.4,3483.9,3456.5,,700100,1.37,,,,,
2026-04-10,6235,オプトラン,3175.0,3004.8,2829.6,2583.0,,693800,1.74,,,,,
2026-04-10,8354,ふくおかフィナンシャルグループ,6556.0,6509.4,6233.0,6209.5,,691700,0.94,,,,,
2026-04-10,6592,マブチモーター,1671.0,1648.9,1626.9,1615.2,,689600,1.09,,,,,
2026-04-10,9041,近鉄グループホールディングス,3293.0,3355.8,3272.8,3259.9,,680100,0.61,,,,,
2026-04-10,4840,トライアイズ,790.0,972.4,670.5,543.8,,679900,0.45,,,,,
2026-04-10,1407,ウエストホールディングス,1848.0,1848.2,1810.8,1700.6,,669900,1.45,,,,,
2026-04-10,9006,京浜急行電鉄,1583.0,1611.6,1549.9,1544.7,,668000,0.71,,,,,
2026-04-10,1942,関電工,6333.0,6231.2,6154.9,6127.5,,655500,0.81,,,,,
2026-04-10,3387,クリエイト・レストランツ・ホールディングス,768.0,781.2,761.5,752.7,,655300,0.63,,,,,
2026-04-10,8086,ニプロ,1634.5,1630.8,1564.3,1519.0,,650000,0.71,,,,,
2026-04-10,4021,日産化学,6352.0,6324.8,6210.7,6128.1,,642900,1.04,,,,,
2026-04-10,6890,フェローテック,6980.0,6728.0,6387.5,6260.3,,638500,1.15,,,,,
2026-04-10,3853,アステリア,1475.0,1488.2,1412.5,1302.7,,637900,0.34,,,,,
2026-04-10,5563,新日本電工,437.0,442.6,428.3,415.9,,635500,0.85,,,,,
2026-04-10,9505,北陸電力,1105.0,1104.6,1088.1,1048.7,,632000,0.76,,,,,
2026-04-10,9301,三菱倉庫,1396.0,1404.1,1375.2,1362.8,,622400,0.47,,,,,
2026-04-10,2702,日本マクドナルドホールディングス,8240.0,8456.0,8185.0,7445.5,,621500,1.24,,,,,
2026-04-10,1629,ＮＥＸＴ　ＦＵＮＤＳ　商社・卸売（ＴＯＰＩＸ－１７）上場投信,285.9,288.1,283.0,271.7,,619670,0.82,,,,,
2026-04-10,3077,ホリイフードサービス,850.0,803.8,673.7,570.0,,619600,2.78,,,,,
2026-04-10,7747,朝日インテック,3533.0,3571.6,3355.0,3055.0,,613800,0.59,,,,,
2026-04-10,7762,シチズン時計,1796.0,1802.2,1733.8,1615.4,,613300,0.69,,,,,
2026-04-10,8289,Ｏｌｙｍｐｉｃグループ,1089.0,981.6,598.8,504.5,,609100,0.73,,,,,
2026-04-10,4403,日油,3241.0,3268.4,3132.0,3068.2,,599200,0.94,,,,,
2026-04-10,9468,ＫＡＤＯＫＡＷＡ,3595.0,3766.2,3579.8,3264.2,,598200,0.81,,,,,
2026-04-10,2195,アミタホールディングス,453.0,488.6,433.9,384.4,,580700,0.18,,,,,
2026-04-10,6395,タダノ,1466.0,1427.4,1329.3,1300.3,,567100,1.13,,,,,
2026-04-10,6838,多摩川ホールディングス,1265.0,1341.8,1316.4,1002.7,,565500,1.14,,,,,
2026-04-10,4368,扶桑化学工業,3050.0,2954.4,2920.9,2815.0,,564200,1.32,,,,,
2026-04-10,8393,宮崎銀行,2017.0,1947.2,1861.4,1765.0,,529500,1.27,,,,,
2026-04-10,7826,フルヤ金属,7000.0,6644.0,6591.0,5980.0,,526200,1.33,,,,,
2026-04-10,8336,武蔵野銀行,2408.0,2325.6,2159.5,2030.9,,518600,1.08,,,,,
2026-04-10,5393,ニチアス,3099.0,2998.8,2935.6,2822.8,,505800,0.71,,,,,
2026-04-13,4564,オンコセラピー・サイエンス,24.0,25.2,23.0,21.6,,208934100,1.35,,,,,
2026-04-13,4597,ソレイジア・ファーマ,33.0,34.0,32.8,31.6,,75844900,1.38,,,,,
2026-04-13,5803,フジクラ,5698.0,5120.4,4561.1,3996.5,,67148400,1.18,,,,,
2026-04-13,3103,ユニチカ,1763.0,1317.4,1276.2,1156.5,,39395300,5.2,,,,,
2026-04-13,5016,ＪＸ金属,4635.0,4321.8,3841.1,3433.8,,33130000,0.96,,,,,
2026-04-13,5856,エルアイイーエイチ,35.0,32.0,26.9,25.6,,18857600,1.64,,,,,
2026-04-13,3436,ＳＵＭＣＯ,2154.0,1958.9,1778.4,1680.3,,16413400,2.02,,,,,
2026-04-13,5802,住友電気工業,9926.0,10084.4,9651.8,8900.3,,13599200,1.57,,,,,
2026-04-13,7012,川崎重工業,3345.0,3295.2,3159.7,3138.0,,11101700,0.82,,,,,
2026-04-13,4689,ＬＩＮＥヤフー,403.8,405.8,395.3,394.7,,10751300,0.67,,,,,
2026-04-13,7453,良品計画,3804.0,3665.8,3521.5,3426.5,,10710800,2.39,,,,,
2026-04-13,5801,古河電気工業,45310.0,43040.0,33900.8,24743.7,,10187600,0.91,,,,,
2026-04-13,4063,信越化学工業,6662.0,6553.6,6401.2,5917.2,,8241400,0.92,,,,,
2026-04-13,6981,村田製作所,4170.0,4018.4,3748.0,3587.3,,7510600,0.95,,,,,
2026-04-13,5020,ＥＮＥＯＳホールディングス,1427.5,1446.4,1414.1,1377.0,,6821700,0.62,,,,,
2026-04-13,4062,イビデン,9386.0,9519.2,8466.6,8352.0,,6341000,1.06,,,,,
2026-04-13,6752,パナソニック　ホールディングス,2879.5,2891.3,2706.6,2491.3,,5818900,0.6,,,,,
2026-04-13,5341,ＡＳＡＨＩ　ＥＩＴＯホールディングス,297.0,282.6,209.7,208.1,,4938700,2.46,,,,,
2026-04-13,8766,東京海上ホールディングス,7000.0,7198.4,6974.1,6371.2,,4832700,0.73,,,,,
2026-04-13,8031,三井物産,6233.0,6328.8,6273.3,5723.8,,4826600,0.6,,,,,
2026-04-13,6619,ダブル・スコープ,244.0,253.2,221.7,187.3,,4488700,1.07,,,,,
2026-04-13,6503,三菱電機,5814.0,5654.2,5404.2,5393.9,,4120200,0.72,,,,,
2026-04-13,6920,レーザーテック,41230.0,39604.0,36098.5,34514.6,,3913200,0.75,,,,,
2026-04-13,3110,日東紡績,28960.0,25638.0,22043.0,20316.0,,3743000,1.88,,,,,
2026-04-13,4503,アステラス製薬,2560.5,2600.7,2531.7,2420.6,,3741900,0.69,,,,,
2026-04-13,2802,味の素,4607.0,4669.2,4534.2,4277.9,,3500300,1.05,,,,,
2026-04-13,4543,テルモ,2134.0,2175.6,2129.3,2079.7,,3361300,0.57,,,,,
2026-04-13,7375,リファインバースグループ,1644.0,1573.8,1344.3,1048.6,,3213200,0.73,,,,,
2026-04-13,8002,丸紅,5932.0,6001.6,5768.7,5589.3,,3193900,0.72,,,,,
2026-04-13,6976,太陽誘電,5073.0,4898.8,4288.6,4087.2,,3045500,1.17,,,,,
2026-04-13,4911,資生堂,3285.0,3416.2,3216.9,3021.0,,3003200,1.13,,,,,
2026-04-13,1963,日揮ホールディングス,2693.0,2711.6,2366.9,2266.9,,3001500,0.55,,,,,
2026-04-13,2914,日本たばこ産業,5953.0,6025.4,5970.4,5874.0,,2990100,0.73,,,,,
2026-04-13,5019,出光興産,1545.5,1573.7,1535.9,1428.7,,2946500,0.55,,,,,
2026-04-13,9101,日本郵船,6104.0,6158.8,5978.7,5487.8,,2893600,0.59,,,,,
2026-04-13,6965,浜松ホトニクス,1949.5,1929.5,1907.2,1865.6,,2687600,1.04,,,,,
2026-04-13,2801,キッコーマン,1514.5,1537.1,1449.3,1440.4,,2659800,0.6,,,,,
2026-04-13,8697,日本取引所グループ,1900.0,1924.5,1877.2,1854.4,,2602700,0.81,,,,,
2026-04-13,6232,ＡＣＳＬ,1807.0,1620.2,1541.8,1350.6,,2477300,2.13,,,,,
2026-04-13,7936,アシックス,4487.0,4416.8,4345.1,4288.8,,2443500,0.68,,,,,
2026-04-13,2503,キリンホールディングス,2617.0,2637.6,2557.7,2538.7,,2443000,0.74,,,,,
2026-04-13,9502,中部電力,2783.0,2765.8,2654.3,2501.4,,2413000,0.91,,,,,
2026-04-13,6963,ローム,3613.0,3613.6,3378.9,2961.2,,2340000,0.53,,,,,
2026-04-13,8524,北洋銀行,1035.0,1035.8,977.6,976.5,,2334600,1.05,,,,,
2026-04-13,9602,東宝,1657.5,1658.9,1653.1,1604.1,,2321800,0.79,,,,,
2026-04-13,8593,三菱ＨＣキャピタル,1459.5,1481.7,1446.5,1431.8,,2247400,0.55,,,,,
2026-04-13,4004,レゾナック・ホールディングス,13300.0,12858.0,11343.9,10458.5,,2217900,0.74,,,,,
2026-04-13,8630,ＳＯＭＰＯホールディングス,5915.0,6027.2,5983.4,5836.1,,2202300,0.96,,,,,
2026-04-13,9519,レノバ,997.0,949.2,858.2,763.1,,2196200,1.05,,,,,
2026-04-13,2013,ｉシェアーズ　米国高配当株　ＥＴＦ,290.1,289.1,289.0,284.8,,2178310,2.79,,,,,
2026-04-13,2195,アミタホールディングス,486.0,473.6,442.6,387.1,,2159300,0.77,,,,,
2026-04-13,4507,塩野義製薬,3375.0,3489.6,3473.5,3390.8,,2094100,0.72,,,,,
2026-04-13,7167,めぶきフィナンシャルグループ,1344.0,1341.4,1258.6,1236.6,,2049400,0.77,,,,,
2026-04-13,5706,三井金属,36430.0,34990.0,31735.8,28607.8,,2012700,1.04,,,,,
2026-04-13,2371,カカクコム,2032.0,2141.4,2055.2,1962.0,,1943900,0.95,,,,,
2026-04-13,6264,マルマエ,1878.0,1668.0,1601.5,1583.4,,1880400,2.31,,,,,
2026-04-13,6407,ＣＫＤ,5650.0,5264.0,4703.5,4644.1,,1806000,2.65,,,,,
2026-04-13,5817,ＪＭＡＣＳ,1785.0,1519.4,1401.5,1371.8,,1693400,6.27,,,,,
2026-04-13,1878,大東建託,3590.0,3712.0,3658.8,3469.7,,1678800,1.05,,,,,
2026-04-13,6197,ソラスト,1116.0,1116.0,1072.5,980.3,,1658700,0.86,,,,,
2026-04-13,6952,カシオ計算機,1658.0,1649.6,1507.0,1485.9,,1607900,0.36,,,,,
2026-04-13,4385,メルカリ,3602.0,3775.4,3691.4,3474.4,,1590400,0.79,,,,,
2026-04-13,2492,インフォマート,427.0,458.0,436.2,421.7,,1548800,0.74,,,,,
2026-04-13,6113,アマダ,2468.0,2382.7,2293.7,2280.7,,1507100,1.11,,,,,
2026-04-13,4888,ステラファーマ,717.0,695.8,682.8,470.4,,1494900,0.61,,,,,
2026-04-13,6367,ダイキン工業,20235.0,20246.0,19612.0,19477.2,,1485100,1.5,,,,,
2026-04-13,9147,ＮＩＰＰＯＮ　ＥＸＰＲＥＳＳホールディングス,3858.0,3813.0,3676.9,3648.0,,1478600,1.55,,,,,
2026-04-13,3046,ジンズホールディングス,6370.0,5680.0,5351.0,5254.1,,1460400,7.67,,,,,
2026-04-13,6324,ハーモニック・ドライブ・システムズ,4155.0,4010.0,3946.2,3929.1,,1436300,0.82,,,,,
2026-04-13,6754,アンリツ,3392.0,3276.0,2972.2,2710.5,,1417400,1.13,,,,,
2026-04-13,9983,ファーストリテイリング,75050.0,70178.0,64953.5,64480.3,,1393100,1.04,,,,,
2026-04-13,6383,ダイフク,6404.0,6226.6,5857.3,5846.0,,1352000,0.76,,,,,
2026-04-13,9412,スカパーＪＳＡＴホールディングス,3015.0,3079.0,2980.0,2726.1,,1304500,1.08,,,,,
2026-04-13,8359,八十二長野銀行,2089.0,2103.4,2030.9,1997.3,,1222300,1.09,,,,,
2026-04-13,4528,小野薬品工業,2492.0,2527.0,2476.5,2450.2,,1207800,0.86,,,,,
2026-04-13,3099,三越伊勢丹ホールディングス,3153.0,3194.8,2984.0,2893.8,,1207000,0.65,,,,,
2026-04-13,4182,三菱瓦斯化学,4188.0,4130.6,3953.4,3851.4,,1196800,0.85,,,,,
2026-04-13,9005,東急,1887.0,1903.1,1880.9,1871.0,,1105700,0.74,,,,,
2026-04-13,4536,参天製薬,1806.0,1870.3,1781.6,1736.9,,1097000,1.09,,,,,
2026-04-13,8714,池田泉州ホールディングス,981.0,977.6,888.0,872.2,,1087200,0.76,,,,,
2026-04-13,4169,ＥＮＥＣＨＡＮＧＥ,309.0,302.6,278.7,272.6,,1086800,0.59,,,,,
2026-04-13,8368,百五銀行,1813.0,1747.2,1593.2,1531.1,,1056500,1.02,,,,,
2026-04-13,6871,日本マイクロニクス,12070.0,11918.0,10734.5,10463.0,,1054700,1.19,,,,,
2026-04-13,7389,あいちフィナンシャルグループ,1619.0,1558.4,1401.4,1252.4,,1044600,1.22,,,,,
2026-04-13,6235,オプトラン,3355.0,3102.0,2854.8,2605.6,,1034400,2.5,,,,,
2026-04-13,3083,スターシーズ,1161.0,1274.8,1134.2,899.0,,1031900,2.81,,,,,
2026-04-13,4588,オンコリスバイオファーマ,2350.0,2471.6,2367.8,2302.5,,1026100,0.96,,,,,
2026-04-13,9042,阪急阪神ホールディングス,4796.0,4800.2,4539.9,4416.6,,1025800,0.91,,,,,
2026-04-13,9508,九州電力,1813.0,1833.2,1818.2,1810.7,,1016500,0.58,,,,,
2026-04-13,8346,東邦銀行,700.0,700.8,673.8,663.5,,1015400,1.14,,,,,
2026-04-13,3192,白鳩,491.0,481.8,350.2,313.5,,1009300,1.26,,,,,
2026-04-13,7327,第四北越フィナンシャルグループ,1990.0,2002.4,1969.3,1936.5,,994200,1.03,,,,,
2026-04-13,7004,カナデビア,1210.0,1191.6,1068.6,1053.5,,990000,0.81,,,,,
2026-04-13,5334,日本特殊陶業,8118.0,7963.2,7609.1,7366.4,,982500,1.49,,,,,
2026-04-13,9513,電源開発,4091.0,4174.8,4139.7,3729.8,,975300,0.51,,,,,
2026-04-13,6779,日本電波工業,1573.0,1425.6,1311.1,1199.4,,964700,1.53,,,,,
2026-04-13,5711,三菱マテリアル,5460.0,5484.4,5176.6,5009.4,,959100,0.68,,,,,
2026-04-13,2501,サッポロホールディングス,1849.0,1845.5,1719.4,1702.8,,950400,0.8,,,,,
2026-04-13,3776,ブロードバンドタワー,240.0,235.8,220.7,213.4,,935300,1.11,,,,,
2026-04-13,9532,大阪瓦斯,6276.0,6430.8,6396.3,6266.0,,932700,0.97,,,,,
2026-04-13,2768,双日,6358.0,6440.0,6336.1,6246.5,,930900,0.7,,,,,
2026-04-13,8715,アニコム　ホールディングス,1618.0,1564.8,1424.2,1232.2,,929200,1.49,,,,,
2026-04-13,8334,群馬銀行,2273.5,2269.1,2179.3,2108.2,,910600,0.65,,,,,
2026-04-13,6770,アルプスアルパイン,2173.5,2229.6,2182.0,2139.6,,905400,0.89,,,,,
2026-04-13,4523,エーザイ,4946.0,5081.6,4951.5,4816.1,,899900,0.79,,,,,
2026-04-13,6481,ＴＨＫ,5634.0,5384.6,4942.6,4872.1,,898400,0.86,,,,,
2026-04-13,3401,帝人,1701.5,1707.1,1630.7,1598.8,,893800,0.72,,,,,
2026-04-13,6521,オキサイド,5050.0,4635.0,4613.5,3406.0,,866200,1.7,,,,,
2026-04-13,4186,東京応化工業,9050.0,8675.8,8174.3,8017.8,,863800,0.85,,,,,
2026-04-13,3415,ＴＯＫＹＯ　ＢＡＳＥ,462.0,444.6,420.5,414.6,,843000,0.96,,,,,
2026-04-13,2269,明治ホールディングス,3905.0,3963.2,3950.7,3848.7,,820900,0.75,,,,,
2026-04-13,5333,日本碍子,4412.0,4354.4,4135.6,4075.9,,815200,0.8,,,,,
2026-04-13,5631,日本製鋼所,9738.0,9711.0,9503.0,9420.9,,814400,0.65,,,,,
2026-04-13,9301,三菱倉庫,1413.0,1408.8,1378.3,1364.8,,806700,0.65,,,,,
2026-04-13,4676,フジ・メディア・ホールディングス,4202.0,4285.4,4076.9,3825.8,,805500,0.94,,,,,
2026-04-13,2337,いちご,493.0,494.0,482.0,452.5,,798800,1.1,,,,,
2026-04-13,7741,ＨＯＹＡ,29170.0,28881.0,27946.2,27313.1,,793200,0.78,,,,,
2026-04-13,6552,ＧａｍｅＷｉｔｈ,229.0,217.4,179.1,174.3,,776700,1.14,,,,,
2026-04-13,9735,セコム,6050.0,6102.2,6028.8,5953.3,,774300,0.68,,,,,
2026-04-13,3387,クリエイト・レストランツ・ホールディングス,765.0,775.6,763.4,752.4,,770600,0.79,,,,,
2026-04-13,8012,長瀬産業,1239.0,1226.0,1179.2,1130.3,,765500,0.85,,,,,
2026-04-13,6674,ジーエス・ユアサ　コーポレーション,6343.0,6186.8,5544.1,4818.5,,760500,0.49,,,,,
2026-04-13,1629,ＮＥＸＴ　ＦＵＮＤＳ　商社・卸売（ＴＯＰＩＸ－１７）上場投信,282.7,287.1,283.5,272.3,,759630,1.06,,,,,
2026-04-13,4061,デンカ,3781.0,3802.4,3573.4,3325.0,,751900,0.81,,,,,
2026-04-13,2160,ジーエヌアイグループ,3135.0,3158.0,3086.8,2909.4,,750900,0.8,,,,,
2026-04-13,2670,エービーシー・マート,2818.5,2764.3,2597.8,2563.3,,750600,0.91,,,,,
2026-04-13,1407,ウエストホールディングス,1855.0,1839.2,1810.0,1706.0,,750200,1.5,,,,,
2026-04-13,2267,ヤクルト本社,2638.0,2703.3,2654.6,2608.6,,742700,0.54,,,,,
2026-04-13,8341,七十七銀行,3249.0,3307.4,3157.7,3061.1,,729600,0.9,,,,,
2026-04-13,9143,ＳＧホールディングス,1530.5,1544.8,1522.9,1510.2,,727600,0.54,,,,,
2026-04-13,8358,スルガ銀行,2246.0,2196.2,2052.0,2017.8,,723300,0.91,,,,,
2026-04-13,5844,京都フィナンシャルグループ,4373.0,4403.0,4349.9,3990.2,,710300,0.68,,,,,
2026-04-13,3048,ビックカメラ,1752.5,1808.6,1756.6,1754.9,,707700,1.25,,,,,
2026-04-13,2702,日本マクドナルドホールディングス,8090.0,8392.0,8198.5,7471.8,,702100,1.43,,,,,
2026-04-13,5727,東邦チタニウム,3225.0,3014.6,2682.8,2304.9,,693700,0.73,,,,,
2026-04-13,5243,ｎｏｔｅ,2909.0,2711.6,2479.8,2449.2,,671500,1.89,,,,,
2026-04-13,8897,ＭＩＲＡＲＴＨホールディングス,425.0,426.0,413.9,408.3,,668500,0.62,,,,,
2026-04-13,8366,滋賀銀行,2077.0,2040.8,1878.7,1751.2,,668000,0.61,,,,,
2026-04-13,6845,アズビル,1458.0,1464.8,1418.7,1388.5,,657400,0.55,,,,,
2026-04-13,2170,リンクアンドモチベーション,564.0,604.8,570.3,544.5,,652300,0.76,,,,,
2026-04-13,6592,マブチモーター,1635.5,1653.4,1625.7,1617.7,,647300,1.03,,,,,
2026-04-13,4884,クリングルファーマ,471.0,456.2,425.9,404.1,,638900,0.2,,,,,
2026-04-13,8086,ニプロ,1650.5,1635.0,1572.0,1521.8,,636400,0.75,,,,,
2026-04-13,9505,北陸電力,1094.0,1104.6,1090.1,1050.0,,636000,0.81,,,,,
2026-04-13,6696,トラース・オン・プロダクト,406.0,393.4,373.6,370.6,,624800,1.07,,,,,
2026-04-13,4565,ネクセラファーマ,1015.0,1015.6,939.6,893.6,,617500,0.4,,,,,
2026-04-13,5741,ＵＡＣＪ,3020.0,2985.2,2539.1,2535.7,,611400,0.52,,,,,
2026-04-13,9041,近鉄グループホールディングス,3318.0,3352.4,3281.7,3261.7,,608900,0.65,,,,,
2026-04-13,3863,日本製紙,1318.0,1309.0,1267.2,1234.6,,603700,0.75,,,,,
2026-04-13,2331,ＡＬＳＯＫ,1246.5,1276.6,1252.4,1225.3,,601200,0.58,,,,,
2026-04-13,5423,東京製鐵,1723.0,1771.0,1684.7,1615.8,,596600,0.72,,,,,
2026-04-13,8336,武蔵野銀行,2426.0,2361.0,2182.1,2041.5,,592700,1.2,,,,,
2026-04-13,3113,ＵＮＩＶＡ・Ｏａｋホールディングス,83.0,84.8,84.2,76.2,,582400,0.79,,,,,
2026-04-13,2002,日清製粉グループ本社,2113.0,2145.8,2108.9,2086.4,,577600,0.68,,,,,
2026-04-13,8381,山陰合同銀行,1991.0,1938.8,1794.3,1701.1,,566000,0.81,,,,,
2026-04-13,7747,朝日インテック,3520.0,3573.0,3376.6,3064.5,,565200,0.57,,,,,
2026-04-13,8282,ケーズホールディングス,1789.5,1826.8,1715.2,1669.3,,563200,0.79,,,,,
2026-04-13,8060,キヤノンマーケティングジャパン,3435.0,3554.0,3484.9,3455.5,,562500,1.05,,,,,
2026-04-13,7826,フルヤ金属,7210.0,6822.0,6606.5,6034.4,,553900,1.41,,,,,
2026-04-13,9861,吉野家ホールディングス,3397.0,3415.0,3316.7,3166.4,,544800,1.22,,,,,
2026-04-13,4403,日油,3202.0,3262.2,3147.4,3070.8,,544700,0.93,,,,,
2026-04-13,4419,Ｆｉｎａｔｅｘｔホールディングス,998.0,1039.6,981.2,908.3,,543100,1.37,,,,,
2026-04-13,7220,武蔵精密工業,3170.0,3037.0,2817.2,2752.4,,541600,0.62,,,,,
2026-04-13,8628,松井証券,957.0,967.8,966.6,940.3,,539700,0.6,,,,,
2026-04-13,7380,十六フィナンシャルグループ,2062.0,2003.2,1869.7,1824.5,,539100,0.92,,,,,
2026-04-13,8392,大分銀行,2160.0,2066.4,1951.7,1849.7,,538600,1.75,,,,,
2026-04-13,7762,シチズン時計,1793.0,1801.0,1741.7,1622.5,,535000,0.66,,,,,
2026-04-13,2999,ホームポジション,595.0,521.6,489.9,479.7,,533900,40.48,,,,,
2026-04-13,9507,四国電力,1841.0,1822.6,1774.1,1687.9,,529000,0.73,,,,,
2026-04-13,6890,フェローテック,6940.0,6818.0,6432.0,6283.0,,509600,0.94,,,,,
2026-04-13,7717,ブイ・テクノロジー,5090.0,4687.0,4522.5,4020.8,,509100,2.21,,,,,
2026-04-13,9006,京浜急行電鉄,1565.5,1603.7,1554.0,1544.9,,502800,0.63,,,,,
2026-04-13,8508,Ｊトラスト,615.0,603.2,564.4,528.4,,502700,0.6,,,,,
2026-04-13,1942,関電工,6243.0,6267.2,6161.4,6136.9,,502000,0.63,,,,,
2026-04-13,3774,インターネットイニシアティブ,2544.0,2585.0,2484.8,2398.9,,501500,0.73,,,,,
2026-04-14,4564,オンコセラピー・サイエンス,26.0,25.0,23.1,21.7,,250903700,1.48,,,,,
2026-04-14,4597,ソレイジア・ファーマ,34.0,34.0,32.9,31.6,,77376100,1.33,,,,,
2026-04-14,5803,フジクラ,5935.0,5433.4,4644.3,4047.3,,63357200,1.07,,,,,
2026-04-14,5016,ＪＸ金属,5156.0,4607.6,3898.7,3477.1,,43944500,1.24,,,,,
2026-04-14,5856,エルアイイーエイチ,38.0,35.2,27.9,25.7,,27171900,2.24,,,,,
2026-04-14,3103,ユニチカ,2163.0,1540.8,1319.5,1185.9,,19606200,1.78,,,,,
2026-04-14,7012,川崎重工業,3445.0,3354.2,3170.3,3149.0,,15678800,1.16,,,,,
2026-04-14,4689,ＬＩＮＥヤフー,410.0,407.6,395.9,394.6,,12301000,0.82,,,,,
2026-04-14,3436,ＳＵＭＣＯ,2174.0,2041.1,1806.3,1688.9,,12194800,1.38,,,,,
2026-04-14,3401,帝人,1650.5,1701.4,1635.8,1602.3,,11799400,9.6,,,,,
2026-04-14,6981,村田製作所,4329.0,4127.0,3784.1,3602.8,,9262400,1.18,,,,,
2026-04-14,6752,パナソニック　ホールディングス,2917.5,2907.7,2724.0,2503.3,,8035400,0.88,,,,,
2026-04-14,5801,古河電気工業,46880.0,45114.0,34774.5,25361.2,,7978700,0.71,,,,,
2026-04-14,5802,住友電気工業,10075.0,10261.2,9648.1,8956.3,,7874800,0.86,,,,,
2026-04-14,5020,ＥＮＥＯＳホールディングス,1430.0,1438.1,1419.2,1380.3,,7867700,0.77,,,,,
2026-04-14,7453,良品計画,3776.0,3714.6,3528.0,3435.5,,6541400,1.3,,,,,
2026-04-14,4063,信越化学工業,6695.0,6577.8,6410.7,5934.5,,6472300,0.75,,,,,
2026-04-14,4062,イビデン,9915.0,9758.6,8554.9,8392.6,,5618000,0.92,,,,,
2026-04-14,6503,三菱電機,5859.0,5748.8,5429.5,5406.9,,5422000,1.0,,,,,
2026-04-14,8766,東京海上ホールディングス,6915.0,7126.0,7025.1,6385.6,,5402100,0.88,,,,,
2026-04-14,6963,ローム,3751.0,3653.8,3401.4,2982.0,,5327400,1.24,,,,,
2026-04-14,6920,レーザーテック,42800.0,40850.0,36348.5,34630.8,,4931100,0.96,,,,,
2026-04-14,4503,アステラス製薬,2521.0,2582.5,2540.3,2424.3,,4525300,0.89,,,,,
2026-04-14,6619,ダブル・スコープ,238.0,252.4,224.4,188.4,,4201600,0.97,,,,,
2026-04-14,2914,日本たばこ産業,5895.0,5987.2,5974.8,5875.1,,4085900,1.07,,,,,
2026-04-14,9502,中部電力,2834.5,2788.0,2672.1,2512.4,,3945600,1.53,,,,,
2026-04-14,8002,丸紅,6018.0,6021.4,5787.9,5603.9,,3869300,0.93,,,,,
2026-04-14,7375,リファインバースグループ,1727.0,1532.6,1380.4,1063.3,,3845000,0.85,,,,,
2026-04-14,5019,出光興産,1536.0,1549.1,1540.6,1433.1,,3772800,0.74,,,,,
2026-04-14,6232,ＡＣＳＬ,1868.0,1699.0,1550.0,1362.2,,3716800,2.84,,,,,
2026-04-14,1963,日揮ホールディングス,2705.5,2736.7,2399.0,2276.4,,3566600,0.71,,,,,
2026-04-14,6952,カシオ計算機,1731.0,1670.4,1523.0,1492.5,,3478300,0.79,,,,,
2026-04-14,4422,ＶＡＬＵＥＮＥＸ,1000.0,945.4,623.9,460.2,,3452900,5.0,,,,,
2026-04-14,4543,テルモ,2155.5,2161.7,2133.4,2078.3,,3409200,0.63,,,,,
2026-04-14,3778,さくらインターネット,3150.0,3193.0,2871.2,2859.5,,3365100,0.64,,,,,
2026-04-14,6552,ＧａｍｅＷｉｔｈ,249.0,232.6,183.4,175.2,,3110600,4.11,,,,,
2026-04-14,2801,キッコーマン,1482.5,1517.4,1457.0,1441.7,,3011300,0.71,,,,,
2026-04-14,6521,オキサイド,5010.0,4776.0,4612.0,3462.2,,2964800,5.36,,,,,
2026-04-14,9101,日本郵船,6117.0,6120.4,6003.4,5500.4,,2896500,0.61,,,,,
2026-04-14,8593,三菱ＨＣキャピタル,1468.0,1478.8,1449.4,1433.2,,2722900,0.73,,,,,
2026-04-14,2503,キリンホールディングス,2601.0,2631.3,2557.2,2542.0,,2714700,0.83,,,,,
2026-04-14,6976,太陽誘電,5279.0,5038.4,4353.6,4114.9,,2707700,1.02,,,,,
2026-04-14,4911,資生堂,3215.0,3368.8,3226.1,3028.9,,2668200,1.01,,,,,
2026-04-14,6965,浜松ホトニクス,1936.0,1948.9,1900.8,1868.0,,2515900,0.98,,,,,
2026-04-14,2802,味の素,4617.0,4673.0,4541.1,4297.6,,2515800,0.78,,,,,
2026-04-14,3110,日東紡績,29440.0,27194.0,22421.0,20584.7,,2458200,1.13,,,,,
2026-04-14,7936,アシックス,4570.0,4492.8,4355.9,4296.1,,2370300,0.71,,,,,
2026-04-14,4004,レゾナック・ホールディングス,13490.0,13199.0,11465.4,10564.5,,2121800,0.72,,,,,
2026-04-14,6383,ダイフク,6578.0,6372.2,5904.0,5864.0,,2070000,1.19,,,,,
2026-04-14,6264,マルマエ,1850.0,1753.0,1608.6,1594.4,,2021600,2.09,,,,,
2026-04-14,8697,日本取引所グループ,1915.5,1926.6,1880.8,1856.3,,2008100,0.68,,,,,
2026-04-14,1878,大東建託,3555.0,3663.4,3656.1,3478.0,,1980500,1.25,,,,,
2026-04-14,9519,レノバ,1009.0,971.2,867.6,767.8,,1829200,0.97,,,,,
2026-04-14,5706,三井金属,38260.0,36332.0,32068.8,28884.8,,1787000,0.93,,,,,
2026-04-14,8795,Ｔ＆Ｄホールディングス,4068.0,4056.4,3951.8,3936.8,,1758700,0.79,,,,,
2026-04-14,6779,日本電波工業,1718.0,1511.2,1330.0,1210.5,,1757700,2.62,,,,,
2026-04-14,1407,ウエストホールディングス,1947.0,1862.4,1811.0,1712.2,,1755400,3.69,,,,,
2026-04-14,2768,双日,6235.0,6406.6,6330.0,6249.8,,1679800,1.31,,,,,
2026-04-14,6113,アマダ,2489.0,2434.6,2300.8,2288.6,,1647300,1.2,,,,,
2026-04-14,8630,ＳＯＭＰＯホールディングス,5902.0,5993.4,5989.2,5838.9,,1639900,0.74,,,,,
2026-04-14,3086,Ｊ．フロント　リテイリング,2581.5,2562.5,2478.4,2471.9,,1609400,1.57,,,,,
2026-04-14,8368,百五銀行,1872.0,1796.0,1611.9,1540.5,,1579500,1.49,,,,,
2026-04-14,8359,八十二長野銀行,2067.5,2101.1,2038.0,2000.2,,1576900,1.47,,,,,
2026-04-14,5334,日本特殊陶業,8476.0,8156.0,7655.9,7391.7,,1547500,2.26,,,,,
2026-04-14,3608,ＴＳＩホールディングス,1386.0,1221.4,1110.0,1099.8,,1520600,2.9,,,,,
2026-04-14,3099,三越伊勢丹ホールディングス,3150.0,3198.0,3002.5,2903.6,,1517600,0.88,,,,,
2026-04-14,4528,小野薬品工業,2476.5,2513.9,2483.3,2453.5,,1496100,1.13,,,,,
2026-04-14,5727,東邦チタニウム,3595.0,3213.8,2723.0,2336.8,,1423700,1.48,,,,,
2026-04-14,5711,三菱マテリアル,5688.0,5581.4,5214.6,5030.9,,1418200,1.02,,,,,
2026-04-14,7167,めぶきフィナンシャルグループ,1343.5,1348.5,1267.0,1239.9,,1404200,0.55,,,,,
2026-04-14,6227,ＡＩメカテック,7700.0,6480.0,6138.3,5306.4,,1385400,1.12,,,,,
2026-04-14,4385,メルカリ,3630.0,3711.0,3699.9,3479.8,,1380700,0.7,,,,,
2026-04-14,9147,ＮＩＰＰＯＮ　ＥＸＰＲＥＳＳホールディングス,3888.0,3833.2,3687.5,3654.7,,1362000,1.42,,,,,
2026-04-14,2371,カカクコム,2101.0,2116.3,2064.7,1958.5,,1361700,0.65,,,,,
2026-04-14,5341,ＡＳＡＨＩ　ＥＩＴＯホールディングス,279.0,281.4,214.2,208.7,,1334300,0.53,,,,,
2026-04-14,4186,東京応化工業,9659.0,9054.0,8238.1,8071.2,,1334200,1.34,,,,,
2026-04-14,4888,ステラファーマ,711.0,709.4,697.6,478.3,,1327800,0.59,,,,,
2026-04-14,6072,地盤ネットホールディングス,1006.0,932.0,909.5,733.5,,1321700,0.63,,,,,
2026-04-14,8524,北洋銀行,1036.0,1041.6,983.2,977.7,,1293500,0.58,,,,,
2026-04-14,6235,オプトラン,3685.0,3269.0,2891.3,2633.7,,1287500,2.68,,,,,
2026-04-14,9508,九州電力,1801.5,1822.8,1821.1,1811.0,,1263600,0.77,,,,,
2026-04-14,5074,テスホールディングス,624.0,611.6,610.1,529.1,,1262500,0.64,,,,,
2026-04-14,4182,三菱瓦斯化学,4217.0,4187.8,3957.2,3870.9,,1254800,0.93,,,,,
2026-04-14,9983,ファーストリテイリング,74590.0,72078.0,65448.0,64656.7,,1253900,0.95,,,,,
2026-04-14,7762,シチズン時計,1795.0,1803.0,1748.8,1629.6,,1234400,1.62,,,,,
2026-04-14,2337,いちご,493.0,494.6,482.4,453.3,,1226800,1.69,,,,,
2026-04-14,9005,東急,1871.0,1895.6,1882.3,1872.3,,1171900,0.87,,,,,
2026-04-14,2492,インフォマート,444.0,450.2,438.8,421.7,,1169500,0.62,,,,,
2026-04-14,8714,池田泉州ホールディングス,981.0,986.0,897.8,874.3,,1149300,0.81,,,,,
2026-04-14,8897,ＭＩＲＡＲＴＨホールディングス,424.0,425.4,414.7,408.7,,1136300,1.16,,,,,
2026-04-14,7004,カナデビア,1223.0,1208.0,1079.7,1056.5,,1106800,0.93,,,,,
2026-04-14,9042,阪急阪神ホールディングス,4794.0,4794.6,4570.9,4427.9,,1104500,1.1,,,,,
2026-04-14,5817,ＪＭＡＣＳ,1385.0,1536.4,1393.7,1377.2,,1080600,2.54,,,,,
2026-04-14,6324,ハーモニック・ドライブ・システムズ,4080.0,4064.0,3936.2,3932.3,,1070600,0.81,,,,,
2026-04-14,4523,エーザイ,4850.0,5027.8,4956.9,4820.3,,1069000,0.96,,,,,
2026-04-14,6770,アルプスアルパイン,2212.5,2237.7,2190.2,2142.4,,1066500,1.07,,,,,
2026-04-14,9412,スカパーＪＳＡＴホールディングス,3155.0,3101.0,2990.0,2742.0,,1066300,0.9,,,,,
2026-04-14,5243,ｎｏｔｅ,3010.0,2810.2,2509.0,2453.1,,1048400,2.76,,,,,
2026-04-14,1435,ｒｏｂｏｔ　ｈｏｍｅ,212.0,206.6,197.0,189.0,,1032800,1.94,,,,,
2026-04-14,4536,参天製薬,1800.0,1852.1,1788.9,1737.8,,1024700,1.03,,,,,
2026-04-14,7389,あいちフィナンシャルグループ,1659.0,1592.2,1424.1,1261.8,,994900,1.19,,,,,
2026-04-14,6871,日本マイクロニクス,12590.0,12306.0,10807.5,10531.8,,986500,1.08,,,,,
2026-04-14,8282,ケーズホールディングス,1780.0,1819.3,1723.6,1671.9,,978900,1.5,,,,,
2026-04-14,9270,バリュエンスホールディングス,2658.0,2319.2,1968.3,1849.2,,964400,6.22,,,,,
2026-04-14,4151,協和キリン,2496.0,2562.7,2528.3,2524.2,,948100,0.65,,,,,
2026-04-14,3168,ＭＥＲＦ,1376.0,1447.4,1350.1,1318.1,,930900,7.07,,,,,
2026-04-14,2656,ベクターホールディングス,179.0,192.8,187.3,154.7,,917700,0.41,,,,,
2026-04-14,4169,ＥＮＥＣＨＡＮＧＥ,317.0,305.2,282.1,273.0,,906500,0.51,,,,,
2026-04-14,2501,サッポロホールディングス,1857.0,1853.3,1730.9,1707.8,,878000,0.76,,,,,
2026-04-14,6754,アンリツ,3396.0,3352.4,2997.6,2727.2,,867900,0.7,,,,,
2026-04-14,6674,ジーエス・ユアサ　コーポレーション,6590.0,6319.0,5621.6,4863.9,,860300,0.6,,,,,
2026-04-14,3387,クリエイト・レストランツ・ホールディングス,765.0,771.0,765.1,752.1,,859200,0.89,,,,,
2026-04-14,6367,ダイキン工業,20490.0,20401.0,19691.5,19489.5,,837400,0.85,,,,,
2026-04-14,2267,ヤクルト本社,2628.5,2677.9,2657.2,2610.2,,837400,0.75,,,,,
2026-04-14,9143,ＳＧホールディングス,1543.0,1547.7,1525.2,1511.0,,833400,0.66,,,,,
2026-04-14,5741,ＵＡＣＪ,3090.0,3034.2,2566.8,2549.7,,825500,0.7,,,,,
2026-04-14,1629,ＮＥＸＴ　ＦＵＮＤＳ　商社・卸売（ＴＯＰＩＸ－１７）上場投信,280.4,285.9,283.8,272.8,,824230,1.11,,,,,
2026-04-14,8919,カチタス,3025.0,3295.0,3262.5,3245.2,,822000,4.46,,,,,
2026-04-14,6787,メイコー,29370.0,27032.0,26662.5,20616.8,,820600,1.23,,,,,
2026-04-14,6481,ＴＨＫ,5705.0,5532.4,4984.0,4896.2,,819400,0.79,,,,,
2026-04-14,7956,ピジョン,1667.5,1677.1,1642.5,1640.5,,818800,1.04,,,,,
2026-04-14,5844,京都フィナンシャルグループ,4336.0,4388.2,4347.9,4002.2,,818100,0.84,,,,,
2026-04-14,6862,ミナトホールディングス,2591.0,2331.0,2215.7,2142.2,,817000,1.86,,,,,
2026-04-14,4588,オンコリスバイオファーマ,2449.0,2480.6,2353.2,2314.7,,805300,0.77,,,,,
2026-04-14,2195,アミタホールディングス,478.0,471.2,450.7,388.2,,799100,0.27,,,,,
2026-04-14,3048,ビックカメラ,1729.0,1787.7,1757.3,1754.3,,797800,1.36,,,,,
2026-04-14,7327,第四北越フィナンシャルグループ,1995.0,2009.0,1971.3,1939.6,,796900,0.83,,,,,
2026-04-14,9735,セコム,6043.0,6083.6,6030.4,5957.4,,784600,0.75,,,,,
2026-04-14,8334,群馬銀行,2239.5,2269.1,2187.9,2113.7,,770300,0.59,,,,,
2026-04-14,8273,イズミ,1062.0,1068.4,1044.8,1035.5,,768300,1.35,,,,,
2026-04-14,9301,三菱倉庫,1419.0,1414.0,1381.6,1366.3,,760300,0.64,,,,,
2026-04-14,5726,大阪チタニウムテクノロジーズ,2910.0,2873.2,2656.1,2652.4,,756700,0.69,,,,,
2026-04-14,2975,スター・マイカ・ホールディングス,1680.0,1781.4,1688.5,1603.3,,749100,2.72,,,,,
2026-04-14,2331,ＡＬＳＯＫ,1239.0,1263.5,1253.3,1225.2,,747300,0.75,,,,,
2026-04-14,8715,アニコム　ホールディングス,1647.0,1589.4,1440.3,1241.5,,743300,1.13,,,,,
2026-04-14,7741,ＨＯＹＡ,29400.0,29160.0,28037.8,27376.2,,733200,0.75,,,,,
2026-04-14,4368,扶桑化学工業,3095.0,3030.4,2921.9,2840.9,,723500,1.66,,,,,
2026-04-14,3776,ブロードバンドタワー,236.0,237.6,220.9,214.2,,720400,0.81,,,,,
2026-04-14,7747,朝日インテック,3493.0,3565.6,3394.8,3073.1,,720100,0.79,,,,,
2026-04-14,7380,十六フィナンシャルグループ,2125.0,2043.8,1887.1,1833.1,,710300,1.26,,,,,
2026-04-14,2670,エービーシー・マート,2825.5,2793.2,2612.6,2568.5,,705900,0.85,,,,,
2026-04-14,5393,ニチアス,3117.0,3081.8,2955.1,2844.1,,704400,1.28,,,,,
2026-04-14,8366,滋賀銀行,2100.0,2071.4,1897.1,1759.4,,701800,0.76,,,,,
2026-04-14,4061,デンカ,3724.0,3797.0,3596.5,3335.8,,701600,0.76,,,,,
2026-04-14,6134,ＦＵＪＩ,5810.0,5481.6,5114.8,4917.4,,698000,1.6,,,,,
2026-04-14,2222,寿スピリッツ,2018.5,1926.9,1919.1,1914.8,,697500,1.28,,,,,
2026-04-14,3863,日本製紙,1335.0,1317.6,1270.7,1237.1,,695300,0.99,,,,,
2026-04-14,7220,武蔵精密工業,3200.0,3118.0,2835.9,2760.0,,692100,0.82,,,,,
2026-04-14,8346,東邦銀行,705.0,703.8,677.3,665.1,,675800,0.76,,,,,
2026-04-14,8381,山陰合同銀行,2023.0,1965.2,1812.9,1707.9,,654800,1.01,,,,,
2026-04-14,3046,ジンズホールディングス,6100.0,5778.0,5393.5,5270.8,,653600,2.03,,,,,
2026-04-14,5333,日本碍子,4449.0,4415.2,4156.2,4087.7,,652200,0.66,,,,,
2026-04-14,7868,広済堂ホールディングス,496.0,505.8,493.5,490.6,,647200,0.72,,,,,
2026-04-14,3930,はてな,1258.0,1089.4,1056.2,970.2,,642000,4.85,,,,,
2026-04-14,4091,日本酸素ホールディングス,5957.0,5892.8,5886.6,5542.2,,636600,1.04,,,,,
2026-04-14,8336,武蔵野銀行,2433.0,2390.4,2201.1,2051.5,,634100,1.28,,,,,
2026-04-14,9507,四国電力,1809.5,1824.2,1779.5,1691.9,,628900,0.88,,,,,
2026-04-14,6845,アズビル,1475.0,1471.5,1421.8,1389.1,,626000,0.55,,,,,
2026-04-14,2160,ジーエヌアイグループ,3185.0,3173.0,3083.8,2919.7,,623500,0.68,,,,,
2026-04-14,8341,七十七銀行,3265.0,3311.8,3171.8,3068.2,,617400,0.76,,,,,
2026-04-14,6278,ユニオンツール,17580.0,16416.0,14769.5,13432.3,,616700,2.04,,,,,
2026-04-14,9041,近鉄グループホールディングス,3298.0,3342.0,3289.1,3263.7,,616000,0.8,,,,,
2026-04-14,5563,新日本電工,440.0,442.0,429.6,417.4,,613800,0.91,,,,,
2026-04-14,5631,日本製鋼所,9726.0,9762.4,9495.5,9422.0,,604400,0.49,,,,,
2026-04-14,9278,ブックオフグループホールディングス,2155.0,1969.4,1852.8,1769.0,,602300,8.17,,,,,
2026-04-14,1942,関電工,6326.0,6317.4,6175.6,6147.3,,591700,0.79,,,,,
2026-04-14,2002,日清製粉グループ本社,2103.0,2133.9,2112.0,2088.9,,589200,0.72,,,,,
2026-04-14,9505,北陸電力,1076.0,1098.4,1090.9,1050.8,,587800,0.78,,,,,
2026-04-14,4565,ネクセラファーマ,1011.0,1017.2,944.8,897.2,,586700,0.38,,,,,
2026-04-14,6592,マブチモーター,1626.0,1655.4,1625.0,1619.8,,583400,0.97,,,,,
2026-04-14,7826,フルヤ金属,7580.0,7100.0,6637.0,6093.5,,577100,1.46,,,,,
2026-04-14,6941,山一電機,10000.0,9258.0,8539.0,8015.2,,577100,2.09,,,,,
2026-04-14,4403,日油,3217.0,3249.4,3159.5,3072.4,,560800,1.01,,,,,
2026-04-14,4996,クミアイ化学工業,786.0,792.6,786.0,738.0,,554200,1.29,,,,,
2026-04-14,8086,ニプロ,1626.5,1634.2,1578.9,1524.3,,551100,0.67,,,,,
2026-04-14,3415,ＴＯＫＹＯ　ＢＡＳＥ,470.0,456.8,423.4,414.7,,544700,0.6,,,,,
2026-04-14,8358,スルガ銀行,2262.0,2224.0,2070.4,2024.1,,539100,0.69,,,,,
2026-04-14,4676,フジ・メディア・ホールディングス,4198.0,4247.8,4100.4,3829.8,,530400,0.63,,,,,
2026-04-14,9006,京浜急行電鉄,1549.0,1587.7,1557.4,1544.8,,521300,0.72,,,,,
2026-04-14,4884,クリングルファーマ,476.0,461.6,430.0,405.0,,521100,0.16,,,,,
2026-04-14,6696,トラース・オン・プロダクト,404.0,400.4,374.5,372.1,,512000,0.79,,,,,
2026-04-14,8012,長瀬産業,1231.0,1235.6,1185.1,1133.3,,504800,0.59,,,,,
2026-04-14,9861,吉野家ホールディングス,3408.0,3405.8,3328.5,3172.4,,500600,1.1,,,,,
2026-04-15,4564,オンコセラピー・サイエンス,26.0,24.8,23.3,21.7,,206612200,1.11,,,,,
2026-04-15,5016,ＪＸ金属,4893.0,4739.6,3951.0,3515.2,,96674100,2.69,,,,,
2026-04-15,9434,ソフトバンク,220.8,217.0,216.4,214.1,,94230000,1.08,,,,,
2026-04-15,6740,ジャパンディスプレイ,92.0,86.8,84.3,52.2,,89688100,0.81,,,,,
2026-04-15,4597,ソレイジア・ファーマ,34.0,33.8,33.0,31.7,,83415300,1.36,,,,,
2026-04-15,5803,フジクラ,5683.0,5594.8,4723.4,4092.9,,57485900,0.96,,,,,
2026-04-15,3103,ユニチカ,2081.0,1726.6,1361.2,1214.1,,56226400,4.44,,,,,
2026-04-15,4689,ＬＩＮＥヤフー,435.2,412.6,397.7,395.2,,36579600,2.62,,,,,
2026-04-15,3436,ＳＵＭＣＯ,2238.5,2109.9,1837.3,1699.4,,13883200,1.56,,,,,
2026-04-15,6981,村田製作所,4520.0,4231.0,3820.0,3621.2,,13431600,1.7,,,,,
2026-04-15,7012,川崎重工業,3326.0,3362.8,3175.1,3157.9,,13062800,0.98,,,,,
2026-04-15,4063,信越化学工業,6809.0,6645.6,6429.5,5953.2,,10556400,1.32,,,,,
2026-04-15,6920,レーザーテック,41370.0,41136.0,36624.5,34710.4,,9334600,1.85,,,,,
2026-04-15,5802,住友電気工業,9551.0,10108.4,9649.4,9001.7,,8747200,0.96,,,,,
2026-04-15,5020,ＥＮＥＯＳホールディングス,1413.5,1428.0,1422.0,1383.4,,8113700,0.87,,,,,
2026-04-15,4062,イビデン,9380.0,9675.8,8599.0,8418.3,,7591600,1.26,,,,,
2026-04-15,6752,パナソニック　ホールディングス,2925.0,2901.6,2740.1,2514.8,,7239700,0.83,,,,,
2026-04-15,6976,太陽誘電,5847.0,5203.8,4436.9,4151.8,,7076400,2.62,,,,,
2026-04-15,5801,古河電気工業,44240.0,45374.0,35614.5,25925.6,,6674100,0.64,,,,,
2026-04-15,8750,第一生命ホールディングス,1481.0,1483.5,1454.0,1453.1,,6671200,0.91,,,,,
2026-04-15,5243,ｎｏｔｅ,2521.0,2767.6,2519.4,2452.9,,6309500,14.21,,,,,
2026-04-15,4503,アステラス製薬,2605.5,2578.8,2550.9,2430.3,,5509100,1.14,,,,,
2026-04-15,6503,三菱電機,5811.0,5787.2,5447.1,5418.7,,5117500,0.98,,,,,
2026-04-15,3778,さくらインターネット,3325.0,3193.0,2902.0,2868.1,,4961500,0.92,,,,,
2026-04-15,7453,良品計画,3910.0,3768.8,3540.2,3447.8,,4928100,0.93,,,,,
2026-04-15,8002,丸紅,5909.0,5979.4,5798.7,5615.7,,4862900,1.25,,,,,
2026-04-15,9502,中部電力,2889.5,2814.5,2689.6,2524.2,,4773100,1.77,,,,,
2026-04-15,6227,ＡＩメカテック,8420.0,6962.0,6233.7,5407.7,,4718900,3.66,,,,,
2026-04-15,5856,エルアイイーエイチ,36.0,37.2,28.8,25.8,,4664100,0.32,,,,,
2026-04-15,4543,テルモ,2187.0,2157.3,2138.2,2078.0,,4309300,0.87,,,,,
2026-04-15,3086,Ｊ．フロント　リテイリング,2527.5,2553.0,2483.7,2475.7,,3597500,3.27,,,,,
2026-04-15,3994,マネーフォワード,4577.0,3904.2,3611.1,3541.0,,3593300,4.63,,,,,
2026-04-15,2503,キリンホールディングス,2610.0,2623.7,2557.8,2545.6,,3444800,1.08,,,,,
2026-04-15,3110,日東紡績,26500.0,27524.0,22706.0,20786.8,,3420400,1.52,,,,,
2026-04-15,9101,日本郵船,6044.0,6118.2,6008.4,5515.3,,3255600,0.72,,,,,
2026-04-15,1963,日揮ホールディングス,2570.0,2706.0,2424.0,2284.6,,3177000,0.7,,,,,
2026-04-15,6965,浜松ホトニクス,1902.0,1936.0,1896.3,1869.9,,3100100,1.27,,,,,
2026-04-15,7375,リファインバースグループ,2127.0,1651.4,1433.9,1084.4,,3095500,0.65,,,,,
2026-04-15,8593,三菱ＨＣキャピタル,1465.5,1468.6,1451.3,1434.7,,3088100,0.87,,,,,
2026-04-15,9697,カプコン,3634.0,3449.4,3424.1,3420.2,,2826400,1.44,,,,,
2026-04-15,6952,カシオ計算機,1735.5,1685.1,1539.3,1499.1,,2799100,1.17,,,,,
2026-04-15,4911,資生堂,3219.0,3311.6,3234.2,3038.0,,2717400,1.03,,,,,
2026-04-15,5706,三井金属,35690.0,36470.0,32347.8,29109.2,,2707000,1.46,,,,,
2026-04-15,4004,レゾナック・ホールディングス,12875.0,13220.0,11578.1,10649.5,,2680600,0.97,,,,,
2026-04-15,2801,キッコーマン,1491.0,1509.3,1464.7,1443.4,,2632700,0.63,,,,,
2026-04-15,6963,ローム,3727.0,3673.2,3420.8,3002.4,,2571400,0.6,,,,,
2026-04-15,6232,ＡＣＳＬ,1800.0,1731.8,1557.8,1373.1,,2466500,1.55,,,,,
2026-04-15,6619,ダブル・スコープ,231.0,246.2,226.1,189.3,,2454600,0.54,,,,,
2026-04-15,5727,東邦チタニウム,3400.0,3302.0,2758.7,2365.7,,2326300,2.32,,,,,
2026-04-15,7936,アシックス,4568.0,4520.0,4364.2,4302.9,,2314900,0.73,,,,,
2026-04-15,2802,味の素,4667.0,4651.2,4550.0,4318.0,,2250300,0.8,,,,,
2026-04-15,8697,日本取引所グループ,1918.0,1920.6,1884.0,1858.6,,2242500,0.84,,,,,
2026-04-15,9005,東急,1884.5,1887.7,1883.7,1874.0,,2183600,1.75,,,,,
2026-04-15,1407,ウエストホールディングス,2122.0,1919.2,1824.9,1721.6,,2113400,3.52,,,,,
2026-04-15,2195,アミタホールディングス,536.0,488.0,461.6,389.0,,2076400,0.83,,,,,
2026-04-15,4528,小野薬品工業,2452.0,2495.0,2487.5,2456.7,,2050200,1.57,,,,,
2026-04-15,3863,日本製紙,1361.0,1327.0,1275.1,1240.2,,2021400,3.06,,,,,
2026-04-15,2337,いちご,493.0,493.4,482.3,454.0,,1978400,2.54,,,,,
2026-04-15,4422,ＶＡＬＵＥＮＥＸ,947.0,956.6,649.5,468.7,,1949600,1.96,,,,,
2026-04-15,5817,ＪＭＡＣＳ,1366.0,1520.0,1390.7,1380.5,,1867500,3.6,,,,,
2026-04-15,6324,ハーモニック・ドライブ・システムズ,4350.0,4103.0,3944.7,3939.0,,1790000,1.51,,,,,
2026-04-15,6521,オキサイド,4350.0,4713.0,4587.0,3505.0,,1782400,2.26,,,,,
2026-04-15,7167,めぶきフィナンシャルグループ,1354.0,1348.7,1275.4,1243.0,,1765400,0.73,,,,,
2026-04-15,6383,ダイフク,6422.0,6422.8,5937.1,5877.8,,1751000,1.0,,,,,
2026-04-15,3401,帝人,1632.5,1682.7,1638.9,1605.2,,1652500,0.73,,,,,
2026-04-15,5074,テスホールディングス,619.0,609.4,607.4,532.6,,1640900,0.89,,,,,
2026-04-15,8524,北洋銀行,1038.0,1038.4,988.8,979.0,,1633500,0.76,,,,,
2026-04-15,2371,カカクコム,2162.5,2094.0,2078.5,1956.3,,1630300,0.84,,,,,
2026-04-15,9519,レノバ,1060.0,998.0,880.0,773.7,,1621300,0.88,,,,,
2026-04-15,5631,日本製鋼所,9047.0,9648.2,9465.4,9414.5,,1564600,1.35,,,,,
2026-04-15,6072,地盤ネットホールディングス,1080.0,968.6,918.0,748.1,,1554600,0.82,,,,,
2026-04-15,1435,ｒｏｂｏｔ　ｈｏｍｅ,227.0,210.4,198.8,189.8,,1553700,2.66,,,,,
2026-04-15,4186,東京応化工業,9288.0,9162.4,8282.9,8117.8,,1533300,1.52,,,,,
2026-04-15,8795,Ｔ＆Ｄホールディングス,4012.0,4032.4,3966.6,3937.4,,1532900,0.73,,,,,
2026-04-15,5711,三菱マテリアル,5652.0,5584.4,5252.0,5052.6,,1522000,1.14,,,,,
2026-04-15,6113,アマダ,2497.0,2462.0,2309.4,2295.7,,1490200,1.05,,,,,
2026-04-15,4182,三菱瓦斯化学,4184.0,4181.2,3964.6,3888.2,,1472400,1.14,,,,,
2026-04-15,8273,イズミ,1045.0,1060.8,1046.9,1036.2,,1467300,2.48,,,,,
2026-04-15,6779,日本電波工業,1614.0,1559.8,1344.0,1220.0,,1463300,1.84,,,,,
2026-04-15,4169,ＥＮＥＣＨＡＮＧＥ,323.0,307.8,285.7,273.6,,1403400,0.79,,,,,
2026-04-15,5726,大阪チタニウムテクノロジーズ,2756.0,2844.4,2673.9,2658.3,,1376100,1.32,,,,,
2026-04-15,4676,フジ・メディア・ホールディングス,4164.0,4221.6,4118.3,3832.7,,1374500,1.72,,,,,
2026-04-15,7004,カナデビア,1165.0,1205.6,1087.8,1058.3,,1352100,1.14,,,,,
2026-04-15,8359,八十二長野銀行,2103.0,2095.5,2045.4,2003.2,,1343700,1.26,,,,,
2026-04-15,4413,ボードルア,2277.0,2016.8,1940.4,1929.6,,1292300,4.67,,,,,
2026-04-15,6754,アンリツ,3403.0,3373.2,3027.1,2743.8,,1286200,1.05,,,,,
2026-04-15,2160,ジーエヌアイグループ,3340.0,3194.0,3095.1,2932.7,,1279600,1.51,,,,,
2026-04-15,2931,ユーグレナ,414.0,407.0,395.7,395.1,,1271600,0.94,,,,,
2026-04-15,6871,日本マイクロニクス,12790.0,12490.0,10914.5,10599.7,,1237400,1.37,,,,,
2026-04-15,8897,ＭＩＲＡＲＴＨホールディングス,431.0,426.4,415.9,409.2,,1231500,1.22,,,,,
2026-04-15,3099,三越伊勢丹ホールディングス,3153.0,3170.6,3017.4,2912.3,,1214900,0.7,,,,,
2026-04-15,8508,Ｊトラスト,632.0,619.6,572.1,532.8,,1199900,1.53,,,,,
2026-04-15,5341,ＡＳＡＨＩ　ＥＩＴＯホールディングス,285.0,284.6,219.2,209.4,,1191700,0.45,,,,,
2026-04-15,9983,ファーストリテイリング,74310.0,73388.0,65908.5,64851.0,,1183800,0.89,,,,,
2026-04-15,4523,エーザイ,5030.0,5002.8,4965.3,4828.9,,1180400,1.08,,,,,
2026-04-15,6845,アズビル,1458.0,1469.1,1422.8,1390.0,,1163900,1.13,,,,,
2026-04-15,8714,池田泉州ホールディングス,980.0,986.6,907.5,876.2,,1155400,0.82,,,,,
2026-04-15,6674,ジーエス・ユアサ　コーポレーション,6613.0,6406.4,5697.9,4907.1,,1143800,1.1,,,,,
2026-04-15,8368,百五銀行,1873.0,1827.4,1629.5,1549.5,,1121100,1.01,,,,,
2026-04-15,7741,ＨＯＹＡ,30030.0,29415.0,28155.2,27454.7,,1094200,1.16,,,,,
2026-04-15,5129,ＦＩＸＥＲ,459.0,467.0,388.6,385.6,,1088000,0.69,,,,,
2026-04-15,5333,日本碍子,4444.0,4429.0,4176.1,4098.7,,1087600,1.18,,,,,
2026-04-15,7740,タムロン,1115.0,1064.0,1027.7,1026.8,,1081300,3.86,,,,,
2026-04-15,3608,ＴＳＩホールディングス,1441.0,1285.2,1128.7,1105.4,,1067800,1.64,,,,,
2026-04-15,2267,ヤクルト本社,2720.0,2666.9,2663.2,2613.2,,1062100,0.99,,,,,
2026-04-15,4840,トライアイズ,1009.0,873.0,737.4,563.7,,1054300,0.8,,,,,
2026-04-15,5334,日本特殊陶業,8214.0,8213.2,7688.8,7412.6,,1052600,1.35,,,,,
2026-04-15,2492,インフォマート,448.0,442.4,440.9,421.7,,1049800,0.63,,,,,
2026-04-15,9042,阪急阪神ホールディングス,4791.0,4791.8,4600.8,4438.9,,1045800,1.1,,,,,
2026-04-15,4565,ネクセラファーマ,1045.0,1023.2,951.5,901.1,,1035000,0.68,,,,,
2026-04-15,9735,セコム,6037.0,6064.0,6028.8,5961.0,,1033500,1.06,,,,,
2026-04-15,9143,ＳＧホールディングス,1529.0,1541.0,1525.5,1511.5,,1021100,0.9,,,,,
2026-04-15,4151,協和キリン,2521.5,2540.9,2534.1,2523.4,,1001000,0.76,,,,,
2026-04-15,6264,マルマエ,1837.0,1795.4,1621.1,1604.3,,958100,0.85,,,,,
2026-04-15,2501,サッポロホールディングス,1894.0,1863.5,1743.7,1713.2,,954900,0.86,,,,,
2026-04-15,9412,スカパーＪＳＡＴホールディングス,3145.0,3103.0,3006.6,2757.7,,948200,0.83,,,,,
2026-04-15,7327,第四北越フィナンシャルグループ,2012.0,2007.2,1973.6,1942.9,,940500,1.01,,,,,
2026-04-15,8282,ケーズホールディングス,1774.0,1804.8,1730.7,1674.3,,909100,1.31,,,,,
2026-04-15,7859,アルメディオ,307.0,285.2,263.3,232.3,,901800,1.59,,,,,
2026-04-15,9301,三菱倉庫,1410.5,1410.9,1383.8,1367.4,,897100,0.79,,,,,
2026-04-15,8358,スルガ銀行,2319.0,2251.2,2090.7,2030.5,,892400,1.16,,,,,
2026-04-15,7762,シチズン時計,1803.0,1798.2,1755.5,1636.6,,884600,1.13,,,,,
2026-04-15,6235,オプトラン,3625.0,3374.0,2928.3,2659.9,,875900,1.54,,,,,
2026-04-15,7747,朝日インテック,3590.0,3547.0,3418.2,3084.1,,871600,1.0,,,,,
2026-04-15,7085,カーブスホールディングス,869.0,815.8,778.0,776.1,,850900,1.64,,,,,
2026-04-15,1942,関電工,6110.0,6279.4,6169.7,6151.1,,849500,1.33,,,,,
2026-04-15,9147,ＮＩＰＰＯＮ　ＥＸＰＲＥＳＳホールディングス,3880.0,3845.8,3695.0,3660.8,,849000,0.85,,,,,
2026-04-15,8334,群馬銀行,2257.0,2263.4,2196.6,2119.1,,847200,0.73,,,,,
2026-04-15,6890,フェローテック,6760.0,6892.0,6508.5,6319.3,,843600,1.71,,,,,
2026-04-15,6770,アルプスアルパイン,2214.5,2220.2,2197.3,2144.8,,833400,0.83,,,,,
2026-04-15,6481,ＴＨＫ,5624.0,5597.0,5023.9,4917.4,,823800,0.79,,,,,
2026-04-15,7389,あいちフィナンシャルグループ,1672.0,1622.4,1445.6,1271.3,,823500,1.0,,,,,
2026-04-15,6994,指月電機製作所,1058.0,1049.8,967.8,963.3,,822300,3.08,,,,,
2026-04-15,2002,日清製粉グループ本社,2107.5,2121.8,2114.3,2091.3,,807000,1.03,,,,,
2026-04-15,3776,ブロードバンドタワー,235.0,237.0,221.2,215.1,,802400,0.89,,,,,
2026-04-15,4588,オンコリスバイオファーマ,2580.0,2479.2,2370.2,2325.3,,792700,0.77,,,,,
2026-04-15,4884,クリングルファーマ,504.0,473.2,435.6,406.4,,789400,0.24,,,,,
2026-04-15,6552,ＧａｍｅＷｉｔｈ,216.0,238.8,185.9,175.8,,785600,0.74,,,,,
2026-04-15,2531,宝ホールディングス,1787.5,1758.8,1646.4,1608.5,,785300,1.33,,,,,
2026-04-15,4536,参天製薬,1800.5,1826.0,1794.6,1738.4,,781600,0.78,,,,,
2026-04-15,5563,新日本電工,446.0,440.4,429.9,418.3,,766900,1.13,,,,,
2026-04-15,8012,長瀬産業,1222.5,1232.2,1189.8,1135.9,,750100,0.99,,,,,
2026-04-15,8346,東邦銀行,709.0,703.6,680.9,666.8,,748900,0.87,,,,,
2026-04-15,4091,日本酸素ホールディングス,5864.0,5894.0,5869.5,5558.8,,745000,1.28,,,,,
2026-04-15,8715,アニコム　ホールディングス,1680.0,1616.8,1456.1,1251.7,,722900,1.08,,,,,
2026-04-15,6367,ダイキン工業,20250.0,20378.0,19748.5,19493.2,,720600,0.76,,,,,
2026-04-15,2975,スター・マイカ・ホールディングス,1640.0,1741.6,1688.3,1604.8,,717600,2.28,,,,,
2026-04-15,6862,ミナトホールディングス,2388.0,2336.8,2220.8,2154.0,,714200,1.56,,,,,
2026-04-15,5844,京都フィナンシャルグループ,4393.0,4368.8,4352.1,4013.8,,713600,0.77,,,,,
2026-04-15,6592,マブチモーター,1635.5,1647.4,1624.5,1621.6,,705900,1.22,,,,,
2026-04-15,9505,北陸電力,1080.0,1092.0,1091.5,1051.8,,704600,0.98,,,,,
2026-04-15,5741,ＵＡＣＪ,3025.0,3044.0,2594.6,2562.1,,685400,0.62,,,,,
2026-04-15,4403,日油,3157.0,3217.2,3169.0,3073.1,,677200,1.24,,,,,
2026-04-15,2670,エービーシー・マート,2840.5,2826.2,2627.2,2574.0,,666300,0.79,,,,,
2026-04-15,8341,七十七銀行,3305.0,3293.0,3186.7,3075.1,,659400,0.88,,,,,
2026-04-15,7868,広済堂ホールディングス,500.0,502.4,494.6,490.8,,646500,0.74,,,,,
2026-04-15,7380,十六フィナンシャルグループ,2121.0,2074.2,1903.5,1841.5,,645900,1.16,,,,,
2026-04-15,7220,武蔵精密工業,3080.0,3122.0,2848.1,2765.1,,642700,0.76,,,,,
2026-04-15,4978,リプロセル,180.0,180.0,176.0,171.8,,636500,0.96,,,,,
2026-04-15,6278,ユニオンツール,16710.0,16708.0,14892.0,13538.8,,633500,1.87,,,,,
2026-04-15,8020,兼松,2236.0,2285.0,2266.9,2217.5,,628600,1.31,,,,,
2026-04-15,6407,ＣＫＤ,5600.0,5536.0,4826.8,4699.4,,602200,0.77,,,,,
2026-04-15,4061,デンカ,3755.0,3768.4,3619.2,3346.2,,593000,0.72,,,,,
2026-04-15,3198,ＳＦＰホールディングス,2249.0,2396.8,2325.9,2249.0,,588700,13.57,,,,,
2026-04-15,8366,滋賀銀行,2078.0,2083.4,1913.8,1767.0,,572400,0.67,,,,,
2026-04-15,1951,エクシオグループ,2784.0,2807.6,2755.3,2754.4,,570200,1.39,,,,,
2026-04-15,6703,沖電気工業,2985.0,3052.0,2816.1,2686.6,,568100,0.83,,,,,
2026-04-15,7956,ピジョン,1677.5,1673.0,1645.6,1641.2,,562500,0.71,,,,,
2026-04-15,8086,ニプロ,1643.0,1637.7,1586.6,1526.9,,561700,0.72,,,,,
2026-04-15,4419,Ｆｉｎａｔｅｘｔホールディングス,1117.0,1055.4,1001.7,913.6,,561200,1.38,,,,,
2026-04-15,7826,フルヤ金属,7500.0,7220.0,6673.0,6151.4,,560700,1.41,,,,,
2026-04-15,6197,ソラスト,1116.0,1116.0,1085.7,988.7,,557400,0.47,,,,,
2026-04-15,4368,扶桑化学工業,3085.0,3039.4,2927.7,2852.9,,545800,1.26,,,,,
2026-04-15,9041,近鉄グループホールディングス,3349.0,3328.8,3296.8,3266.0,,534200,0.72,,,,,
2026-04-15,6134,ＦＵＪＩ,5716.0,5564.2,5141.1,4945.6,,531700,1.18,,,,,
2026-04-15,7337,ひろぎんホールディングス,1903.5,1907.1,1828.8,1827.9,,519600,0.76,,,,,
2026-04-15,6996,ニチコン,2078.0,2017.2,1890.5,1886.8,,518300,2.25,,,,,
2026-04-15,1961,三機工業,7310.0,7934.0,7251.5,7125.0,,507600,1.86,,,,,
2026-04-15,5393,ニチアス,3087.0,3098.2,2964.4,2852.6,,503500,0.95,,,,,
2026-04-15,4021,日産化学,6427.0,6411.6,6220.7,6174.3,,502100,0.94,,,,,
2026-04-16,4564,オンコセラピー・サイエンス,29.0,25.6,23.6,21.9,,227952000,1.17,,,,,
2026-04-16,8918,ランド,10.0,9.6,9.5,9.4,,178670000,0.81,,,,,
2026-04-16,6740,ジャパンディスプレイ,109.0,91.2,84.0,53.6,,139485900,1.34,,,,,
2026-04-16,4597,ソレイジア・ファーマ,36.0,34.2,33.1,31.8,,86007500,1.33,,,,,
2026-04-16,9434,ソフトバンク,222.3,218.3,216.7,214.2,,67404900,0.78,,,,,
2026-04-16,5803,フジクラ,5951.0,5779.4,4806.7,4144.0,,53271700,0.88,,,,,
2026-04-16,5016,ＪＸ金属,4956.0,4843.4,3999.8,3552.6,,41985000,0.99,,,,,
2026-04-16,3103,ユニチカ,2581.0,2010.2,1412.8,1250.8,,22762100,1.28,,,,,
2026-04-16,4689,ＬＩＮＥヤフー,428.6,416.2,399.1,395.5,,21348000,1.37,,,,,
2026-04-16,7012,川崎重工業,3187.0,3336.8,3165.1,3162.5,,21036900,1.62,,,,,
2026-04-16,3436,ＳＵＭＣＯ,2327.5,2185.5,1865.2,1711.4,,18756100,2.03,,,,,
2026-04-16,6981,村田製作所,4792.0,4391.4,3867.4,3643.8,,15342100,1.78,,,,,
2026-04-16,6613,ＱＤレーザ,1381.0,1297.6,1225.6,898.5,,12719600,1.5,,,,,
2026-04-16,5856,エルアイイーエイチ,32.0,35.0,28.8,25.8,,12579600,0.86,,,,,
2026-04-16,5020,ＥＮＥＯＳホールディングス,1406.5,1420.6,1420.4,1386.4,,8629400,0.97,,,,,
2026-04-16,4063,信越化学工業,6910.0,6726.4,6439.0,5973.3,,8265500,1.02,,,,,
2026-04-16,6752,パナソニック　ホールディングス,2996.0,2915.8,2757.3,2525.5,,8106200,0.98,,,,,
2026-04-16,5802,住友電気工業,10140.0,10054.4,9656.1,9058.2,,7908600,0.88,,,,,
2026-04-16,8750,第一生命ホールディングス,1503.0,1484.8,1456.3,1454.7,,6269400,0.91,,,,,
2026-04-16,5801,古河電気工業,45720.0,45590.0,36464.5,26508.9,,6181000,0.61,,,,,
2026-04-16,6976,太陽誘電,6238.0,5478.8,4531.8,4195.4,,6018300,1.86,,,,,
2026-04-16,6920,レーザーテック,42020.0,41800.0,36924.5,34794.1,,5658900,1.03,,,,,
2026-04-16,7453,良品計画,4016.0,3851.2,3558.5,3462.5,,5427400,1.0,,,,,
2026-04-16,3778,さくらインターネット,3610.0,3279.0,2942.4,2881.6,,5309500,0.91,,,,,
2026-04-16,7375,リファインバースグループ,1988.0,1766.0,1482.2,1103.1,,5027500,1.08,,,,,
2026-04-16,6503,三菱電機,5975.0,5854.4,5463.9,5433.3,,4956600,1.02,,,,,
2026-04-16,7719,東京衡機,720.0,585.8,551.3,508.6,,4604700,12.53,,,,,
2026-04-16,5243,ｎｏｔｅ,2769.0,2782.4,2540.3,2453.5,,4575800,4.39,,,,,
2026-04-16,4062,イビデン,9572.0,9628.2,8653.5,8447.4,,4460400,0.72,,,,,
2026-04-16,6072,地盤ネットホールディングス,1205.0,1031.2,932.0,764.6,,4264400,3.46,,,,,
2026-04-16,8002,丸紅,6040.0,5969.8,5808.9,5629.7,,4164500,1.08,,,,,
2026-04-16,4503,アステラス製薬,2585.0,2575.8,2557.8,2436.2,,4023300,0.87,,,,,
2026-04-16,4543,テルモ,2188.0,2160.7,2141.3,2078.5,,3970000,0.84,,,,,
2026-04-16,8593,三菱ＨＣキャピタル,1473.5,1467.2,1452.1,1436.4,,3934300,1.13,,,,,
2026-04-16,9502,中部電力,2911.5,2840.3,2700.8,2535.7,,3790500,1.37,,,,,
2026-04-16,6367,ダイキン工業,22090.0,20740.0,19864.0,19530.3,,3536800,3.98,,,,,
2026-04-16,9697,カプコン,3701.0,3524.0,3429.9,3421.4,,3207700,1.56,,,,,
2026-04-16,6324,ハーモニック・ドライブ・システムズ,4695.0,4254.0,3961.5,3951.2,,3199400,2.61,,,,,
2026-04-16,4911,資生堂,3138.0,3244.8,3237.4,3045.8,,3171900,1.22,,,,,
2026-04-16,2503,キリンホールディングス,2604.5,2613.6,2558.3,2548.5,,3146800,0.97,,,,,
2026-04-16,7936,アシックス,4757.0,4589.8,4373.9,4313.3,,2971000,0.97,,,,,
2026-04-16,4676,フジ・メディア・ホールディングス,3904.0,4145.6,4119.9,3831.9,,2938600,3.38,,,,,
2026-04-16,8697,日本取引所グループ,1926.0,1921.6,1886.2,1860.8,,2914800,1.14,,,,,
2026-04-16,6965,浜松ホトニクス,1960.0,1938.0,1894.0,1873.2,,2878300,1.16,,,,,
2026-04-16,1963,日揮ホールディングス,2558.0,2657.0,2438.7,2293.2,,2822800,0.65,,,,,
2026-04-16,2801,キッコーマン,1468.5,1495.9,1469.1,1444.5,,2794700,0.72,,,,,
2026-04-16,9101,日本郵船,6053.0,6096.2,6002.0,5530.2,,2748200,0.65,,,,,
2026-04-16,3110,日東紡績,27040.0,27874.0,22943.0,20978.7,,2718100,1.11,,,,,
2026-04-16,6619,ダブル・スコープ,229.0,235.6,227.6,190.3,,2567800,0.57,,,,,
2026-04-16,5817,ＪＭＡＣＳ,1589.0,1543.2,1393.7,1388.1,,2243700,3.29,,,,,
2026-04-16,6963,ローム,3750.0,3698.4,3443.7,3023.5,,2237800,0.59,,,,,
2026-04-16,5706,三井金属,37750.0,37066.0,32615.2,29356.4,,2234300,1.13,,,,,
2026-04-16,2802,味の素,4690.0,4646.6,4555.6,4335.3,,2181900,0.81,,,,,
2026-04-16,9519,レノバ,1079.0,1018.0,892.5,779.3,,2176400,1.19,,,,,
2026-04-16,3994,マネーフォワード,5118.0,4155.8,3709.8,3552.3,,2105800,1.94,,,,,
2026-04-16,5985,サンコール,1642.0,1576.8,1525.2,1376.6,,2055800,1.33,,,,,
2026-04-16,6232,ＡＣＳＬ,1809.0,1778.8,1566.0,1383.7,,2020400,1.17,,,,,
2026-04-16,1407,ウエストホールディングス,2320.0,2018.4,1848.3,1733.4,,1902000,2.47,,,,,
2026-04-16,6952,カシオ計算機,1776.0,1711.1,1553.7,1506.7,,1844000,0.75,,,,,
2026-04-16,3086,Ｊ．フロント　リテイリング,2500.0,2541.2,2482.7,2479.2,,1815700,1.35,,,,,
2026-04-16,5341,ＡＳＡＨＩ　ＥＩＴＯホールディングス,291.0,291.0,224.4,210.2,,1782500,0.65,,,,,
2026-04-16,3853,アステリア,1586.0,1497.6,1460.7,1334.7,,1731000,1.2,,,,,
2026-04-16,8524,北洋銀行,1051.0,1040.6,993.6,980.6,,1673600,0.86,,,,,
2026-04-16,6227,ＡＩメカテック,8150.0,7410.0,6316.8,5503.8,,1604600,0.96,,,,,
2026-04-16,8795,Ｔ＆Ｄホールディングス,4083.0,4038.4,3979.3,3939.7,,1551000,0.79,,,,,
2026-04-16,7004,カナデビア,1211.0,1204.4,1097.3,1061.0,,1550700,1.28,,,,,
2026-04-16,6703,沖電気工業,3400.0,3107.0,2846.1,2705.7,,1480800,2.24,,,,,
2026-04-16,7167,めぶきフィナンシャルグループ,1356.0,1350.2,1281.9,1246.5,,1456000,0.65,,,,,
2026-04-16,6383,ダイフク,6477.0,6475.4,5961.1,5892.5,,1436100,0.85,,,,,
2026-04-16,4004,レゾナック・ホールディングス,13200.0,13254.0,11663.1,10733.8,,1422700,0.51,,,,,
2026-04-16,2337,いちご,500.0,494.6,482.7,454.9,,1399000,1.56,,,,,
2026-04-16,4840,トライアイズ,995.0,896.0,764.7,571.9,,1369800,1.06,,,,,
2026-04-16,4565,ネクセラファーマ,1045.0,1027.4,958.0,905.0,,1313000,1.37,,,,,
2026-04-16,9412,スカパーＪＳＡＴホールディングス,3235.0,3122.0,3024.4,2774.3,,1300700,1.15,,,,,
2026-04-16,3863,日本製紙,1404.0,1348.0,1281.0,1243.8,,1287200,1.66,,,,,
2026-04-16,5074,テスホールディングス,638.0,615.8,605.3,536.6,,1277200,0.71,,,,,
2026-04-16,9983,ファーストリテイリング,74840.0,74866.0,66358.0,65060.0,,1272300,0.95,,,,,
2026-04-16,2195,アミタホールディングス,515.0,493.6,470.6,389.8,,1223700,0.5,,,,,
2026-04-16,7180,九州フィナンシャルグループ,1340.5,1321.2,1236.4,1232.8,,1183800,0.86,,,,,
2026-04-16,5333,日本碍子,4561.0,4461.4,4195.1,4111.8,,1166900,1.24,,,,,
2026-04-16,6113,アマダ,2490.5,2487.1,2316.2,2303.3,,1142700,0.81,,,,,
2026-04-16,7741,ＨＯＹＡ,30000.0,29618.0,28247.8,27534.8,,1130400,1.2,,,,,
2026-04-16,7762,シチズン時計,1837.0,1804.8,1760.8,1644.2,,1120900,1.41,,,,,
2026-04-16,6770,アルプスアルパイン,2258.5,2219.4,2196.5,2148.7,,1082900,1.12,,,,,
2026-04-16,6754,アンリツ,3374.0,3392.6,3051.1,2759.8,,1050800,0.86,,,,,
2026-04-16,9042,阪急阪神ホールディングス,4784.0,4785.0,4628.8,4449.2,,1050700,1.1,,,,,
2026-04-16,3774,インターネットイニシアティブ,2666.0,2582.4,2516.3,2397.8,,1035900,1.63,,,,,
2026-04-16,6845,アズビル,1469.5,1467.3,1423.2,1391.4,,1035300,0.99,,,,,
2026-04-16,2501,サッポロホールディングス,1885.5,1865.1,1755.4,1717.3,,1030300,0.94,,,,,
2026-04-16,4186,東京応化工業,9377.0,9294.4,8319.4,8166.1,,1025600,0.95,,,,,
2026-04-16,3099,三越伊勢丹ホールディングス,3173.0,3160.6,3027.6,2920.8,,1001000,0.59,,,,,
2026-04-16,9143,ＳＧホールディングス,1517.0,1533.5,1523.6,1511.8,,988300,0.89,,,,,
2026-04-16,4169,ＥＮＥＣＨＡＮＧＥ,311.0,309.4,288.5,274.0,,978400,0.55,,,,,
2026-04-16,1435,ｒｏｂｏｔ　ｈｏｍｅ,225.0,214.4,200.0,190.7,,977100,1.48,,,,,
2026-04-16,9735,セコム,6046.0,6045.8,6024.4,5963.9,,975700,1.05,,,,,
2026-04-16,3608,ＴＳＩホールディングス,1474.0,1357.4,1148.2,1111.6,,975300,1.34,,,,,
2026-04-16,6674,ジーエス・ユアサ　コーポレーション,6778.0,6531.0,5776.1,4954.8,,971500,0.96,,,,,
2026-04-16,8714,池田泉州ホールディングス,978.0,983.8,915.5,878.2,,969800,0.73,,,,,
2026-04-16,2931,ユーグレナ,412.0,407.2,396.9,395.1,,959800,0.75,,,,,
2026-04-16,8359,八十二長野銀行,2124.5,2097.9,2050.4,2006.5,,954200,0.9,,,,,
2026-04-16,2531,宝ホールディングス,1846.0,1773.0,1662.5,1611.2,,952100,1.52,,,,,
2026-04-16,8715,アニコム　ホールディングス,1629.0,1621.0,1468.4,1261.0,,944000,1.38,,,,,
2026-04-16,5711,三菱マテリアル,5774.0,5626.8,5260.6,5076.1,,943200,0.71,,,,,
2026-04-16,4588,オンコリスバイオファーマ,2705.0,2517.0,2386.0,2334.2,,940200,0.93,,,,,
2026-04-16,4182,三菱瓦斯化学,4214.0,4196.6,3962.9,3903.0,,930400,0.7,,,,,
2026-04-16,2670,エービーシー・マート,2904.5,2831.0,2644.8,2581.1,,926200,1.06,,,,,
2026-04-16,8368,百五銀行,1879.0,1848.4,1644.9,1558.2,,926200,0.84,,,,,
2026-04-16,1942,関電工,6188.0,6240.0,6161.5,6156.2,,918500,1.46,,,,,
2026-04-16,3401,帝人,1647.0,1669.0,1640.8,1608.4,,918300,0.41,,,,,
2026-04-16,9041,近鉄グループホールディングス,3347.0,3321.0,3301.7,3268.2,,912800,1.28,,,,,
2026-04-16,6264,マルマエ,1870.0,1849.2,1629.6,1614.9,,907600,0.76,,,,,
2026-04-16,7747,朝日インテック,3573.0,3541.8,3436.6,3095.9,,877400,1.06,,,,,
2026-04-16,4884,クリングルファーマ,489.0,478.2,440.2,407.7,,876500,0.27,,,,,
2026-04-16,7085,カーブスホールディングス,890.0,835.8,783.1,777.9,,870800,1.48,,,,,
2026-04-16,5844,京都フィナンシャルグループ,4421.0,4370.6,4353.2,4026.3,,861100,1.0,,,,,
2026-04-16,9301,三菱倉庫,1416.5,1411.0,1385.2,1368.6,,838600,0.78,,,,,
2026-04-16,4536,参天製薬,1782.0,1803.0,1799.2,1738.9,,836400,0.84,,,,,
2026-04-16,5334,日本特殊陶業,8295.0,8268.8,7721.0,7433.3,,807400,0.97,,,,,
2026-04-16,4061,デンカ,3781.0,3770.4,3636.4,3356.7,,789900,1.02,,,,,
2026-04-16,6779,日本電波工業,1667.0,1611.2,1355.1,1230.7,,784100,0.87,,,,,
2026-04-16,4523,エーザイ,5020.0,4974.2,4969.1,4838.3,,776700,0.71,,,,,
2026-04-16,7956,ピジョン,1676.5,1673.0,1647.3,1641.7,,774000,1.02,,,,,
2026-04-16,5631,日本製鋼所,9300.0,9529.4,9415.1,9405.3,,763500,0.65,,,,,
2026-04-16,5727,東邦チタニウム,3490.0,3383.0,2794.0,2396.0,,757400,0.66,,,,,
2026-04-16,2516,東証グロース２５０ＥＴＦ,625.3,609.0,585.8,582.0,,739590,1.55,,,,,
2026-04-16,6521,オキサイド,4435.0,4706.0,4554.2,3550.6,,729100,0.79,,,,,
2026-04-16,7859,アルメディオ,300.0,290.0,265.8,234.0,,717800,1.46,,,,,
2026-04-16,8273,イズミ,1037.0,1054.2,1047.4,1035.9,,716400,1.04,,,,,
2026-04-16,8282,ケーズホールディングス,1761.5,1784.1,1735.7,1676.2,,715100,1.0,,,,,
2026-04-16,2160,ジーエヌアイグループ,3380.0,3244.0,3107.8,2945.2,,714800,0.82,,,,,
2026-04-16,8012,長瀬産業,1217.0,1228.9,1191.3,1138.8,,709000,0.95,,,,,
2026-04-16,7177,ＧＭＯフィナンシャルホールディングス,982.0,948.6,925.5,910.9,,707200,3.16,,,,,
2026-04-16,8334,群馬銀行,2264.5,2260.7,2202.0,2124.6,,699500,0.67,,,,,
2026-04-16,9507,四国電力,1807.0,1816.6,1783.7,1699.3,,698700,1.09,,,,,
2026-04-16,6085,アーキテクツ・スタジオ・ジャパン,3355.0,2991.0,2838.7,1999.6,,693800,2.85,,,,,
2026-04-16,9147,ＮＩＰＰＯＮ　ＥＸＰＲＥＳＳホールディングス,3848.0,3853.4,3702.5,3666.7,,691200,0.72,,,,,
2026-04-16,6481,ＴＨＫ,5587.0,5651.6,5053.7,4940.0,,687300,0.71,,,,,
2026-04-16,4413,ボードルア,2110.0,2043.2,1945.9,1929.3,,683200,1.77,,,,,
2026-04-16,6235,オプトラン,3645.0,3497.0,2963.4,2686.8,,665200,1.08,,,,,
2026-04-16,6871,日本マイクロニクス,12910.0,12634.0,11000.5,10670.5,,664200,0.7,,,,,
2026-04-16,7327,第四北越フィナンシャルグループ,2000.0,2002.4,1972.6,1946.0,,652400,0.74,,,,,
2026-04-16,8508,Ｊトラスト,616.0,618.4,574.6,534.7,,650700,0.76,,,,,
2026-04-16,1961,三機工業,7320.0,7804.0,7267.5,7139.8,,644400,2.1,,,,,
2026-04-16,5726,大阪チタニウムテクノロジーズ,2718.0,2818.2,2681.9,2662.4,,636700,0.59,,,,,
2026-04-16,8341,七十七銀行,3322.0,3280.6,3197.0,3082.7,,622500,0.88,,,,,
2026-04-16,6552,ＧａｍｅＷｉｔｈ,221.0,236.0,188.8,176.4,,611900,0.54,,,,,
2026-04-16,7389,あいちフィナンシャルグループ,1674.0,1642.4,1464.8,1281.1,,608700,0.76,,,,,
2026-04-16,8336,武蔵野銀行,2389.0,2416.4,2231.7,2070.4,,602800,1.26,,,,,
2026-04-16,6666,リバーエレテック,957.0,866.4,754.0,631.0,,601900,2.24,,,,,
2026-04-16,8346,東邦銀行,714.0,705.8,683.1,668.4,,593100,0.74,,,,,
2026-04-16,8897,ＭＩＲＡＲＴＨホールディングス,431.0,427.4,416.7,409.7,,592000,0.59,,,,,
2026-04-16,8366,滋賀銀行,2106.0,2090.2,1929.7,1775.1,,576100,0.76,,,,,
2026-04-16,5423,東京製鐵,1782.0,1741.6,1702.0,1621.9,,572900,0.67,,,,,
2026-04-16,4422,ＶＡＬＵＥＮＥＸ,1097.0,998.8,678.5,479.6,,572000,0.49,,,,,
2026-04-16,9072,ニッコンホールディングス,5203.0,5078.4,4730.9,4143.8,,568600,1.51,,,,,
2026-04-16,4816,東映アニメーション,2754.0,2770.8,2664.3,2581.9,,567700,1.58,,,,,
2026-04-16,4403,日油,3150.0,3193.4,3174.0,3073.5,,567100,1.03,,,,,
2026-04-16,8358,スルガ銀行,2320.0,2283.4,2108.0,2037.1,,565000,0.73,,,,,
2026-04-16,8060,キヤノンマーケティングジャパン,3627.0,3511.8,3502.2,3459.2,,557300,1.07,,,,,
2026-04-16,7740,タムロン,1111.0,1076.4,1032.5,1027.5,,546400,1.51,,,,,
2026-04-16,4978,リプロセル,183.0,180.2,176.4,171.9,,542300,0.8,,,,,
2026-04-16,7337,ひろぎんホールディングス,1918.0,1913.0,1832.3,1831.2,,541400,0.84,,,,,
2026-04-16,3776,ブロードバンドタワー,239.0,237.2,221.4,215.9,,540900,0.58,,,,,
2026-04-16,4091,日本酸素ホールディングス,6044.0,5928.6,5857.0,5578.9,,537300,0.92,,,,,
2026-04-16,6407,ＣＫＤ,5760.0,5664.0,4875.8,4727.3,,534800,0.7,,,,,
2026-04-16,5741,ＵＡＣＪ,3020.0,3045.0,2622.8,2574.6,,531900,0.5,,,,,
2026-04-16,6941,山一電機,10730.0,9820.0,8678.5,8151.2,,528300,1.69,,,,,
2026-04-16,8354,ふくおかフィナンシャルグループ,6607.0,6570.6,6325.7,6273.4,,527400,0.88,,,,,
2026-04-16,6890,フェローテック,6760.0,6874.0,6531.0,6333.3,,525100,1.03,,,,,
2026-04-16,7380,十六フィナンシャルグループ,2123.0,2097.2,1917.4,1849.9,,516700,0.96,,,,,
2026-04-16,8086,ニプロ,1635.0,1637.9,1592.3,1529.8,,506900,0.73,,,,,
2026-04-16,8020,兼松,2244.0,2267.9,2263.5,2221.4,,506000,1.06,,,,,
2026-04-16,5129,ＦＩＸＥＲ,458.0,454.6,393.2,386.6,,501600,0.3,,,,,
2026-04-17,8918,ランド,9.0,9.6,9.4,9.4,,207135400,0.96,,,,,
2026-04-17,4564,オンコセラピー・サイエンス,27.0,26.4,23.8,21.9,,147309300,0.73,,,,,
2026-04-17,6740,ジャパンディスプレイ,110.0,96.6,84.8,55.1,,113528900,1.25,,,,,
2026-04-17,4597,ソレイジア・ファーマ,38.0,35.0,33.5,31.9,,88151800,1.33,,,,,
2026-04-17,9434,ソフトバンク,224.3,220.9,217.1,214.3,,86565100,1.02,,,,,
2026-04-17,5803,フジクラ,5762.0,5805.8,4883.7,4193.2,,49543600,0.82,,,,,
2026-04-17,3103,ユニチカ,3085.0,2334.6,1492.5,1296.4,,38468100,2.0,,,,,
2026-04-17,5016,ＪＸ金属,4899.0,4907.8,4055.4,3589.7,,29090200,0.68,,,,,
2026-04-17,3436,ＳＵＭＣＯ,2095.0,2197.8,1885.8,1719.3,,16407700,1.58,,,,,
2026-04-17,4689,ＬＩＮＥヤフー,427.9,421.1,400.6,395.8,,14176400,0.88,,,,,
2026-04-17,6981,村田製作所,4600.0,4482.2,3910.0,3665.4,,13592000,1.44,,,,,
2026-04-17,8750,第一生命ホールディングス,1459.5,1480.3,1459.3,1455.7,,8475400,1.27,,,,,
2026-04-17,4063,信越化学工業,6907.0,6796.6,6465.7,5996.0,,8437800,1.03,,,,,
2026-04-17,5856,エルアイイーエイチ,32.0,34.6,28.9,25.8,,8276600,0.53,,,,,
2026-04-17,6752,パナソニック　ホールディングス,2897.0,2923.0,2772.1,2535.6,,8182500,1.0,,,,,
2026-04-17,4005,住友化学,529.1,527.3,519.5,518.6,,7707100,0.67,,,,,
2026-04-17,3778,さくらインターネット,3750.0,3419.0,2990.9,2896.1,,5834700,0.93,,,,,
2026-04-17,6613,ＱＤレーザ,1285.0,1337.4,1212.5,912.6,,5674400,0.62,,,,,
2026-04-17,5801,古河電気工業,44960.0,45422.0,37242.5,27071.6,,5629300,0.59,,,,,
2026-04-17,6503,三菱電機,5799.0,5851.6,5479.7,5447.1,,5511200,1.16,,,,,
2026-04-17,7453,良品計画,3942.0,3889.6,3579.8,3474.4,,4601700,0.82,,,,,
2026-04-17,5802,住友電気工業,9976.0,9933.6,9657.5,9114.5,,4406100,0.5,,,,,
2026-04-17,8002,丸紅,5853.0,5950.4,5826.8,5642.0,,4098700,1.07,,,,,
2026-04-17,6920,レーザーテック,39950.0,41474.0,37167.5,34859.4,,3765300,0.7,,,,,
2026-04-17,4422,ＶＡＬＵＥＮＥＸ,1397.0,1098.2,724.6,496.0,,3731800,3.11,,,,,
2026-04-17,7719,東京衡機,676.0,620.4,552.6,514.4,,3725800,4.65,,,,,
2026-04-17,4062,イビデン,9235.0,9497.6,8701.9,8469.1,,3714000,0.61,,,,,
2026-04-17,9502,中部電力,2892.5,2862.2,2716.9,2547.0,,3630400,1.23,,,,,
2026-04-17,6976,太陽誘電,6203.0,5728.0,4634.2,4239.6,,3628900,0.99,,,,,
2026-04-17,4543,テルモ,2175.0,2167.9,2148.1,2078.9,,3543900,0.78,,,,,
2026-04-17,6072,地盤ネットホールディングス,1050.0,1056.4,944.6,778.6,,3387600,2.29,,,,,
2026-04-17,2503,キリンホールディングス,2592.5,2605.0,2564.2,2549.9,,3289600,1.0,,,,,
2026-04-17,2801,キッコーマン,1484.0,1488.1,1476.5,1445.1,,3044200,0.82,,,,,
2026-04-17,6619,ダブル・スコープ,223.0,233.0,229.2,191.3,,2929800,0.66,,,,,
2026-04-17,7936,アシックス,4595.0,4595.4,4383.4,4322.7,,2908100,0.98,,,,,
2026-04-17,9519,レノバ,1041.0,1037.2,906.7,784.5,,2816500,1.48,,,,,
2026-04-17,3110,日東紡績,27510.0,27890.0,23239.5,21182.2,,2656700,1.06,,,,,
2026-04-17,9101,日本郵船,6096.0,6082.8,5999.8,5546.2,,2475000,0.63,,,,,
2026-04-17,8714,池田泉州ホールディングス,936.0,971.2,923.0,879.8,,2455800,1.93,,,,,
2026-04-17,7375,リファインバースグループ,2045.0,1906.2,1529.8,1122.7,,2444400,0.51,,,,,
2026-04-17,9697,カプコン,3669.0,3594.0,3436.5,3422.3,,2371700,1.11,,,,,
2026-04-17,6963,ローム,3713.0,3710.8,3468.7,3043.6,,2359400,0.67,,,,,
2026-04-17,8697,日本取引所グループ,1900.0,1911.9,1889.1,1862.8,,2197300,0.87,,,,,
2026-04-17,8593,三菱ＨＣキャピタル,1460.0,1465.3,1453.7,1438.1,,2123000,0.63,,,,,
2026-04-17,4004,レゾナック・ホールディングス,12460.0,13065.0,11725.9,10809.2,,2094100,0.8,,,,,
2026-04-17,6965,浜松ホトニクス,1937.0,1936.9,1895.5,1876.7,,2087400,0.85,,,,,
2026-04-17,5985,サンコール,1645.0,1620.0,1508.3,1387.2,,2046300,1.25,,,,,
2026-04-17,1963,日揮ホールディングス,2532.5,2611.8,2458.7,2302.0,,1962700,0.49,,,,,
2026-04-17,2371,カカクコム,2144.5,2114.0,2100.2,1950.6,,1951700,1.09,,,,,
2026-04-17,2802,味の素,4574.0,4631.0,4564.1,4349.5,,1922800,0.73,,,,,
2026-04-17,8795,Ｔ＆Ｄホールディングス,4000.0,4033.6,3992.5,3940.2,,1879600,1.01,,,,,
2026-04-17,8524,北洋銀行,1046.0,1041.2,999.4,982.4,,1858600,1.04,,,,,
2026-04-17,3853,アステリア,1678.0,1538.2,1481.7,1340.5,,1758700,1.28,,,,,
2026-04-17,6952,カシオ計算機,1747.5,1729.6,1568.8,1513.8,,1684100,0.68,,,,,
2026-04-17,5074,テスホールディングス,659.0,629.2,606.5,541.1,,1601800,0.94,,,,,
2026-04-17,9412,スカパーＪＳＡＴホールディングス,3370.0,3184.0,3052.9,2793.7,,1570000,1.41,,,,,
2026-04-17,3086,Ｊ．フロント　リテイリング,2497.0,2531.5,2486.0,2482.4,,1555800,1.12,,,,,
2026-04-17,2337,いちご,514.0,498.6,484.2,456.0,,1552000,1.68,,,,,
2026-04-17,1435,ｒｏｂｏｔ　ｈｏｍｅ,222.0,217.8,201.6,191.6,,1546900,2.24,,,,,
2026-04-17,7951,ヤマハ,1209.0,1195.3,1159.8,1156.9,,1533600,0.89,,,,,
2026-04-17,6367,ダイキン工業,21315.0,20876.0,19961.2,19556.9,,1520900,1.33,,,,,
2026-04-17,5341,ＡＳＡＨＩ　ＥＩＴＯホールディングス,312.0,292.8,230.8,211.5,,1519700,0.52,,,,,
2026-04-17,7167,めぶきフィナンシャルグループ,1343.5,1348.2,1289.1,1249.8,,1505100,0.73,,,,,
2026-04-17,2492,インフォマート,469.0,448.2,446.9,421.9,,1435400,0.98,,,,,
2026-04-17,6324,ハーモニック・ドライブ・システムズ,4430.0,4342.0,3976.2,3960.9,,1368200,0.99,,,,,
2026-04-17,1407,ウエストホールディングス,2239.0,2096.6,1872.8,1743.8,,1357400,1.47,,,,,
2026-04-17,6703,沖電気工業,3320.0,3155.0,2878.5,2724.7,,1295800,1.81,,,,,
2026-04-17,5243,ｎｏｔｅ,2608.0,2763.4,2561.3,2450.8,,1295500,0.89,,,,,
2026-04-17,6383,ダイフク,6370.0,6450.2,5992.3,5905.4,,1282800,0.78,,,,,
2026-04-17,3099,三越伊勢丹ホールディングス,3152.0,3156.2,3043.6,2928.7,,1268500,0.81,,,,,
2026-04-17,5706,三井金属,36500.0,36926.0,32884.8,29597.4,,1262900,0.63,,,,,
2026-04-17,6997,日本ケミコン,2243.0,2053.4,1635.6,1612.6,,1257900,2.3,,,,,
2026-04-17,6113,アマダ,2429.0,2474.7,2323.9,2310.6,,1246700,0.88,,,,,
2026-04-17,3863,日本製紙,1431.0,1369.8,1292.2,1248.0,,1241200,1.49,,,,,
2026-04-17,2644,グローバルＸ　半導体関連－日本株式　ＥＴＦ,3554.0,3564.8,3231.6,3229.8,,1231282,0.96,,,,,
2026-04-17,6838,多摩川ホールディングス,1487.0,1338.6,1318.3,1049.8,,1228500,2.86,,,,,
2026-04-17,4385,メルカリ,3895.0,3781.2,3755.8,3516.6,,1196300,0.65,,,,,
2026-04-17,6232,ＡＣＳＬ,1704.0,1797.6,1574.0,1393.3,,1169800,0.66,,,,,
2026-04-17,7741,ＨＯＹＡ,28995.0,29519.0,28307.5,27600.3,,1161300,1.23,,,,,
2026-04-17,2585,ライフドリンク　カンパニー,1457.0,1488.4,1369.2,1357.2,,1137000,0.59,,,,,
2026-04-17,6754,アンリツ,3418.0,3396.6,3081.6,2777.5,,1136300,0.95,,,,,
2026-04-17,8715,アニコム　ホールディングス,1557.0,1626.2,1479.4,1269.2,,1097800,1.5,,,,,
2026-04-17,3449,テクノフレックス,3880.0,3195.8,2758.8,2501.0,,1097000,13.43,,,,,
2026-04-17,6845,アズビル,1488.0,1469.7,1426.9,1393.0,,1083900,1.07,,,,,
2026-04-17,7004,カナデビア,1202.0,1202.2,1108.2,1063.8,,1080800,0.86,,,,,
2026-04-17,5711,三菱マテリアル,5528.0,5620.4,5275.9,5096.6,,1068700,0.84,,,,,
2026-04-17,4588,オンコリスバイオファーマ,2860.0,2588.8,2416.7,2347.6,,1063300,1.07,,,,,
2026-04-17,9983,ファーストリテイリング,74050.0,74568.0,66889.0,65244.0,,1059600,0.77,,,,,
2026-04-17,2501,サッポロホールディングス,1886.0,1874.3,1770.0,1720.5,,1028000,0.96,,,,,
2026-04-17,3994,マネーフォワード,5000.0,4434.4,3805.2,3564.3,,1027300,0.84,,,,,
2026-04-17,7180,九州フィナンシャルグループ,1315.0,1325.2,1244.1,1235.7,,1023200,0.74,,,,,
2026-04-17,4565,ネクセラファーマ,1013.0,1025.8,964.7,908.0,,1018600,1.2,,,,,
2026-04-17,8334,群馬銀行,2214.0,2249.7,2206.5,2129.6,,1006700,1.06,,,,,
2026-04-17,9042,阪急阪神ホールディングス,4811.0,4795.2,4661.9,4458.7,,1003500,1.05,,,,,
2026-04-17,4413,ボードルア,2268.0,2116.2,1962.0,1932.1,,989900,2.25,,,,,
2026-04-17,8273,イズミ,1049.0,1050.6,1049.4,1035.5,,988200,1.38,,,,,
2026-04-17,5844,京都フィナンシャルグループ,4393.0,4383.2,4353.1,4038.9,,979500,1.14,,,,,
2026-04-17,6674,ジーエス・ユアサ　コーポレーション,6745.0,6613.8,5859.8,5005.0,,962700,0.98,,,,,
2026-04-17,8012,長瀬産業,1192.0,1220.3,1193.0,1141.5,,949100,1.32,,,,,
2026-04-17,8359,八十二長野銀行,2104.0,2097.6,2057.6,2009.9,,937700,0.9,,,,,
2026-04-17,4182,三菱瓦斯化学,4181.0,4196.8,3973.3,3920.2,,933000,0.71,,,,,
2026-04-17,9735,セコム,6061.0,6047.4,6028.6,5967.0,,927000,0.98,,,,,
2026-04-17,4186,東京応化工業,9033.0,9281.4,8357.6,8211.4,,922900,0.84,,,,,
2026-04-17,5334,日本特殊陶業,8399.0,8300.4,7777.1,7456.5,,913200,1.08,,,,,
2026-04-17,8282,ケーズホールディングス,1820.0,1785.0,1745.0,1678.9,,904000,1.24,,,,,
2026-04-17,3774,インターネットイニシアティブ,2733.0,2622.0,2531.1,2399.4,,900600,1.3,,,,,
2026-04-17,8366,滋賀銀行,2056.0,2083.4,1944.5,1782.6,,899900,1.23,,,,,
2026-04-17,3401,帝人,1639.5,1654.2,1644.3,1611.7,,890800,0.4,,,,,
2026-04-17,9143,ＳＧホールディングス,1509.0,1525.7,1520.3,1511.3,,890600,0.81,,,,,
2026-04-17,9041,近鉄グループホールディングス,3383.0,3339.0,3310.8,3270.5,,890000,1.3,,,,,
2026-04-17,7762,シチズン時計,1855.0,1816.6,1768.5,1652.3,,882600,1.07,,,,,
2026-04-17,6770,アルプスアルパイン,2268.0,2225.4,2199.2,2154.0,,876800,0.91,,,,,
2026-04-17,6227,ＡＩメカテック,8120.0,7818.0,6387.5,5599.7,,865900,0.53,,,,,
2026-04-17,9301,三菱倉庫,1411.0,1414.0,1388.0,1369.7,,865100,0.95,,,,,
2026-04-17,6465,ホシザキ,5303.0,5298.6,5204.5,5201.2,,849400,2.48,,,,,
2026-04-17,8368,百五銀行,1887.0,1864.8,1664.0,1566.1,,849300,0.77,,,,,
2026-04-17,8628,松井証券,985.0,973.2,971.3,945.1,,835500,1.17,,,,,
2026-04-17,4169,ＥＮＥＣＨＡＮＧＥ,304.0,312.8,290.9,274.4,,831600,0.5,,,,,
2026-04-17,7177,ＧＭＯフィナンシャルホールディングス,1008.0,964.4,930.0,913.0,,828500,3.1,,,,,
2026-04-17,7327,第四北越フィナンシャルグループ,1996.0,1998.6,1974.1,1949.2,,809700,0.97,,,,,
2026-04-17,8897,ＭＩＲＡＲＴＨホールディングス,424.0,427.0,417.6,410.1,,797300,0.88,,,,,
2026-04-17,6085,アーキテクツ・スタジオ・ジャパン,3620.0,3183.0,2889.7,2053.1,,769500,2.67,,,,,
2026-04-17,8341,七十七銀行,3279.0,3284.0,3210.1,3089.9,,764600,1.11,,,,,
2026-04-17,2670,エービーシー・マート,2901.0,2858.0,2665.5,2587.9,,752100,0.81,,,,,
2026-04-17,6866,日置電機,10700.0,8886.0,7845.0,7319.8,,746100,14.88,,,,,
2026-04-17,5333,日本碍子,4473.0,4467.8,4220.0,4124.9,,739000,0.78,,,,,
2026-04-17,7956,ピジョン,1693.0,1677.5,1651.7,1642.1,,736000,1.0,,,,,
2026-04-17,7389,あいちフィナンシャルグループ,1640.0,1652.8,1483.5,1289.9,,734900,0.97,,,,,
2026-04-17,5726,大阪チタニウムテクノロジーズ,2607.0,2764.4,2692.8,2666.1,,726300,0.81,,,,,
2026-04-17,8550,栃木銀行,1020.0,997.6,934.0,933.7,,710900,0.95,,,,,
2026-04-17,5741,ＵＡＣＪ,2888.0,3008.6,2654.0,2584.7,,708100,0.73,,,,,
2026-04-17,3987,エコモット,682.0,574.0,525.4,512.8,,690100,74.52,,,,,
2026-04-17,3608,ＴＳＩホールディングス,1434.0,1419.0,1167.7,1117.5,,686700,0.85,,,,,
2026-04-17,7747,朝日インテック,3496.0,3534.4,3453.7,3107.2,,683300,0.86,,,,,
2026-04-17,5817,ＪＭＡＣＳ,1483.0,1521.6,1393.2,1390.8,,682600,0.77,,,,,
2026-04-17,9147,ＮＩＰＰＯＮ　ＥＸＰＲＥＳＳホールディングス,3847.0,3864.2,3712.8,3672.6,,677800,0.75,,,,,
2026-04-17,8346,東邦銀行,704.0,706.4,685.2,670.0,,650700,0.83,,,,,
2026-04-17,1951,エクシオグループ,2809.0,2783.3,2760.4,2756.5,,646100,1.53,,,,,
2026-04-17,2160,ジーエヌアイグループ,3370.0,3282.0,3134.2,2958.2,,641500,0.79,,,,,
2026-04-17,5129,ＦＩＸＥＲ,434.0,451.2,396.9,387.2,,627000,0.36,,,,,
2026-04-17,6481,ＴＨＫ,5612.0,5632.4,5094.6,4962.5,,616300,0.67,,,,,
2026-04-17,7337,ひろぎんホールディングス,1923.5,1912.0,1839.4,1834.7,,613300,1.0,,,,,
2026-04-17,6521,オキサイド,4050.0,4579.0,4497.2,3588.5,,585700,0.63,,,,,
2026-04-17,7868,広済堂ホールディングス,504.0,500.6,496.6,490.7,,559700,0.89,,,,,
2026-04-17,7859,アルメディオ,315.0,298.0,269.4,236.1,,556900,1.17,,,,,
2026-04-17,4884,クリングルファーマ,486.0,485.2,445.6,408.9,,551900,0.23,,,,,
2026-04-17,2931,ユーグレナ,409.0,408.6,398.7,394.9,,539800,0.44,,,,,
2026-04-17,8418,山口フィナンシャルグループ,2769.5,2726.6,2593.5,2578.7,,532400,1.31,,,,,
2026-04-17,6197,ソラスト,1116.0,1116.2,1097.9,997.0,,530500,0.57,,,,,
2026-04-17,4816,東映アニメーション,2883.0,2799.6,2682.2,2583.9,,523600,1.39,,,,,
2026-04-17,2593,伊藤園,3060.0,3031.1,2987.2,2974.2,,522900,1.23,,,,,
2026-04-17,2531,宝ホールディングス,1838.0,1791.7,1678.0,1613.9,,522900,0.76,,,,,
2026-04-17,5393,ニチアス,3026.0,3084.0,2976.7,2867.8,,519500,1.06,,,,,
2026-04-17,6925,ウシオ電機,3153.0,3259.8,3068.4,2976.7,,518400,2.22,,,,,
2026-04-17,6871,日本マイクロニクス,12370.0,12546.0,11075.0,10733.2,,515700,0.55,,,,,
2026-04-17,6235,オプトラン,3565.0,3575.0,3004.8,2712.5,,513500,0.8,,,,,
2026-04-17,6779,日本電波工業,1644.0,1643.2,1372.2,1241.2,,510000,0.54,,,,,
2026-04-17,7220,武蔵精密工業,3130.0,3140.0,2880.1,2776.5,,509400,0.67,,,,,
2026-04-17,7380,十六フィナンシャルグループ,2116.0,2109.4,1934.8,1858.0,,503900,0.95,,,,,
2026-04-17,2195,アミタホールディングス,490.0,501.0,478.7,391.0,,500700,0.22,,,,,
2026-04-20,8918,ランド,10.0,9.6,9.5,9.4,,289232700,1.34,,,,,
2026-04-20,6740,ジャパンディスプレイ,120.0,104.2,87.5,56.7,,117693100,1.35,,,,,
2026-04-20,4597,ソレイジア・ファーマ,41.0,36.6,34.0,32.1,,88766600,1.25,,,,,
2026-04-20,4564,オンコセラピー・サイエンス,31.0,27.8,24.3,22.1,,58784400,0.3,,,,,
2026-04-20,5803,フジクラ,5529.0,5772.0,4957.4,4235.5,,49029200,0.82,,,,,
2026-04-20,9434,ソフトバンク,223.0,221.6,217.4,214.4,,47417600,0.54,,,,,
2026-04-20,5016,ＪＸ金属,4817.0,4944.2,4127.8,3625.8,,23866900,0.55,,,,,
2026-04-20,3103,ユニチカ,3745.0,2731.0,1613.4,1352.8,,14402100,0.64,,,,,
2026-04-20,6762,ＴＤＫ,2542.0,2443.5,2182.0,2176.8,,14363800,1.11,,,,,
2026-04-20,4689,ＬＩＮＥヤフー,429.0,426.1,402.3,396.3,,11956400,0.72,,,,,
2026-04-20,6613,ＱＤレーザ,1585.0,1410.2,1226.8,931.6,,10246600,1.11,,,,,
2026-04-20,6981,村田製作所,4738.0,4595.8,3971.5,3689.4,,10084000,1.02,,,,,
2026-04-20,3436,ＳＵＭＣＯ,2110.0,2189.0,1911.5,1727.9,,9888300,0.86,,,,,
2026-04-20,4063,信越化学工業,6773.0,6818.8,6500.7,6017.4,,9389000,1.09,,,,,
2026-04-20,1306,ＮＥＸＴ　ＦＵＮＤＳ　ＴＯＰＩＸ連動型上場投信,400.6,400.4,389.7,389.0,,8808500,0.66,,,,,
2026-04-20,6752,パナソニック　ホールディングス,2982.5,2943.6,2796.0,2547.6,,8048600,0.96,,,,,
2026-04-20,4005,住友化学,521.4,527.0,522.6,519.4,,7791900,0.68,,,,,
2026-04-20,6140,旭ダイヤモンド工業,1312.0,1235.0,1214.3,1206.1,,6632400,4.61,,,,,
2026-04-20,8750,第一生命ホールディングス,1459.0,1477.2,1464.3,1457.5,,6089900,0.85,,,,,
2026-04-20,6503,三菱電機,6088.0,5906.4,5526.9,5466.0,,5914100,1.2,,,,,
2026-04-20,5802,住友電気工業,9976.0,9943.6,9695.6,9169.3,,4757700,0.55,,,,,
2026-04-20,5856,エルアイイーエイチ,30.0,33.6,28.8,25.7,,4736300,0.29,,,,,
2026-04-20,5801,古河電気工業,43070.0,44974.0,38012.0,27588.2,,4669600,0.52,,,,,
2026-04-20,9502,中部電力,2780.0,2861.6,2730.1,2555.9,,4437900,1.4,,,,,
2026-04-20,4062,イビデン,9575.0,9535.4,8803.6,8490.0,,4249200,0.7,,,,,
2026-04-20,7453,良品計画,3856.0,3900.0,3603.1,3486.4,,4125900,0.74,,,,,
2026-04-20,4422,ＶＡＬＵＥＮＥＸ,1325.0,1153.2,768.8,511.8,,4029000,2.63,,,,,
2026-04-20,6779,日本電波工業,1959.0,1720.4,1410.2,1256.9,,3930200,4.1,,,,,
2026-04-20,9697,カプコン,3746.0,3662.0,3450.6,3425.6,,3789900,1.67,,,,,
2026-04-20,4543,テルモ,2205.5,2182.2,2155.6,2079.8,,3699900,0.81,,,,,
2026-04-20,6920,レーザーテック,42120.0,41652.0,37672.0,34951.4,,3647800,0.67,,,,,
2026-04-20,3105,日清紡ホールディングス,1954.5,1787.7,1609.3,1597.0,,3628700,4.24,,,,,
2026-04-20,8524,北洋銀行,1010.0,1036.2,1004.8,984.0,,3522400,1.9,,,,,
2026-04-20,6976,太陽誘電,6222.0,5957.8,4749.1,4284.4,,3476600,0.97,,,,,
2026-04-20,4901,富士フイルムホールディングス,3180.0,3156.4,3086.8,3073.5,,3422300,0.78,,,,,
2026-04-20,8593,三菱ＨＣキャピタル,1450.0,1463.4,1456.5,1439.9,,3404200,1.01,,,,,
2026-04-20,5985,サンコール,1674.0,1656.6,1511.1,1398.5,,3294400,1.87,,,,,
2026-04-20,9101,日本郵船,5908.0,6043.6,6009.5,5560.0,,2926200,0.76,,,,,
2026-04-20,4307,野村総合研究所,4965.0,4850.6,4512.2,4471.8,,2862800,0.88,,,,,
2026-04-20,6532,ベイカレント,5693.0,5417.0,4838.7,4836.5,,2834000,1.2,,,,,
2026-04-20,8002,丸紅,5885.0,5941.0,5861.6,5655.1,,2787800,0.7,,,,,
2026-04-20,1963,日揮ホールディングス,2450.0,2563.2,2478.8,2309.2,,2749000,0.73,,,,,
2026-04-20,6166,中村超硬,895.0,785.0,754.0,750.2,,2701200,18.85,,,,,
2026-04-20,3778,さくらインターネット,3705.0,3508.0,3039.1,2912.4,,2655500,0.43,,,,,
2026-04-20,5831,しずおかフィナンシャルグループ,2728.0,2807.8,2759.2,2756.9,,2641500,1.77,,,,,
2026-04-20,7719,東京衡機,712.0,657.6,558.8,521.0,,2578800,2.23,,,,,
2026-04-20,5074,テスホールディングス,649.0,637.8,610.0,545.5,,2567200,1.55,,,,,
2026-04-20,6963,ローム,3811.0,3750.4,3504.1,3065.3,,2556900,0.81,,,,,
2026-04-20,7936,アシックス,4609.0,4619.8,4401.2,4333.1,,2500000,0.83,,,,,
2026-04-20,2802,味の素,4607.0,4631.0,4585.6,4365.2,,2451100,0.93,,,,,
2026-04-20,2503,キリンホールディングス,2573.5,2596.3,2573.3,2551.6,,2382500,0.74,,,,,
2026-04-20,8697,日本取引所グループ,1882.5,1908.4,1891.8,1864.9,,2307000,0.88,,,,,
2026-04-20,6838,多摩川ホールディングス,1750.0,1431.2,1338.7,1066.7,,2102000,4.73,,,,,
2026-04-20,6965,浜松ホトニクス,1952.0,1937.4,1904.2,1880.6,,2093700,0.84,,,,,
2026-04-20,9519,レノバ,1033.0,1044.4,920.4,789.8,,2028900,1.05,,,,,
2026-04-20,8714,池田泉州ホールディングス,944.0,963.8,931.5,881.6,,2013300,1.41,,,,,
2026-04-20,7794,イーディーピー,1584.0,1293.4,1223.2,1217.8,,1875100,4.99,,,,,
2026-04-20,3110,日東紡績,26720.0,27442.0,23569.5,21359.3,,1689500,0.63,,,,,
2026-04-20,6113,アマダ,2487.5,2478.6,2339.2,2318.9,,1682900,1.16,,,,,
2026-04-20,8795,Ｔ＆Ｄホールディングス,3921.0,4016.8,4007.3,3942.1,,1642300,0.85,,,,,
2026-04-20,5817,ＪＭＡＣＳ,1655.0,1495.6,1411.7,1397.7,,1610700,1.7,,,,,
2026-04-20,6072,地盤ネットホールディングス,1106.0,1089.4,961.3,793.5,,1583500,0.92,,,,,
2026-04-20,4004,レゾナック・ホールディングス,12500.0,12905.0,11829.9,10884.5,,1539300,0.6,,,,,
2026-04-20,9143,ＳＧホールディングス,1525.0,1524.6,1521.7,1511.6,,1523700,1.39,,,,,
2026-04-20,6367,ダイキン工業,22240.0,21277.0,20141.8,19600.1,,1518000,1.23,,,,,
2026-04-20,7167,めぶきフィナンシャルグループ,1317.5,1342.9,1297.2,1253.3,,1435500,0.71,,,,,
2026-04-20,6724,セイコーエプソン,2137.5,2125.4,2038.1,2036.9,,1424700,0.93,,,,,
2026-04-20,3863,日本製紙,1451.0,1396.4,1305.8,1252.8,,1414000,1.57,,,,,
2026-04-20,2644,グローバルＸ　半導体関連－日本株式　ＥＴＦ,3583.0,3592.8,3261.8,3239.6,,1393780,1.04,,,,,
2026-04-20,7951,ヤマハ,1213.5,1199.7,1165.8,1158.0,,1389800,0.79,,,,,
2026-04-20,8897,ＭＩＲＡＲＴＨホールディングス,414.0,424.8,418.2,410.5,,1387500,1.54,,,,,
2026-04-20,4324,電通グループ,3178.0,3112.6,2883.3,2882.1,,1360900,0.52,,,,,
2026-04-20,3853,アステリア,1639.0,1571.6,1505.2,1348.0,,1359800,1.04,,,,,
2026-04-20,6997,日本ケミコン,2384.0,2177.8,1686.0,1626.2,,1301900,1.99,,,,,
2026-04-20,6952,カシオ計算機,1716.5,1741.3,1584.3,1520.8,,1271500,0.59,,,,,
2026-04-20,2371,カカクコム,2153.0,2138.2,2109.6,1948.5,,1245500,0.7,,,,,
2026-04-20,4385,メルカリ,3977.0,3856.2,3784.5,3532.9,,1242800,0.68,,,,,
2026-04-20,6232,ＡＣＳＬ,1745.0,1785.2,1591.5,1404.3,,1237700,0.69,,,,,
2026-04-20,9042,阪急阪神ホールディングス,4712.0,4778.4,4688.8,4466.9,,1227800,1.27,,,,,
2026-04-20,5243,ｎｏｔｅ,2609.0,2703.4,2586.6,2442.4,,1218500,0.78,,,,,
2026-04-20,9412,スカパーＪＳＡＴホールディングス,3325.0,3246.0,3082.5,2812.8,,1204900,1.02,,,,,
2026-04-20,6383,ダイフク,6446.0,6458.6,6039.5,5920.6,,1187700,0.7,,,,,
2026-04-20,8715,アニコム　ホールディングス,1474.0,1597.4,1489.5,1276.0,,1171500,1.45,,,,,
2026-04-20,2160,ジーエヌアイグループ,3440.0,3343.0,3169.2,2972.3,,1171300,1.47,,,,,
2026-04-20,4588,オンコリスバイオファーマ,2930.0,2704.8,2453.2,2364.7,,1166500,1.14,,,,,
2026-04-20,6962,大真空,753.0,694.4,637.1,632.5,,1166100,4.82,,,,,
2026-04-20,6324,ハーモニック・ドライブ・システムズ,4515.0,4414.0,4010.7,3971.4,,1151600,0.81,,,,,
2026-04-20,5341,ＡＳＡＨＩ　ＥＩＴＯホールディングス,298.0,293.0,237.1,212.7,,1129300,0.37,,,,,
2026-04-20,6227,ＡＩメカテック,7500.0,7978.0,6455.8,5681.1,,1120200,0.67,,,,,
2026-04-20,7375,リファインバースグループ,1862.0,1949.8,1564.0,1139.4,,1109600,0.26,,,,,
2026-04-20,9301,三菱倉庫,1402.0,1411.8,1391.4,1370.9,,1096000,1.34,,,,,
2026-04-20,9147,ＮＩＰＰＯＮ　ＥＸＰＲＥＳＳホールディングス,3832.0,3859.0,3729.9,3678.8,,1092300,1.23,,,,,
2026-04-20,6754,アンリツ,3466.0,3411.4,3122.0,2796.3,,1078400,0.88,,,,,
2026-04-20,3086,Ｊ．フロント　リテイリング,2487.0,2518.6,2493.0,2485.3,,1078100,0.74,,,,,
2026-04-20,7859,アルメディオ,334.0,308.6,275.1,238.7,,1074800,2.14,,,,,
2026-04-20,3099,三越伊勢丹ホールディングス,3114.0,3148.4,3060.1,2936.0,,1067500,0.69,,,,,
2026-04-20,2337,いちご,524.0,504.8,487.7,457.9,,1051600,1.03,,,,,
2026-04-20,3987,エコモット,662.0,603.6,533.5,515.4,,1049100,13.47,,,,,
2026-04-20,5706,三井金属,35480.0,36736.0,33199.2,29822.6,,1023500,0.52,,,,,
2026-04-20,6674,ジーエス・ユアサ　コーポレーション,6603.0,6665.8,5946.8,5053.0,,1012600,1.06,,,,,
2026-04-20,4182,三菱瓦斯化学,4233.0,4205.8,3994.8,3939.0,,1012100,0.78,,,,,
2026-04-20,6845,アズビル,1493.5,1476.8,1433.9,1394.8,,1008100,1.0,,,,,
2026-04-20,1407,ウエストホールディングス,2279.0,2181.4,1903.2,1754.3,,996600,0.98,,,,,
2026-04-20,7220,武蔵精密工業,3360.0,3178.0,2925.2,2785.7,,990200,1.34,,,,,
2026-04-20,8359,八十二長野銀行,2080.0,2095.8,2063.9,2013.2,,986900,0.94,,,,,
2026-04-20,8334,群馬銀行,2180.0,2231.0,2213.7,2134.7,,977500,1.03,,,,,
2026-04-20,8304,あおぞら銀行,2660.0,2678.0,2639.0,2638.3,,971900,1.18,,,,,
2026-04-20,5844,京都フィナンシャルグループ,4307.0,4370.0,4353.7,4050.9,,945900,1.07,,,,,
2026-04-20,7180,九州フィナンシャルグループ,1312.5,1327.5,1253.5,1238.8,,934200,0.71,,,,,
2026-04-20,8366,滋賀銀行,1984.0,2064.8,1960.4,1789.3,,927700,1.22,,,,,
2026-04-20,6703,沖電気工業,3460.0,3241.0,2928.0,2746.6,,913500,1.15,,,,,
2026-04-20,7741,ＨＯＹＡ,29645.0,29614.0,28426.5,27679.2,,897300,0.9,,,,,
2026-04-20,3083,スターシーズ,1066.0,1201.2,1185.8,931.5,,865800,1.89,,,,,
2026-04-20,4169,ＥＮＥＣＨＡＮＧＥ,301.0,311.2,293.8,274.8,,860100,0.7,,,,,
2026-04-20,9983,ファーストリテイリング,74650.0,74488.0,67530.0,65452.0,,844300,0.61,,,,,
2026-04-20,6254,野村マイクロ・サイエンス,3845.0,3726.0,3335.6,3304.2,,831300,1.23,,,,,
2026-04-20,2585,ライフドリンク　カンパニー,1433.0,1462.2,1390.5,1350.3,,829600,0.44,,,,,
2026-04-20,5726,大阪チタニウムテクノロジーズ,2718.0,2741.8,2713.0,2672.8,,823000,0.95,,,,,
2026-04-20,8368,百五銀行,1851.0,1872.4,1685.0,1573.7,,816700,0.72,,,,,
2026-04-20,5381,マイポックス,1125.0,1103.8,993.3,868.5,,801800,2.66,,,,,
2026-04-20,6465,ホシザキ,5078.0,5264.6,5212.7,5200.0,,800800,2.0,,,,,
2026-04-20,4816,東映アニメーション,2740.0,2797.0,2694.2,2584.0,,796900,1.99,,,,,
2026-04-20,2501,サッポロホールディングス,1883.0,1881.1,1785.2,1723.8,,791500,0.73,,,,,
2026-04-20,7327,第四北越フィナンシャルグループ,1960.0,1992.6,1976.5,1952.5,,778300,0.92,,,,,
2026-04-20,5334,日本特殊陶業,8428.0,8362.4,7845.1,7479.3,,771300,0.85,,,,,
2026-04-20,4691,ワシントンホテル,2196.0,1921.6,1650.7,1493.2,,740800,4.38,,,,,
2026-04-20,2492,インフォマート,464.0,455.6,450.2,422.2,,732900,0.49,,,,,
2026-04-20,7956,ピジョン,1699.0,1682.7,1657.5,1643.0,,731200,0.98,,,,,
2026-04-20,4186,東京応化工業,8960.0,9263.4,8410.5,8254.7,,730500,0.64,,,,,
2026-04-20,6085,アーキテクツ・スタジオ・ジャパン,3960.0,3348.0,2949.5,2112.8,,730000,2.07,,,,,
2026-04-20,5333,日本碍子,4521.0,4489.6,4256.4,4139.1,,716500,0.75,,,,,
2026-04-20,9041,近鉄グループホールディングス,3414.0,3358.2,3323.2,3273.3,,716100,1.01,,,,,
2026-04-20,7389,あいちフィナンシャルグループ,1600.0,1649.0,1502.3,1298.5,,715600,0.92,,,,,
2026-04-20,9735,セコム,6010.0,6039.4,6038.9,5970.0,,695400,0.72,,,,,
2026-04-20,6481,ＴＨＫ,5718.0,5649.2,5155.6,4986.5,,695000,0.76,,,,,
2026-04-20,6861,キーエンス,64030.0,63094.0,59630.0,59473.0,,692100,1.04,,,,,
2026-04-20,7004,カナデビア,1224.0,1205.0,1121.4,1067.1,,673400,0.52,,,,,
2026-04-20,3994,マネーフォワード,5180.0,4750.4,3908.4,3578.6,,668900,0.53,,,,,
2026-04-20,2120,ＬＩＦＵＬＬ,200.0,198.8,198.3,197.0,,663000,0.89,,,,,
2026-04-20,8282,ケーズホールディングス,1771.0,1781.3,1753.5,1681.4,,662200,0.87,,,,,
2026-04-20,6770,アルプスアルパイン,2270.0,2244.7,2207.7,2158.9,,661700,0.67,,,,,
2026-04-20,6871,日本マイクロニクス,12660.0,12664.0,11199.0,10799.0,,655500,0.7,,,,,
2026-04-20,2931,ユーグレナ,412.0,410.2,401.1,395.0,,653000,0.55,,,,,
2026-04-20,5711,三菱マテリアル,5500.0,5628.4,5314.2,5115.9,,649000,0.51,,,,,
2026-04-20,4088,エア・ウォーター,2257.0,2276.4,2214.7,2213.7,,644500,0.81,,,,,
2026-04-20,7337,ひろぎんホールディングス,1880.0,1906.8,1847.4,1838.0,,640300,1.01,,,,,
2026-04-20,4419,Ｆｉｎａｔｅｘｔホールディングス,1170.0,1136.2,1036.0,926.7,,634600,1.47,,,,,
2026-04-20,6777,ｓａｎｔｅｃ　Ｈｏｌｄｉｎｇｓ,29280.0,25924.0,21046.0,19000.7,,614900,2.91,,,,,
2026-04-20,7762,シチズン時計,1848.0,1827.6,1779.0,1660.2,,608300,0.72,,,,,
2026-04-20,3774,インターネットイニシアティブ,2688.5,2650.9,2546.2,2400.7,,606700,0.84,,,,,
2026-04-20,8346,東邦銀行,700.0,706.4,688.9,671.9,,597300,0.75,,,,,
2026-04-20,8550,栃木銀行,984.0,1003.2,940.6,936.2,,597100,0.79,,,,,
2026-04-20,1489,ＮＥＸＴ　ＦＵＮＤＳ　日経平均高配当株５０指数連動型上場投信,3149.0,3173.8,3169.4,3168.5,,593869,0.89,,,,,
2026-04-20,7256,河西工業,282.0,275.2,269.7,250.4,,587900,2.02,,,,,
2026-04-20,6235,オプトラン,3490.0,3602.0,3049.8,2736.8,,578900,0.87,,,,,
2026-04-20,8628,松井証券,975.0,976.8,971.8,946.8,,577000,0.79,,,,,
2026-04-20,3608,ＴＳＩホールディングス,1479.0,1442.8,1190.5,1124.3,,574200,0.67,,,,,
2026-04-20,4061,デンカ,3598.0,3707.6,3676.8,3376.2,,569900,0.8,,,,,
2026-04-20,2670,エービーシー・マート,2899.0,2874.1,2687.3,2594.9,,565800,0.62,,,,,
2026-04-20,7868,広済堂ホールディングス,511.0,502.2,498.7,491.4,,561700,0.89,,,,,
2026-04-20,8418,山口フィナンシャルグループ,2736.5,2733.5,2611.3,2585.1,,559600,1.32,,,,,
2026-04-20,5423,東京製鐵,1780.0,1757.6,1720.8,1626.8,,557900,0.93,,,,,
2026-04-20,6999,ＫＯＡ,2023.0,1941.8,1675.5,1673.9,,553600,1.31,,,,,
2026-04-20,1329,ｉシェアーズ・コア　日経２２５　ＥＴＦ,6116.0,6098.4,5721.1,5718.7,,552191,1.06,,,,,
2026-04-20,8012,長瀬産業,1194.0,1211.3,1196.4,1144.4,,550900,0.73,,,,,
2026-04-20,4425,Ｋｕｄａｎ,2646.0,2529.2,2243.4,2031.8,,548200,1.74,,,,,
2026-04-20,3415,ＴＯＫＹＯ　ＢＡＳＥ,442.0,459.8,435.7,414.7,,542300,0.7,,,,,
2026-04-20,4840,トライアイズ,1042.0,980.2,822.2,589.2,,539800,0.45,,,,,
2026-04-20,6264,マルマエ,1735.0,1818.4,1650.9,1632.6,,538600,0.44,,,,,
2026-04-20,5563,新日本電工,445.0,444.2,432.1,421.4,,531300,0.78,,,,,
2026-04-20,2531,宝ホールディングス,1874.5,1817.1,1695.8,1617.7,,527100,0.79,,,,,
2026-04-20,8358,スルガ銀行,2289.0,2296.0,2148.9,2049.2,,525800,0.68,,,,,
2026-04-20,5129,ＦＩＸＥＲ,414.0,443.2,400.9,387.7,,525500,0.29,,,,,
2026-04-20,6800,ヨコオ,4690.0,4174.0,3511.2,3075.7,,523600,3.8,,,,,
2026-04-20,7747,朝日インテック,3465.0,3523.4,3467.0,3118.4,,513000,0.65,,,,,
2026-04-21,8918,ランド,11.0,10.0,9.5,9.4,,197977300,0.89,,,,,
2026-04-21,4564,オンコセラピー・サイエンス,27.0,28.0,24.6,22.2,,114098000,0.61,,,,,
2026-04-21,6740,ジャパンディスプレイ,104.0,107.0,89.6,58.1,,101220300,1.11,,,,,
2026-04-21,4597,ソレイジア・ファーマ,39.0,37.6,34.5,32.2,,64534500,0.81,,,,,
2026-04-21,9434,ソフトバンク,222.0,222.5,217.7,214.6,,60016300,0.69,,,,,
2026-04-21,5803,フジクラ,5889.0,5762.8,5038.6,4283.2,,49306000,0.82,,,,,
2026-04-21,5016,ＪＸ金属,4820.0,4877.0,4190.9,3663.1,,27290500,0.63,,,,,
2026-04-21,4651,サニックスホールディングス,280.0,247.2,224.3,216.9,,26623800,68.9,,,,,
2026-04-21,6613,ＱＤレーザ,1609.0,1439.6,1237.6,951.2,,23584500,2.42,,,,,
2026-04-21,4689,ＬＩＮＥヤフー,431.8,430.5,404.2,396.8,,16847200,1.01,,,,,
2026-04-21,1306,ＮＥＸＴ　ＦＵＮＤＳ　ＴＯＰＩＸ連動型上場投信,399.5,400.6,391.0,389.3,,16652130,1.23,,,,,
2026-04-21,1579,日経平均ブル２倍上場投信,630.4,621.8,551.9,551.4,,15032810,0.77,,,,,
2026-04-21,3436,ＳＵＭＣＯ,2226.0,2199.4,1940.9,1736.7,,11271900,0.94,,,,,
2026-04-21,6762,ＴＤＫ,2576.0,2504.1,2209.0,2186.5,,10460000,0.77,,,,,
2026-04-21,6752,パナソニック　ホールディングス,3019.0,2963.9,2819.2,2559.5,,9019000,1.05,,,,,
2026-04-21,4063,信越化学工業,6733.0,6826.4,6534.3,6035.5,,8190200,0.91,,,,,
2026-04-21,4062,イビデン,10560.0,9664.4,8939.9,8523.6,,8109100,1.35,,,,,
2026-04-21,6981,村田製作所,4810.0,4692.0,4034.8,3714.0,,7758000,0.75,,,,,
2026-04-21,7419,ノジマ,1280.0,1151.0,1123.1,1120.3,,7722700,17.31,,,,,
2026-04-21,3444,菊池製作所,1355.0,1160.2,854.0,844.1,,7563900,8.03,,,,,
2026-04-21,5856,エルアイイーエイチ,29.0,31.8,28.7,25.7,,7486500,0.45,,,,,
2026-04-21,4005,住友化学,515.3,526.0,524.4,520.0,,6931600,0.61,,,,,
2026-04-21,8308,りそなホールディングス,1913.5,1935.5,1864.3,1861.0,,6738400,0.81,,,,,
2026-04-21,8750,第一生命ホールディングス,1444.5,1469.4,1467.3,1459.4,,6099000,0.85,,,,,
2026-04-21,5802,住友電気工業,10300.0,9988.6,9735.5,9229.1,,5864600,0.71,,,,,
2026-04-21,6098,リクルートホールディングス,7853.0,7488.0,7009.8,6990.3,,5620900,1.14,,,,,
2026-04-21,6503,三菱電機,6028.0,5940.2,5564.6,5483.5,,5315200,1.02,,,,,
2026-04-21,6779,日本電波工業,2032.0,1783.2,1451.2,1273.5,,4926400,3.84,,,,,
2026-04-21,5801,古河電気工業,44260.0,44450.0,38820.8,28129.0,,4770700,0.56,,,,,
2026-04-21,5341,ＡＳＡＨＩ　ＥＩＴＯホールディングス,378.0,312.8,247.3,215.3,,4565600,1.88,,,,,
2026-04-21,3778,さくらインターネット,3960.0,3670.0,3102.2,2932.6,,4408500,0.74,,,,,
2026-04-21,5074,テスホールディングス,714.0,655.8,616.8,550.9,,4125800,2.36,,,,,
2026-04-21,6976,太陽誘電,6072.0,6116.4,4854.1,4325.6,,4025200,1.12,,,,,
2026-04-21,6920,レーザーテック,44520.0,41996.0,38304.5,35047.9,,3987500,0.75,,,,,
2026-04-21,9697,カプコン,3545.0,3659.0,3454.7,3426.9,,3780800,1.49,,,,,
2026-04-21,4901,富士フイルムホールディングス,3103.0,3155.2,3094.7,3071.6,,3717800,0.84,,,,,
2026-04-21,4543,テルモ,2144.5,2180.0,2158.4,2079.2,,3689200,0.81,,,,,
2026-04-21,2802,味の素,4721.0,4651.8,4607.1,4382.9,,3564700,1.34,,,,,
2026-04-21,9502,中部電力,2684.0,2831.5,2737.7,2562.5,,3560000,1.04,,,,,
2026-04-21,3103,ユニチカ,3045.0,2907.4,1699.8,1397.6,,3514600,0.15,,,,,
2026-04-21,4307,野村総合研究所,4988.0,4918.2,4547.0,4457.3,,3355300,0.98,,,,,
2026-04-21,1570,ＮＥＸＴ　ＦＵＮＤＳ　日経平均レバレッジ・インデックス連動型上場投信,58390.0,57606.0,51185.0,51167.2,,3306574,0.9,,,,,
2026-04-21,7794,イーディーピー,1536.0,1359.6,1245.7,1234.8,,3163100,5.9,,,,,
2026-04-21,8524,北洋銀行,979.0,1024.8,1007.0,984.8,,3073300,1.48,,,,,
2026-04-21,6963,ローム,3744.0,3749.0,3532.8,3083.5,,3043900,1.02,,,,,
2026-04-21,8002,丸紅,6001.0,5937.6,5893.9,5669.7,,2998900,0.75,,,,,
2026-04-21,4004,レゾナック・ホールディングス,13330.0,12873.0,11968.1,10968.3,,2825800,1.19,,,,,
2026-04-21,7220,武蔵精密工業,3805.0,3299.0,2989.7,2801.0,,2791300,3.63,,,,,
2026-04-21,7453,良品計画,3785.0,3901.8,3623.8,3498.7,,2766300,0.49,,,,,
2026-04-21,1963,日揮ホールディングス,2378.0,2497.7,2490.9,2315.2,,2709400,0.74,,,,,
2026-04-21,3664,モブキャストホールディングス,39.0,37.8,34.5,34.1,,2698100,0.24,,,,,
2026-04-21,1615,ＮＥＸＴ　ＦＵＮＤＳ　東証銀行業株価指数連動型上場投信,616.8,632.2,611.0,609.5,,2682370,0.68,,,,,
2026-04-21,2503,キリンホールディングス,2579.0,2591.9,2580.1,2553.3,,2678000,0.85,,,,,
2026-04-21,7936,アシックス,4538.0,4613.4,4412.1,4341.2,,2647400,0.87,,,,,
2026-04-21,4422,ＶＡＬＵＥＮＥＸ,1298.0,1212.8,807.6,527.3,,2627000,1.38,,,,,
2026-04-21,8697,日本取引所グループ,1888.0,1902.9,1893.9,1867.0,,2470100,0.93,,,,,
2026-04-21,7167,めぶきフィナンシャルグループ,1281.5,1330.5,1301.2,1255.9,,2316100,1.17,,,,,
2026-04-21,6140,旭ダイヤモンド工業,1311.0,1262.0,1218.2,1213.1,,2301500,1.16,,,,,
2026-04-21,6532,ベイカレント,5745.0,5588.6,4896.0,4829.8,,2234900,0.87,,,,,
2026-04-21,4385,メルカリ,4108.0,3951.8,3813.0,3551.2,,2171500,1.18,,,,,
2026-04-21,6754,アンリツ,3662.0,3464.6,3163.5,2818.1,,2052500,1.66,,,,,
2026-04-21,8714,池田泉州ホールディングス,925.0,952.6,936.6,882.8,,2040000,1.31,,,,,
2026-04-21,1475,ｉシェアーズ・コア　ＴＯＰＩＸ　ＥＴＦ,390.0,391.4,381.6,380.7,,2004640,0.41,,,,,
2026-04-21,5831,しずおかフィナンシャルグループ,2727.5,2788.9,2765.7,2760.6,,1958400,1.19,,,,,
2026-04-21,5985,サンコール,1592.0,1642.2,1515.5,1408.5,,1816500,0.9,,,,,
2026-04-21,6965,浜松ホトニクス,1945.5,1939.3,1908.8,1883.7,,1789000,0.71,,,,,
2026-04-21,3110,日東紡績,26460.0,26846.0,23887.5,21507.3,,1760500,0.65,,,,,
2026-04-21,6952,カシオ計算機,1710.0,1737.1,1598.2,1527.4,,1710100,0.83,,,,,
2026-04-21,5243,ｎｏｔｅ,2571.0,2615.6,2603.8,2437.1,,1699200,1.03,,,,,
2026-04-21,3994,マネーフォワード,5751.0,5125.2,4028.8,3604.7,,1682700,1.29,,,,,
2026-04-21,1655,ｉシェアーズ　Ｓ＆Ｐ　５００　米国株　ＥＴＦ,816.0,808.1,771.6,769.8,,1591340,1.01,,,,,
2026-04-21,4733,オービックビジネスコンサルタント,6481.0,6653.2,6401.4,6358.8,,1498900,5.01,,,,,
2026-04-21,6674,ジーエス・ユアサ　コーポレーション,6669.0,6681.6,6029.4,5101.6,,1483500,1.58,,,,,
2026-04-21,5706,三井金属,37390.0,36562.0,33563.8,30084.3,,1472900,0.77,,,,,
2026-04-21,7004,カナデビア,1198.0,1200.0,1131.7,1069.8,,1462900,1.15,,,,,
2026-04-21,4182,三菱瓦斯化学,4322.0,4226.8,4018.7,3958.5,,1453800,1.13,,,,,
2026-04-21,8366,滋賀銀行,1872.0,2019.2,1967.6,1793.7,,1453600,1.83,,,,,
2026-04-21,3105,日清紡ホールディングス,1975.5,1849.6,1632.9,1606.6,,1446300,1.25,,,,,
2026-04-21,2371,カカクコム,2101.0,2138.2,2113.1,1946.2,,1446000,0.8,,,,,
2026-04-21,7951,ヤマハ,1211.5,1204.5,1170.1,1158.8,,1437600,0.81,,,,,
2026-04-21,3863,日本製紙,1484.0,1426.2,1320.6,1257.7,,1410400,1.42,,,,,
2026-04-21,5381,マイポックス,1272.0,1141.8,1011.0,881.3,,1385000,3.9,,,,,
2026-04-21,6645,オムロン,5181.0,5010.0,4658.8,4643.6,,1373100,1.09,,,,,
2026-04-21,6227,ＡＩメカテック,6910.0,7820.0,6485.2,5749.4,,1369500,0.87,,,,,
2026-04-21,6838,多摩川ホールディングス,1808.0,1536.4,1365.0,1084.5,,1369200,2.27,,,,,
2026-04-21,9412,スカパーＪＳＡＴホールディングス,3405.0,3296.0,3109.4,2834.2,,1360000,1.12,,,,,
2026-04-21,9143,ＳＧホールディングス,1534.5,1522.9,1522.3,1512.2,,1327600,1.16,,,,,
2026-04-21,8359,八十二長野銀行,2035.5,2089.4,2064.2,2015.1,,1295300,1.2,,,,,
2026-04-21,9519,レノバ,980.0,1038.6,932.0,794.0,,1252800,0.62,,,,,
2026-04-21,6845,アズビル,1459.0,1473.6,1438.2,1395.8,,1251500,1.22,,,,,
2026-04-21,6770,アルプスアルパイン,2297.5,2261.7,2215.3,2163.9,,1200200,1.23,,,,,
2026-04-21,6383,ダイフク,6407.0,6424.4,6077.7,5935.1,,1198000,0.69,,,,,
2026-04-21,7747,朝日インテック,3374.0,3499.6,3471.6,3127.9,,1194000,1.51,,,,,
2026-04-21,6113,アマダ,2477.0,2476.2,2350.6,2326.5,,1180900,0.77,,,,,
2026-04-21,7180,九州フィナンシャルグループ,1270.5,1317.1,1258.9,1240.9,,1140600,0.89,,,,,
2026-04-21,8368,百五銀行,1776.0,1853.2,1699.7,1579.0,,1133400,0.96,,,,,
2026-04-21,6072,地盤ネットホールディングス,1154.0,1119.0,980.8,809.2,,1129300,0.62,,,,,
2026-04-21,6324,ハーモニック・ドライブ・システムズ,4490.0,4496.0,4041.0,3983.4,,1114800,0.77,,,,,
2026-04-21,5844,京都フィナンシャルグループ,4333.0,4369.4,4355.9,4061.6,,1112300,1.23,,,,,
2026-04-21,8341,七十七銀行,3068.0,3237.2,3225.4,3100.4,,1109700,1.61,,,,,
2026-04-21,2501,サッポロホールディングス,1850.5,1879.8,1796.7,1726.8,,1097500,1.02,,,,,
2026-04-21,6367,ダイキン工業,21630.0,21505.0,20255.8,19635.0,,1089800,0.82,,,,,
2026-04-21,7741,ＨＯＹＡ,28970.0,29528.0,28463.2,27743.7,,1089700,1.07,,,,,
2026-04-21,9983,ファーストリテイリング,73750.0,74320.0,68124.5,65667.0,,1077100,0.77,,,,,
2026-04-21,3853,アステリア,1570.0,1592.2,1521.7,1355.0,,1068600,0.86,,,,,
2026-04-21,4324,電通グループ,3054.0,3105.8,2898.6,2881.9,,1058000,0.41,,,,,
2026-04-21,2432,ディー・エヌ・エー,2702.0,2713.1,2600.9,2597.0,,1053300,0.71,,,,,
2026-04-21,5334,日本特殊陶業,8737.0,8414.6,7908.6,7506.2,,1050500,1.11,,,,,
2026-04-21,6997,日本ケミコン,2354.0,2260.2,1733.6,1639.0,,1045000,1.37,,,,,
2026-04-21,8897,ＭＩＲＡＲＴＨホールディングス,408.0,421.6,418.4,410.7,,1044000,1.13,,,,,
2026-04-21,9042,阪急阪神ホールディングス,4720.0,4763.6,4709.1,4475.6,,1031000,1.0,,,,,
2026-04-21,9147,ＮＩＰＰＯＮ　ＥＸＰＲＥＳＳホールディングス,3849.0,3851.2,3743.5,3685.1,,1030700,1.12,,,,,
2026-04-21,4443,Ｓａｎｓａｎ,1338.0,1322.6,1234.4,1233.8,,1020300,0.4,,,,,
2026-04-21,2160,ジーエヌアイグループ,3390.0,3384.0,3190.3,2984.9,,997500,1.19,,,,,
2026-04-21,6232,ＡＣＳＬ,1722.0,1756.0,1605.2,1414.5,,997400,0.54,,,,,
2026-04-21,7389,あいちフィナンシャルグループ,1533.0,1623.8,1515.5,1305.7,,981700,1.22,,,,,
2026-04-21,6101,ツガミ,4465.0,4425.0,3833.8,3666.7,,970600,2.96,,,,,
2026-04-21,4588,オンコリスバイオファーマ,3040.0,2823.0,2482.8,2386.2,,939300,0.9,,,,,
2026-04-21,6254,野村マイクロ・サイエンス,3850.0,3766.0,3392.9,3307.4,,939200,1.3,,,,,
2026-04-21,2585,ライフドリンク　カンパニー,1471.0,1455.8,1411.0,1344.5,,937000,0.56,,,,,
2026-04-21,1407,ウエストホールディングス,2288.0,2249.6,1931.5,1765.3,,923400,0.86,,,,,
2026-04-21,6703,沖電気工業,3500.0,3333.0,2976.2,2769.5,,916300,1.15,,,,,
2026-04-21,6724,セイコーエプソン,2129.5,2137.1,2045.9,2038.6,,910600,0.57,,,,,
2026-04-21,3099,三越伊勢丹ホールディングス,3086.0,3135.6,3071.9,2942.4,,899400,0.59,,,,,
2026-04-21,7719,東京衡機,671.0,683.8,563.4,527.0,,887700,0.63,,,,,
2026-04-21,2962,テクニスコ,1014.0,907.2,871.5,866.4,,882600,13.86,,,,,
2026-04-21,6861,キーエンス,63170.0,63158.0,59961.5,59537.3,,876300,1.28,,,,,
2026-04-21,2337,いちご,513.0,508.8,490.4,459.5,,853800,0.79,,,,,
2026-04-21,7337,ひろぎんホールディングス,1839.5,1892.9,1850.7,1840.1,,834700,1.26,,,,,
2026-04-21,1329,ｉシェアーズ・コア　日経２２５　ＥＴＦ,6172.0,6128.4,5759.4,5728.3,,830091,1.55,,,,,
2026-04-21,8346,東邦銀行,687.0,702.8,690.5,673.4,,820000,1.03,,,,,
2026-04-21,7859,アルメディオ,355.0,322.2,281.4,241.4,,814500,1.46,,,,,
2026-04-21,4186,東京応化工業,9343.0,9200.2,8473.0,8298.2,,811700,0.71,,,,,
2026-04-21,8304,あおぞら銀行,2608.5,2663.1,2641.4,2639.8,,804800,0.93,,,,,
2026-04-21,5393,ニチアス,3127.0,3070.2,3005.6,2882.9,,785900,1.57,,,,,
2026-04-21,3608,ＴＳＩホールディングス,1505.0,1466.6,1212.7,1131.4,,769800,0.88,,,,,
2026-04-21,9301,三菱倉庫,1400.0,1408.0,1392.9,1371.8,,763500,0.91,,,,,
2026-04-21,4565,ネクセラファーマ,1033.0,1031.4,984.2,915.2,,763000,0.9,,,,,
2026-04-21,4021,日産化学,6783.0,6528.4,6303.7,6249.9,,761100,1.47,,,,,
2026-04-21,5214,日本電気硝子,7926.0,7534.8,6832.6,6569.1,,758800,1.4,,,,,
2026-04-21,2120,ＬＩＦＵＬＬ,195.0,198.4,197.8,197.3,,752700,0.99,,,,,
2026-04-21,3774,インターネットイニシアティブ,2720.5,2683.9,2560.7,2402.0,,738400,1.04,,,,,
2026-04-21,7762,シチズン時計,1870.0,1842.6,1786.7,1668.0,,736600,0.88,,,,,
2026-04-21,2492,インフォマート,456.0,458.0,452.9,422.2,,736100,0.5,,,,,
2026-04-21,2644,グローバルＸ　半導体関連－日本株式　ＥＴＦ,3661.0,3607.0,3294.1,3247.5,,735324,0.52,,,,,
2026-04-21,6465,ホシザキ,5030.0,5219.8,5214.8,5197.4,,727100,1.6,,,,,
2026-04-21,5333,日本碍子,4543.0,4508.4,4286.8,4152.7,,723700,0.77,,,,,
2026-04-21,7375,リファインバースグループ,2262.0,2056.8,1622.3,1162.3,,713500,0.2,,,,,
2026-04-21,8550,栃木銀行,963.0,1000.2,944.6,937.8,,704900,0.94,,,,,
2026-04-21,9041,近鉄グループホールディングス,3391.0,3376.8,3331.5,3275.8,,696700,0.96,,,,,
2026-04-21,2931,ユーグレナ,404.0,410.2,402.9,394.9,,690200,0.63,,,,,
2026-04-21,6166,中村超硬,843.0,804.6,759.4,754.5,,689700,1.71,,,,,
2026-04-21,3660,アイスタイル,476.0,480.0,453.9,451.9,,679400,0.7,,,,,
2026-04-21,6666,リバーエレテック,1049.0,947.0,800.2,656.7,,679200,1.97,,,,,
2026-04-21,2670,エービーシー・マート,2840.0,2877.0,2703.9,2601.1,,658400,0.72,,,,,
2026-04-21,8715,アニコム　ホールディングス,1493.0,1566.6,1498.3,1283.1,,657200,0.74,,,,,
2026-04-21,6136,オーエスジー,3052.0,2996.0,2730.2,2702.0,,648700,1.25,,,,,
2026-04-21,6871,日本マイクロニクス,12460.0,12638.0,11304.5,10854.3,,644900,0.7,,,,,
2026-04-21,4061,デンカ,3672.0,3697.2,3695.8,3386.0,,641200,0.89,,,,,
2026-04-21,6890,フェローテック,6810.0,6746.0,6658.0,6360.2,,631600,1.18,,,,,
2026-04-21,6481,ＴＨＫ,5639.0,5636.0,5207.6,5008.4,,624300,0.67,,,,,
2026-04-21,4425,Ｋｕｄａｎ,2817.0,2597.0,2286.4,2054.7,,624000,1.91,,,,,
2026-04-21,8628,松井証券,976.0,978.4,971.9,948.2,,621900,0.85,,,,,
2026-04-21,8358,スルガ銀行,2270.0,2297.6,2165.8,2054.3,,619700,0.78,,,,,
2026-04-21,4091,日本酸素ホールディングス,5772.0,5873.4,5847.4,5637.0,,616600,1.02,,,,,
2026-04-21,6962,大真空,750.0,710.8,644.5,635.0,,611600,1.79,,,,,
2026-04-21,5711,三菱マテリアル,5548.0,5600.4,5343.4,5135.6,,602500,0.49,,,,,
2026-04-21,6134,ＦＵＪＩ,5967.0,5789.4,5287.1,5067.7,,587000,1.28,,,,,
2026-04-21,2516,東証グロース２５０ＥＴＦ,637.4,626.8,594.9,585.1,,582420,1.24,,,,,
2026-04-21,7189,西日本フィナンシャルホールディングス,4017.0,4154.6,4050.8,4037.3,,573700,1.49,,,,,
2026-04-21,7256,河西工業,265.0,273.0,269.6,252.2,,573600,1.74,,,,,
2026-04-21,4088,エア・ウォーター,2254.0,2275.5,2222.5,2211.6,,572800,0.72,,,,,
2026-04-21,8354,ふくおかフィナンシャルグループ,6253.0,6473.0,6382.3,6317.0,,569900,0.97,,,,,
2026-04-21,6768,タムラ製作所,745.0,738.2,677.0,675.7,,569000,0.86,,,,,
2026-04-21,5423,東京製鐵,1827.0,1778.0,1732.7,1630.0,,568300,1.06,,,,,
2026-04-21,1435,ｒｏｂｏｔ　ｈｏｍｅ,226.0,224.6,205.2,193.5,,568300,0.74,,,,,
2026-04-21,5741,ＵＡＣＪ,2939.0,2958.6,2728.7,2603.8,,560300,0.63,,,,,
2026-04-21,4169,ＥＮＥＣＨＡＮＧＥ,303.0,308.4,296.3,275.3,,556900,0.49,,,,,
2026-04-21,8381,山陰合同銀行,1915.0,1983.4,1892.5,1739.9,,553100,1.05,,,,,
2026-04-21,2222,寿スピリッツ,2080.0,2025.3,1937.5,1931.8,,551400,0.97,,,,,
2026-04-21,8386,百十四銀行,2350.0,2417.4,2287.3,2253.7,,547000,1.34,,,,,
2026-04-21,1951,エクシオグループ,2815.0,2796.0,2776.1,2759.8,,540800,1.2,,,,,
2026-04-21,8708,アイザワ証券グループ,1468.0,1588.6,1550.5,1490.2,,532100,3.49,,,,,
2026-04-21,7412,アトム,668.0,650.6,636.2,626.3,,528100,1.46,,,,,
2026-04-21,7380,十六フィナンシャルグループ,2007.0,2090.6,1963.7,1871.8,,523500,0.94,,,,,
2026-04-21,5817,ＪＭＡＣＳ,1567.0,1532.0,1423.2,1404.2,,520300,0.48,,,,,
2026-04-21,8418,山口フィナンシャルグループ,2670.0,2726.6,2622.1,2589.2,,520100,1.16,,,,,
2026-04-21,7177,ＧＭＯフィナンシャルホールディングス,1014.0,990.6,940.4,917.5,,516300,1.45,,,,,
2026-04-21,7956,ピジョン,1690.0,1687.2,1662.0,1643.9,,504100,0.67,,,,,
2026-04-21,9861,吉野家ホールディングス,3377.0,3370.2,3365.4,3198.9,,502900,0.98,,,,,
2026-04-22,8918,ランド,10.0,10.0,9.5,9.4,,210067100,0.97,,,,,
2026-04-22,9984,ソフトバンクグループ,5620.0,4954.8,4090.2,4053.2,,154144000,2.34,,,,,
2026-04-22,4597,ソレイジア・ファーマ,37.0,38.2,34.8,32.3,,89947300,1.12,,,,,
2026-04-22,9434,ソフトバンク,219.3,222.2,217.6,214.6,,56480300,0.66,,,,,
2026-04-22,6740,ジャパンディスプレイ,103.0,109.2,91.2,59.4,,51605500,0.53,,,,,
2026-04-22,5803,フジクラ,5985.0,5823.2,5108.8,4333.2,,42928800,0.71,,,,,
2026-04-22,3103,ユニチカ,2835.0,3058.2,1771.7,1438.3,,29411100,1.27,,,,,
2026-04-22,5016,ＪＸ金属,4855.0,4869.4,4243.7,3699.8,,22709000,0.52,,,,,
2026-04-22,3936,グローバルウェイ,235.0,182.2,140.4,137.3,,20844800,3.43,,,,,
2026-04-22,1306,ＮＥＸＴ　ＦＵＮＤＳ　ＴＯＰＩＸ連動型上場投信,396.9,400.1,391.7,389.6,,20743070,1.47,,,,,
2026-04-22,6762,ＴＤＫ,2700.5,2594.9,2239.5,2198.2,,17013700,1.22,,,,,
2026-04-22,1579,日経平均ブル２倍上場投信,635.5,627.7,558.0,553.2,,14256020,0.74,,,,,
2026-04-22,4689,ＬＩＮＥヤフー,428.4,429.1,406.0,397.2,,14221000,0.83,,,,,
2026-04-22,4564,オンコセラピー・サイエンス,26.0,28.0,24.8,22.3,,13997800,0.08,,,,,
2026-04-22,3436,ＳＵＭＣＯ,2241.0,2199.9,1964.8,1746.3,,13293900,1.06,,,,,
2026-04-22,6613,ＱＤレーザ,1526.0,1477.2,1244.8,969.5,,10711900,0.91,,,,,
2026-04-22,6525,ＫＯＫＵＳＡＩ　ＥＬＥＣＴＲＩＣ,6638.0,6843.8,6078.5,6067.3,,8903600,1.17,,,,,
2026-04-22,8308,りそなホールディングス,1855.5,1920.5,1865.1,1861.6,,8762100,1.04,,,,,
2026-04-22,6085,アーキテクツ・スタジオ・ジャパン,430.0,380.7,309.3,223.5,,8562600,2.07,,,,,
2026-04-22,6981,村田製作所,4911.0,4770.2,4097.4,3740.3,,7750500,0.74,,,,,
2026-04-22,4651,サニックスホールディングス,253.0,249.4,226.5,217.4,,7740900,2.56,,,,,
2026-04-22,4062,イビデン,11200.0,10028.4,9076.0,8572.2,,7596200,1.23,,,,,
2026-04-22,5802,住友電気工業,10700.0,10218.4,9760.0,9295.4,,7019400,0.87,,,,,
2026-04-22,5341,ＡＳＡＨＩ　ＥＩＴＯホールディングス,430.0,341.8,260.2,218.8,,6758200,2.89,,,,,
2026-04-22,6098,リクルートホールディングス,7953.0,7646.0,7086.7,6979.7,,6754900,1.3,,,,,
2026-04-22,6752,パナソニック　ホールディングス,2985.0,2975.9,2836.9,2571.0,,6724200,0.77,,,,,
2026-04-22,4063,信越化学工業,6642.0,6793.0,6551.7,6052.3,,6503000,0.69,,,,,
2026-04-22,6217,津田駒工業,1933.0,1216.6,671.7,584.0,,6351300,12.15,,,,,
2026-04-22,6522,アスタリスク,1351.0,1175.4,1146.2,696.5,,6125400,3.62,,,,,
2026-04-22,6232,ＡＣＳＬ,2122.0,1820.4,1634.2,1431.4,,5941300,3.13,,,,,
2026-04-22,4004,レゾナック・ホールディングス,14455.0,13189.0,12152.1,11071.8,,5223800,2.16,,,,,
2026-04-22,1475,ｉシェアーズ・コア　ＴＯＰＩＸ　ＥＴＦ,386.9,390.5,382.2,380.9,,5165980,1.15,,,,,
2026-04-22,7419,ノジマ,1197.0,1167.2,1128.1,1119.6,,5130700,4.36,,,,,
2026-04-22,7220,武蔵精密工業,4445.0,3572.0,3080.7,2828.5,,4744200,4.71,,,,,
2026-04-22,6503,三菱電機,5935.0,5965.0,5584.4,5499.6,,4450800,0.83,,,,,
2026-04-22,3664,モブキャストホールディングス,37.0,37.8,34.6,34.1,,4404800,0.42,,,,,
2026-04-22,6920,レーザーテック,44800.0,42682.0,38874.0,35186.4,,4291700,0.81,,,,,
2026-04-22,3444,菊池製作所,1383.0,1267.0,886.3,850.3,,3886700,2.29,,,,,
2026-04-22,4543,テルモ,2112.5,2165.1,2159.3,2078.4,,3878800,0.88,,,,,
2026-04-22,5856,エルアイイーエイチ,28.0,30.2,28.6,25.7,,3873600,0.23,,,,,
2026-04-22,4307,野村総合研究所,5155.0,4973.6,4592.4,4444.4,,3795500,1.05,,,,,
2026-04-22,8002,丸紅,5908.0,5937.4,5908.8,5682.7,,3702700,0.92,,,,,
2026-04-22,5801,古河電気工業,44050.0,44412.0,39461.2,28659.8,,3642700,0.45,,,,,
2026-04-22,6971,京セラ,2776.5,2731.4,2560.4,2557.3,,3588200,0.78,,,,,
2026-04-22,7453,良品計画,3752.0,3870.2,3637.2,3510.6,,3440800,0.61,,,,,
2026-04-22,9697,カプコン,3499.0,3632.0,3461.4,3426.2,,3413200,1.25,,,,,
2026-04-22,4901,富士フイルムホールディングス,3061.0,3138.6,3098.9,3068.6,,3316400,0.75,,,,,
2026-04-22,1570,ＮＥＸＴ　ＦＵＮＤＳ　日経平均レバレッジ・インデックス連動型上場投信,58850.0,58140.0,51736.0,51330.2,,3203745,0.87,,,,,
2026-04-22,6963,ローム,3691.0,3741.8,3550.5,3099.5,,3146800,1.03,,,,,
2026-04-22,3778,さくらインターネット,3725.0,3750.0,3156.5,2948.7,,3075800,0.72,,,,,
2026-04-22,9502,中部電力,2621.0,2777.8,2737.8,2568.2,,3008300,0.86,,,,,
2026-04-22,7167,めぶきフィナンシャルグループ,1244.5,1308.6,1301.1,1257.5,,2903300,1.44,,,,,
2026-04-22,1615,ＮＥＸＴ　ＦＵＮＤＳ　東証銀行業株価指数連動型上場投信,610.0,625.9,612.2,609.7,,2848180,0.73,,,,,
2026-04-22,7936,アシックス,4570.0,4613.8,4424.1,4350.9,,2737300,0.91,,,,,
2026-04-22,7794,イーディーピー,1470.0,1418.4,1264.2,1250.8,,2651800,3.23,,,,,
2026-04-22,2501,サッポロホールディングス,1754.5,1851.9,1802.4,1727.8,,2555400,2.36,,,,,
2026-04-22,6532,ベイカレント,6000.0,5671.2,4968.9,4828.7,,2553400,0.94,,,,,
2026-04-22,5074,テスホールディングス,691.0,670.2,621.4,555.9,,2549700,1.31,,,,,
2026-04-22,7375,リファインバースグループ,2265.0,2084.4,1681.2,1184.5,,2531700,0.9,,,,,
2026-04-22,2802,味の素,4658.0,4650.0,4615.9,4401.3,,2492000,0.89,,,,,
2026-04-22,4443,Ｓａｎｓａｎ,1404.0,1341.8,1247.8,1229.5,,2373500,0.95,,,,,
2026-04-22,8524,北洋銀行,944.0,1006.0,1004.6,984.9,,2358900,1.06,,,,,
2026-04-22,6976,太陽誘電,6264.0,6199.8,4961.9,4370.3,,2288800,0.61,,,,,
2026-04-22,6323,ローツェ,3566.0,3667.0,3253.7,3219.4,,2284400,0.59,,,,,
2026-04-22,5243,ｎｏｔｅ,2691.0,2649.6,2614.1,2432.4,,2203100,1.22,,,,,
2026-04-22,8035,東京エレクトロン,45500.0,45072.0,41604.0,41479.2,,2047100,0.6,,,,,
2026-04-22,9412,スカパーＪＳＡＴホールディングス,3170.0,3301.0,3113.1,2851.2,,2017800,1.62,,,,,
2026-04-22,6779,日本電波工業,2022.0,1864.8,1489.1,1290.1,,1977100,1.15,,,,,
2026-04-22,6029,アトラグループ,201.0,188.8,157.7,155.8,,1904000,6.22,,,,,
2026-04-22,7859,アルメディオ,329.0,326.6,285.4,243.7,,1781000,2.92,,,,,
2026-04-22,6965,浜松ホトニクス,1944.5,1947.8,1907.8,1886.8,,1767900,0.69,,,,,
2026-04-22,8359,八十二長野銀行,2012.0,2071.2,2060.5,2016.1,,1743200,1.53,,,,,
2026-04-22,2195,アミタホールディングス,557.0,514.8,502.8,398.1,,1730800,1.54,,,,,
2026-04-22,3110,日東紡績,27460.0,27038.0,24142.5,21680.5,,1711000,0.64,,,,,
2026-04-22,5706,三井金属,38260.0,37076.0,33895.2,30358.4,,1696700,0.88,,,,,
2026-04-22,6666,リバーエレテック,1160.0,1006.4,820.8,668.5,,1669400,4.22,,,,,
2026-04-22,8714,池田泉州ホールディングス,904.0,937.4,937.4,883.5,,1646200,0.99,,,,,
2026-04-22,2371,カカクコム,2121.0,2129.9,2120.1,1944.1,,1638000,0.88,,,,,
2026-04-22,1655,ｉシェアーズ　Ｓ＆Ｐ　５００　米国株　ＥＴＦ,814.4,811.4,774.6,770.2,,1626820,1.04,,,,,
2026-04-22,4169,ＥＮＥＣＨＡＮＧＥ,314.0,306.6,298.1,275.6,,1590300,1.57,,,,,
2026-04-22,5244,ｊｉｇ．ｊｐ,271.0,248.2,230.8,230.4,,1581300,3.79,,,,,
2026-04-22,5597,ブルーイノベーション,2124.0,1789.4,1690.5,1610.0,,1549700,31.48,,,,,
2026-04-22,7951,ヤマハ,1213.0,1209.7,1174.3,1159.7,,1549300,0.86,,,,,
2026-04-22,7719,東京衡機,731.0,702.0,571.2,533.8,,1531500,1.04,,,,,
2026-04-22,6952,カシオ計算機,1704.0,1730.8,1610.9,1533.8,,1484800,0.76,,,,,
2026-04-22,6754,アンリツ,3635.0,3511.0,3196.1,2839.3,,1462400,1.09,,,,,
2026-04-22,4180,Ａｐｐｉｅｒ　Ｇｒｏｕｐ,960.0,945.0,863.5,856.1,,1450200,0.82,,,,,
2026-04-22,3994,マネーフォワード,5600.0,5329.8,4126.7,3629.0,,1433000,1.04,,,,,
2026-04-22,4385,メルカリ,4070.0,4000.4,3837.2,3568.3,,1428600,0.78,,,,,
2026-04-22,6383,ダイフク,6368.0,6413.6,6112.7,5949.2,,1422100,0.81,,,,,
2026-04-22,5985,サンコール,1640.0,1638.6,1517.0,1419.3,,1412100,0.68,,,,,
2026-04-22,3863,日本製紙,1481.0,1450.2,1333.8,1262.5,,1412000,1.32,,,,,
2026-04-22,2644,グローバルＸ　半導体関連－日本株式　ＥＴＦ,3658.0,3625.4,3319.2,3255.9,,1397126,0.99,,,,,
2026-04-22,3853,アステリア,1705.0,1635.6,1531.0,1362.9,,1375300,1.28,,,,,
2026-04-22,4768,大塚商会,3120.0,3068.2,3039.1,3036.8,,1370700,0.91,,,,,
2026-04-22,6645,オムロン,5095.0,5069.8,4689.9,4661.8,,1366700,1.04,,,,,
2026-04-22,6113,アマダ,2492.5,2475.3,2359.2,2334.2,,1342600,0.85,,,,,
2026-04-22,6674,ジーエス・ユアサ　コーポレーション,6452.0,6649.4,6091.5,5146.1,,1334900,1.34,,,,,
2026-04-22,4422,ＶＡＬＵＥＮＥＸ,1134.0,1250.2,835.8,540.1,,1272300,0.59,,,,,
2026-04-22,6724,セイコーエプソン,2089.5,2131.3,2051.1,2039.2,,1271100,0.82,,,,,
2026-04-22,6845,アズビル,1432.5,1468.5,1439.8,1396.1,,1265700,1.18,,,,,
2026-04-22,4657,環境管理センター,521.0,480.0,475.5,461.9,,1218400,107.92,,,,,
2026-04-22,4324,電通グループ,3075.0,3104.2,2915.5,2881.0,,1203600,0.48,,,,,
2026-04-22,9147,ＮＩＰＰＯＮ　ＥＸＰＲＥＳＳホールディングス,3782.0,3831.6,3753.7,3690.6,,1191500,1.23,,,,,
2026-04-22,9983,ファーストリテイリング,71710.0,73800.0,68590.0,65853.8,,1189900,0.83,,,,,
2026-04-22,9519,レノバ,949.0,1016.4,939.6,797.7,,1174700,0.59,,,,,
2026-04-22,6962,大真空,793.0,734.4,653.0,638.2,,1171800,2.98,,,,,
2026-04-22,3105,日清紡ホールディングス,1937.0,1904.2,1652.2,1615.4,,1135300,0.9,,,,,
2026-04-22,3099,三越伊勢丹ホールディングス,3085.0,3122.0,3081.2,2949.4,,1102000,0.77,,,,,
2026-04-22,4182,三菱瓦斯化学,4329.0,4255.8,4032.8,3978.4,,1084900,0.85,,,,,
2026-04-22,7180,九州フィナンシャルグループ,1246.0,1296.9,1261.2,1242.1,,1077200,0.89,,,,,
2026-04-22,6072,地盤ネットホールディングス,1158.0,1134.6,992.9,825.2,,1070000,0.63,,,,,
2026-04-22,2492,インフォマート,456.0,459.6,455.5,422.1,,1052300,0.74,,,,,
2026-04-22,5334,日本特殊陶業,8544.0,8480.6,7945.7,7529.7,,1041600,1.03,,,,,
2026-04-22,9041,近鉄グループホールディングス,3330.0,3373.0,3335.2,3276.9,,1029800,1.39,,,,,
2026-04-22,7871,フクビ化学工業,1212.0,1005.4,914.8,914.1,,1014900,9.34,,,,,
2026-04-22,4186,東京応化工業,9249.0,9192.4,8513.0,8342.2,,1013700,0.87,,,,,
2026-04-22,6227,ＡＩメカテック,6860.0,7508.0,6480.0,5815.7,,1002700,0.63,,,,,
2026-04-22,1305,ｉＦｒｅｅＥＴＦ　ＴＯＰＩＸ（年１回決算型）,4015.0,4042.6,3954.4,3935.4,,997740,7.94,,,,,
2026-04-22,8366,滋賀銀行,1845.0,1972.6,1968.8,1797.0,,992900,1.15,,,,,
2026-04-22,4293,セプテーニ・ホールディングス,438.0,436.6,424.8,418.1,,976200,2.79,,,,,
2026-04-22,6324,ハーモニック・ドライブ・システムズ,4385.0,4503.0,4056.7,3995.4,,972800,0.65,,,,,
2026-04-22,6521,オキサイド,4905.0,4573.0,4505.8,3739.5,,969500,0.87,,,,,
2026-04-22,2337,いちご,509.0,512.0,492.2,461.2,,965800,0.87,,,,,
2026-04-22,7256,河西工業,345.0,288.4,272.6,255.4,,958700,2.63,,,,,
2026-04-22,2432,ディー・エヌ・エー,2661.0,2718.6,2607.9,2598.6,,950000,0.68,,,,,
2026-04-22,7389,あいちフィナンシャルグループ,1476.0,1584.6,1521.1,1311.5,,935600,1.11,,,,,
2026-04-22,6770,アルプスアルパイン,2299.0,2278.6,2220.1,2168.8,,929100,0.91,,,,,
2026-04-22,7741,ＨＯＹＡ,28675.0,29257.0,28476.0,27797.6,,914500,0.88,,,,,
2026-04-22,8368,百五銀行,1714.0,1821.4,1707.2,1582.8,,912200,0.73,,,,,
2026-04-22,4565,ネクセラファーマ,1008.0,1024.0,990.6,917.9,,886800,1.03,,,,,
2026-04-22,2160,ジーエヌアイグループ,3300.0,3376.0,3201.8,2994.1,,880800,1.0,,,,,
2026-04-22,5711,三菱マテリアル,5419.0,5553.8,5355.1,5151.5,,879300,0.72,,,,,
2026-04-22,9301,三菱倉庫,1371.5,1400.2,1392.5,1372.1,,875700,1.04,,,,,
2026-04-22,4588,オンコリスバイオファーマ,3070.0,2921.0,2511.3,2407.3,,821400,0.79,,,,,
2026-04-22,6278,ユニオンツール,16640.0,16626.0,15416.0,14065.8,,820300,1.99,,,,,
2026-04-22,7762,シチズン時計,1887.0,1859.4,1792.0,1676.0,,805100,0.95,,,,,
2026-04-22,4373,シンプレクス・ホールディングス,960.0,936.2,855.5,851.2,,802600,1.04,,,,,
2026-04-22,3774,インターネットイニシアティブ,2760.5,2713.7,2576.2,2404.1,,798400,1.11,,,,,
2026-04-22,6367,ダイキン工業,21235.0,21702.0,20329.2,19659.7,,795500,0.58,,,,,
2026-04-22,3608,ＴＳＩホールディングス,1438.0,1466.0,1230.7,1137.3,,793200,0.85,,,,,
2026-04-22,6768,タムラ製作所,764.0,742.2,682.8,677.9,,774300,1.12,,,,,
2026-04-22,2585,ライフドリンク　カンパニー,1402.0,1438.2,1426.6,1337.8,,766000,0.49,,,,,
2026-04-22,7337,ひろぎんホールディングス,1803.0,1872.8,1850.0,1841.4,,759200,1.09,,,,,
2026-04-22,6997,日本ケミコン,2450.0,2339.2,1783.1,1653.7,,754500,0.89,,,,,
2026-04-22,8346,東邦銀行,660.0,693.0,689.0,674.2,,753500,0.93,,,,,
2026-04-22,2222,寿スピリッツ,2084.5,2038.3,1943.8,1936.2,,751900,1.3,,,,,
2026-04-22,7004,カナデビア,1182.0,1203.4,1139.7,1072.2,,751700,0.59,,,,,
2026-04-22,6861,キーエンス,63800.0,63368.0,60251.0,59609.2,,746600,1.01,,,,,
2026-04-22,6254,野村マイクロ・サイエンス,3720.0,3780.0,3433.5,3309.6,,732600,0.94,,,,,
2026-04-22,6871,日本マイクロニクス,12170.0,12514.0,11363.5,10907.0,,717600,0.79,,,,,
2026-04-22,5333,日本碍子,4481.0,4515.8,4302.7,4163.6,,714900,0.74,,,,,
2026-04-22,6481,ＴＨＫ,5553.0,5621.8,5246.4,5028.0,,712200,0.76,,,,,
2026-04-22,5741,ＵＡＣＪ,2896.0,2932.8,2758.8,2612.1,,684700,0.82,,,,,
2026-04-22,3660,アイスタイル,469.0,478.2,455.7,451.9,,683400,0.73,,,,,
2026-04-22,6890,フェローテック,7000.0,6794.0,6686.5,6364.2,,681900,1.21,,,,,
2026-04-22,1435,ｒｏｂｏｔ　ｈｏｍｅ,218.0,222.8,206.7,194.3,,680400,0.85,,,,,
2026-04-22,6136,オーエスジー,3049.0,3021.6,2755.6,2709.7,,673800,1.2,,,,,
2026-04-22,7600,日本エム・ディ・エム,583.0,568.4,560.3,555.0,,665000,6.67,,,,,
2026-04-22,4733,オービックビジネスコンサルタント,6750.0,6657.8,6428.7,6340.6,,660200,1.51,,,,,
2026-04-22,5563,新日本電工,429.0,441.2,433.8,423.1,,643900,1.05,,,,,
2026-04-22,6703,沖電気工業,3440.0,3424.0,3017.2,2791.3,,633400,0.79,,,,,
2026-04-22,6101,ツガミ,4315.0,4442.0,3874.8,3686.0,,630800,1.53,,,,,
2026-04-22,8358,スルガ銀行,2225.0,2278.8,2175.0,2058.3,,600400,0.74,,,,,
2026-04-22,7956,ピジョン,1678.5,1687.4,1665.3,1644.6,,582800,0.8,,,,,
2026-04-22,2670,エービーシー・マート,2778.0,2864.5,2717.5,2606.5,,582000,0.63,,,,,
2026-04-22,1329,ｉシェアーズ・コア　日経２２５　ＥＴＦ,6197.0,6158.0,5791.7,5738.2,,566646,0.95,,,,,
2026-04-22,8012,長瀬産業,1185.0,1199.1,1198.7,1149.9,,565200,0.77,,,,,
2026-04-22,8060,キヤノンマーケティングジャパン,3600.0,3613.2,3534.6,3471.4,,564600,1.13,,,,,
2026-04-22,5423,東京製鐵,1805.0,1792.4,1742.7,1634.6,,561600,1.14,,,,,
2026-04-22,2931,ユーグレナ,407.0,408.8,404.3,394.8,,558800,0.56,,,,,
2026-04-22,8550,栃木銀行,932.0,986.4,945.0,938.1,,555300,0.75,,,,,
2026-04-22,8282,ケーズホールディングス,1754.0,1775.4,1764.5,1685.8,,555100,0.76,,,,,
2026-04-22,1407,ウエストホールディングス,2270.0,2279.2,1955.0,1775.7,,549000,0.49,,,,,
2026-04-22,8354,ふくおかフィナンシャルグループ,6150.0,6382.8,6378.5,6325.8,,547900,0.93,,,,,
2026-04-22,6941,山一電機,10350.0,10564.0,9079.0,8443.0,,547400,1.37,,,,,
2026-04-22,5393,ニチアス,3096.0,3072.0,3010.7,2889.3,,545900,0.99,,,,,
2026-04-22,7189,西日本フィナンシャルホールディングス,3903.0,4090.4,4048.2,4040.6,,545000,1.31,,,,,
2026-04-22,6407,ＣＫＤ,5780.0,5676.0,5123.8,4840.7,,543300,0.79,,,,,
2026-04-22,6999,ＫＯＡ,2060.0,2030.8,1725.8,1692.6,,536800,1.12,,,,,
2026-04-22,4091,日本酸素ホールディングス,5686.0,5837.8,5834.0,5653.8,,535300,0.87,,,,,
2026-04-22,5214,日本電気硝子,7879.0,7653.8,6907.3,6588.7,,525400,0.89,,,,,
2026-04-22,4088,エア・ウォーター,2223.5,2261.5,2226.4,2209.0,,524800,0.69,,,,,
2026-04-22,8386,百十四銀行,2298.0,2384.0,2293.2,2257.1,,504800,1.16,,,,,
2026-04-22,5699,イボキン,2445.0,1950.6,1682.0,1580.9,,503300,21.36,,,,,
2026-04-23,8918,ランド,10.0,10.0,9.6,9.5,,249888500,1.19,,,,,
2026-04-23,4564,オンコセラピー・サイエンス,25.0,27.2,25.0,22.3,,173240500,1.07,,,,,
2026-04-23,9984,ソフトバンクグループ,5837.0,5187.8,4191.0,4082.7,,136536800,1.79,,,,,
2026-04-23,9434,ソフトバンク,219.0,221.5,217.6,214.7,,78577500,0.96,,,,,
2026-04-23,4597,ソレイジア・ファーマ,36.0,38.2,35.0,32.4,,61839700,0.76,,,,,
2026-04-23,6740,ジャパンディスプレイ,95.0,106.4,91.9,60.6,,60890200,0.65,,,,,
2026-04-23,5803,フジクラ,5893.0,5811.6,5169.2,4381.5,,57099000,0.97,,,,,
2026-04-23,3936,グローバルウェイ,238.0,203.8,146.0,138.8,,30770600,3.77,,,,,
2026-04-23,5016,ＪＸ金属,4653.0,4808.8,4289.8,3734.6,,30365600,0.74,,,,,
2026-04-23,3103,ユニチカ,2851.0,3112.2,1857.0,1479.1,,22597900,0.89,,,,,
2026-04-23,1306,ＮＥＸＴ　ＦＵＮＤＳ　ＴＯＰＩＸ連動型上場投信,393.6,397.9,392.2,389.9,,21774440,1.52,,,,,
2026-04-23,1579,日経平均ブル２倍上場投信,625.9,625.5,563.7,555.1,,21020750,1.16,,,,,
2026-04-23,8308,りそなホールディングス,1810.0,1899.7,1864.6,1862.1,,18447300,2.19,,,,,
2026-04-23,6613,ＱＤレーザ,1544.0,1509.8,1264.2,988.4,,15724700,1.27,,,,,
2026-04-23,4689,ＬＩＮＥヤフー,418.4,427.1,407.7,397.5,,14215800,0.86,,,,,
2026-04-23,6762,ＴＤＫ,2662.0,2619.3,2267.8,2210.6,,12840800,0.9,,,,,
2026-04-23,3436,ＳＵＭＣＯ,2163.0,2167.0,1980.4,1756.3,,12088600,0.92,,,,,
2026-04-23,6232,ＡＣＳＬ,2261.0,1910.8,1672.5,1451.2,,11468100,5.19,,,,,
2026-04-23,6981,村田製作所,4813.0,4774.4,4151.9,3767.5,,10948000,1.06,,,,,
2026-04-23,7256,河西工業,375.0,308.2,277.4,259.1,,10011200,24.85,,,,,
2026-04-23,1568,ＴＯＰＩＸブル２倍上場投信,844.4,859.9,836.0,835.2,,9529420,3.18,,,,,
2026-04-23,4884,クリングルファーマ,557.0,503.8,471.5,416.2,,9459300,14.65,,,,,
2026-04-23,6752,パナソニック　ホールディングス,2904.5,2957.6,2847.4,2582.9,,9092000,1.11,,,,,
2026-04-23,6098,リクルートホールディングス,7561.0,7703.2,7144.8,6966.3,,8410200,1.64,,,,,
2026-04-23,6503,三菱電機,5881.0,5946.2,5605.6,5516.6,,7685300,1.47,,,,,
2026-04-23,1475,ｉシェアーズ・コア　ＴＯＰＩＸ　ＥＴＦ,384.6,388.4,382.8,381.2,,7367520,1.94,,,,,
2026-04-23,5802,住友電気工業,10205.0,10231.4,9776.0,9356.3,,7066100,0.9,,,,,
2026-04-23,4062,イビデン,11135.0,10341.0,9209.7,8625.8,,6416700,1.05,,,,,
2026-04-23,3444,菊池製作所,1683.0,1403.8,934.2,860.9,,6354100,3.06,,,,,
2026-04-23,6085,アーキテクツ・スタジオ・ジャパン,441.0,401.8,314.6,230.2,,6019600,1.28,,,,,
2026-04-23,4063,信越化学工業,6664.0,6743.8,6570.4,6072.6,,5907500,0.72,,,,,
2026-04-23,4307,野村総合研究所,5075.0,5013.8,4635.1,4431.7,,5256500,1.4,,,,,
2026-04-23,6920,レーザーテック,43400.0,42958.0,39315.5,35314.8,,5153500,1.04,,,,,
2026-04-23,1570,ＮＥＸＴ　ＦＵＮＤＳ　日経平均レバレッジ・インデックス連動型上場投信,57970.0,57930.0,52264.5,51506.8,,4975193,1.43,,,,,
2026-04-23,7220,武蔵精密工業,4555.0,3859.0,3163.8,2858.4,,4917500,3.78,,,,,
2026-04-23,5801,古河電気工業,42530.0,43774.0,39977.2,29159.0,,4730100,0.64,,,,,
2026-04-23,6525,ＫＯＫＵＳＡＩ　ＥＬＥＣＴＲＩＣ,6579.0,6712.2,6122.8,6072.8,,4551500,0.57,,,,,
2026-04-23,4901,富士フイルムホールディングス,2985.5,3099.1,3098.2,3065.5,,4546100,1.12,,,,,
2026-04-23,3664,モブキャストホールディングス,37.0,38.2,34.9,34.0,,4423300,0.44,,,,,
2026-04-23,1615,ＮＥＸＴ　ＦＵＮＤＳ　東証銀行業株価指数連動型上場投信,599.1,617.3,613.0,610.0,,4315880,1.18,,,,,
2026-04-23,6971,京セラ,2697.5,2730.9,2573.4,2564.3,,4169500,0.95,,,,,
2026-04-23,4004,レゾナック・ホールディングス,13750.0,13299.0,12289.1,11167.3,,3961500,1.54,,,,,
2026-04-23,7453,良品計画,3779.0,3822.8,3655.8,3523.0,,3598900,0.66,,,,,
2026-04-23,6976,太陽誘電,6208.0,6193.8,5064.3,4417.3,,3416600,0.94,,,,,
2026-04-23,6532,ベイカレント,5416.0,5694.4,5013.5,4817.2,,3369400,1.19,,,,,
2026-04-23,6356,日本ギア工業,1526.0,1333.2,1296.3,1292.8,,3361100,4.25,,,,,
2026-04-23,4443,Ｓａｎｓａｎ,1296.0,1342.8,1256.7,1224.1,,3242100,1.26,,,,,
2026-04-23,6963,ローム,3621.0,3716.0,3562.8,3114.9,,3220600,1.08,,,,,
2026-04-23,5856,エルアイイーエイチ,27.0,29.2,28.8,25.6,,3106200,0.2,,,,,
2026-04-23,2802,味の素,4590.0,4630.0,4619.7,4419.5,,3034700,1.13,,,,,
2026-04-23,8035,東京エレクトロン,45480.0,45004.0,41851.5,41552.3,,2968500,0.92,,,,,
2026-04-23,2195,アミタホールディングス,570.0,525.8,509.3,401.2,,2885000,2.35,,,,,
2026-04-23,4684,オービック,4264.0,4293.8,4046.7,4029.4,,2766300,1.17,,,,,
2026-04-23,5074,テスホールディングス,727.0,688.0,629.5,561.7,,2762700,1.4,,,,,
2026-04-23,4651,サニックスホールディングス,238.0,249.0,227.9,217.7,,2715900,0.72,,,,,
2026-04-23,4422,ＶＡＬＵＥＮＥＸ,1434.0,1317.6,882.5,557.4,,2677000,1.24,,,,,
2026-04-23,7719,東京衡機,778.0,713.6,580.7,541.6,,2572800,1.63,,,,,
2026-04-23,3110,日東紡績,25550.0,26740.0,24329.5,21844.5,,2561400,0.99,,,,,
2026-04-23,7419,ノジマ,1212.0,1185.4,1133.8,1119.3,,2529900,1.55,,,,,
2026-04-23,9697,カプコン,3478.0,3587.4,3470.1,3423.5,,2431500,0.87,,,,,
2026-04-23,6965,浜松ホトニクス,1913.5,1938.5,1903.5,1890.2,,2384500,1.0,,,,,
2026-04-23,2492,インフォマート,458.0,460.6,458.4,422.1,,2363900,1.71,,,,,
2026-04-23,7936,アシックス,4478.0,4558.0,4429.9,4360.3,,2349100,0.85,,,,,
2026-04-23,3863,日本製紙,1418.0,1453.0,1342.4,1266.5,,2324300,2.03,,,,,
2026-04-23,6029,アトラグループ,225.0,202.4,161.8,156.7,,2270300,4.61,,,,,
2026-04-23,6779,日本電波工業,1856.0,1902.6,1518.0,1304.5,,2208400,1.2,,,,,
2026-04-23,5341,ＡＳＡＨＩ　ＥＩＴＯホールディングス,394.0,362.4,271.5,221.8,,2207700,0.78,,,,,
2026-04-23,3778,さくらインターネット,3595.0,3747.0,3206.0,2962.9,,2133200,0.54,,,,,
2026-04-23,6072,地盤ネットホールディングス,1284.0,1150.4,1003.9,843.4,,2069100,1.21,,,,,
2026-04-23,6952,カシオ計算機,1655.5,1706.7,1620.6,1539.8,,1861100,1.0,,,,,
2026-04-23,5985,サンコール,1625.0,1635.2,1519.5,1430.5,,1811200,0.88,,,,,
2026-04-23,9519,レノバ,988.0,998.2,950.1,802.6,,1792400,0.93,,,,,
2026-04-23,1655,ｉシェアーズ　Ｓ＆Ｐ　５００　米国株　ＥＴＦ,817.5,813.7,777.7,771.0,,1770210,1.19,,,,,
2026-04-23,7951,ヤマハ,1194.0,1208.2,1177.4,1160.7,,1748700,1.02,,,,,
2026-04-23,6323,ローツェ,3522.0,3607.6,3290.0,3219.7,,1735800,0.46,,,,,
2026-04-23,2371,カカクコム,2621.0,2228.1,2151.0,1950.6,,1732900,0.92,,,,,
2026-04-23,4180,Ａｐｐｉｅｒ　Ｇｒｏｕｐ,903.0,937.8,872.5,853.2,,1702000,1.01,,,,,
2026-04-23,6227,ＡＩメカテック,6380.0,7154.0,6484.0,5873.4,,1696400,1.11,,,,,
2026-04-23,9412,スカパーＪＳＡＴホールディングス,3170.0,3288.0,3118.1,2868.3,,1650400,1.26,,,,,
2026-04-23,4565,ネクセラファーマ,955.0,1006.0,994.9,920.1,,1634700,1.86,,,,,
2026-04-23,2501,サッポロホールディングス,1739.5,1822.7,1806.8,1728.0,,1608800,1.35,,,,,
2026-04-23,6235,オプトラン,3935.0,3638.0,3189.9,2818.2,,1605500,2.34,,,,,
2026-04-23,8060,キヤノンマーケティングジャパン,3742.0,3636.2,3548.9,3478.0,,1605200,3.21,,,,,
2026-04-23,6522,アスタリスク,1235.0,1205.2,1136.0,710.2,,1585600,0.72,,,,,
2026-04-23,3099,三越伊勢丹ホールディングス,3047.0,3096.8,3086.7,2956.8,,1579900,1.27,,,,,
2026-04-23,5706,三井金属,36830.0,36892.0,34192.2,30610.5,,1560100,0.84,,,,,
2026-04-23,2644,グローバルＸ　半導体関連－日本株式　ＥＴＦ,3635.0,3618.2,3344.2,3265.4,,1531242,1.08,,,,,
2026-04-23,6383,ダイフク,6342.0,6386.6,6136.8,5965.2,,1527300,0.94,,,,,
2026-04-23,6890,フェローテック,7200.0,6882.0,6723.5,6373.2,,1490700,2.59,,,,,
2026-04-23,4385,メルカリ,4059.0,4021.8,3861.1,3581.6,,1485000,0.86,,,,,
2026-04-23,6724,セイコーエプソン,2081.0,2119.3,2055.9,2040.8,,1483600,1.02,,,,,
2026-04-23,2585,ライフドリンク　カンパニー,1481.0,1448.8,1447.9,1331.8,,1470400,1.1,,,,,
2026-04-23,3626,ＴＩＳ,3600.0,3653.0,3504.5,3487.3,,1464600,0.78,,,,,
2026-04-23,4186,東京応化工業,8893.0,9095.6,8548.9,8382.1,,1462300,1.35,,,,,
2026-04-23,6113,アマダ,2505.5,2478.3,2368.8,2343.2,,1437000,0.94,,,,,
2026-04-23,6645,オムロン,5133.0,5100.4,4721.2,4681.9,,1434700,1.12,,,,,
2026-04-23,3994,マネーフォワード,4897.0,5285.6,4193.4,3642.0,,1393700,0.96,,,,,
2026-04-23,5333,日本碍子,4379.0,4479.4,4313.9,4174.8,,1318400,1.48,,,,,
2026-04-23,6674,ジーエス・ユアサ　コーポレーション,6323.0,6558.4,6148.6,5190.0,,1317700,1.3,,,,,
2026-04-23,7375,リファインバースグループ,2130.0,2112.8,1718.4,1204.8,,1285800,0.44,,,,,
2026-04-23,6770,アルプスアルパイン,2283.0,2283.5,2222.3,2174.2,,1280600,1.34,,,,,
2026-04-23,3774,インターネットイニシアティブ,2796.0,2739.7,2594.7,2407.7,,1261400,1.81,,,,,
2026-04-23,2432,ディー・エヌ・エー,2625.5,2694.5,2614.3,2600.0,,1233500,0.96,,,,,
2026-04-23,2516,東証グロース２５０ＥＴＦ,612.0,628.6,599.4,586.9,,1225260,2.83,,,,,
2026-04-23,4768,大塚商会,3050.0,3076.8,3043.7,3035.1,,1215300,0.85,,,,,
2026-04-23,7004,カナデビア,1198.0,1200.8,1148.5,1075.3,,1214000,1.0,,,,,
2026-04-23,7762,シチズン時計,1844.0,1860.8,1794.9,1684.0,,1208500,1.48,,,,,
2026-04-23,4182,三菱瓦斯化学,4264.0,4265.8,4049.8,3998.6,,1199800,1.04,,,,,
2026-04-23,6997,日本ケミコン,2243.0,2334.8,1821.8,1666.2,,1177100,1.36,,,,,
2026-04-23,9147,ＮＩＰＰＯＮ　ＥＸＰＲＥＳＳホールディングス,3756.0,3813.2,3762.7,3695.7,,1172800,1.16,,,,,
2026-04-23,9983,ファーストリテイリング,69290.0,72690.0,68961.0,66017.0,,1167700,0.83,,,,,
2026-04-23,2160,ジーエヌアイグループ,3130.0,3326.0,3206.3,3001.6,,1160700,1.31,,,,,
2026-04-23,3853,アステリア,1617.0,1641.8,1535.1,1367.2,,1155400,1.15,,,,,
2026-04-23,6754,アンリツ,3572.0,3550.6,3229.3,2860.8,,1155400,0.86,,,,,
2026-04-23,4169,ＥＮＥＣＨＡＮＧＥ,312.0,306.8,301.1,276.0,,1155200,1.13,,,,,
2026-04-23,6845,アズビル,1408.0,1456.2,1439.5,1396.8,,1149700,1.11,,,,,
2026-04-23,5597,ブルーイノベーション,1955.0,1842.6,1707.5,1615.4,,1134400,5.69,,,,,
2026-04-23,6768,タムラ製作所,758.0,746.6,688.1,680.5,,1121400,1.6,,,,,
2026-04-23,2337,いちご,513.0,514.6,494.2,463.0,,1104200,0.99,,,,,
2026-04-23,4588,オンコリスバイオファーマ,2920.0,2964.0,2543.2,2428.6,,1100200,1.12,,,,,
2026-04-23,8368,百五銀行,1693.0,1784.2,1714.8,1587.6,,1051800,0.89,,,,,
2026-04-23,1407,ウエストホールディングス,2356.0,2286.4,1987.0,1788.2,,1043700,0.91,,,,,
2026-04-23,5741,ＵＡＣＪ,2796.0,2888.0,2786.1,2618.0,,1039100,1.35,,,,,
2026-04-23,5334,日本特殊陶業,8406.0,8502.8,7979.9,7553.5,,1037100,1.05,,,,,
2026-04-23,6136,オーエスジー,3086.0,3039.2,2782.1,2718.4,,1032600,1.76,,,,,
2026-04-23,6703,沖電気工業,3435.0,3431.0,3056.2,2814.3,,1014500,1.32,,,,,
2026-04-23,1329,ｉシェアーズ・コア　日経２２５　ＥＴＦ,6157.0,6147.4,5822.7,5749.0,,995551,1.74,,,,,
2026-04-23,7380,十六フィナンシャルグループ,2005.0,2034.6,1977.5,1882.1,,989800,1.78,,,,,
2026-04-23,7956,ピジョン,1698.0,1691.7,1669.4,1646.1,,980500,1.46,,,,,
2026-04-23,7180,九州フィナンシャルグループ,1236.0,1276.0,1263.4,1243.6,,979300,0.84,,,,,
2026-04-23,6324,ハーモニック・ドライブ・システムズ,4270.0,4418.0,4067.5,4007.8,,979000,0.69,,,,,
2026-04-23,6217,津田駒工業,2333.0,1528.2,764.8,613.7,,967700,0.84,,,,,
2026-04-23,3660,アイスタイル,470.0,475.0,458.0,452.1,,963700,1.12,,,,,
2026-04-23,5711,三菱マテリアル,5292.0,5457.4,5362.5,5166.0,,935400,0.91,,,,,
2026-04-23,2334,イオレ,423.0,428.2,404.3,402.8,,928700,0.75,,,,,
2026-04-23,3105,日清紡ホールディングス,1882.5,1913.9,1669.7,1623.4,,916700,0.71,,,,,
2026-04-23,7741,ＨＯＹＡ,28495.0,28956.0,28496.2,27858.7,,899100,0.89,,,,,
2026-04-23,7177,ＧＭＯフィナンシャルホールディングス,1039.0,1010.4,950.3,922.2,,886800,2.41,,,,,
2026-04-23,7794,イーディーピー,1429.0,1460.6,1285.0,1266.7,,884300,0.85,,,,,
2026-04-23,9041,近鉄グループホールディングス,3343.0,3372.2,3337.9,3278.6,,864800,1.18,,,,,
2026-04-23,6367,ダイキン工業,21090.0,21502.0,20358.2,19689.1,,859300,0.64,,,,,
2026-04-23,6871,日本マイクロニクス,12030.0,12338.0,11457.0,10961.8,,830300,0.97,,,,,
2026-04-23,7389,あいちフィナンシャルグループ,1478.0,1545.4,1526.6,1317.9,,825000,0.97,,,,,
2026-04-23,4324,電通グループ,3044.0,3095.6,2932.5,2880.7,,820600,0.34,,,,,
2026-04-23,6838,多摩川ホールディングス,1791.0,1732.4,1411.1,1120.0,,813500,1.12,,,,,
2026-04-23,5244,ｊｉｇ．ｊｐ,266.0,255.6,232.9,231.2,,807200,1.42,,,,,
2026-04-23,6264,マルマエ,1813.0,1768.0,1673.4,1653.8,,801100,0.77,,,,,
2026-04-23,6653,正興電機製作所,2554.0,2717.0,2458.7,2413.3,,763200,4.2,,,,,
2026-04-23,6861,キーエンス,63470.0,63456.0,60538.0,59693.8,,759800,1.04,,,,,
2026-04-23,7868,広済堂ホールディングス,503.0,505.0,502.3,492.5,,748600,1.34,,,,,
2026-04-23,6999,ＫＯＡ,2026.0,2030.0,1748.3,1702.5,,729600,1.5,,,,,
2026-04-23,6666,リバーエレテック,1069.0,1028.8,839.1,678.8,,729100,1.35,,,,,
2026-04-23,5214,日本電気硝子,8007.0,7770.0,6985.6,6613.3,,719200,1.25,,,,,
2026-04-23,7337,ひろぎんホールディングス,1806.0,1850.4,1849.6,1843.4,,713600,1.05,,,,,
2026-04-23,8056,ＢＩＰＲＯＧＹ,4708.0,4874.2,4731.9,4723.2,,709000,1.32,,,,,
2026-04-23,5563,新日本電工,425.0,436.4,434.1,423.7,,696900,1.2,,,,,
2026-04-23,1435,ｒｏｂｏｔ　ｈｏｍｅ,208.0,219.4,207.8,195.0,,690200,0.86,,,,,
2026-04-23,8628,松井証券,954.0,970.0,968.1,950.3,,689600,0.99,,,,,
2026-04-23,2931,ユーグレナ,404.0,407.2,406.1,394.7,,686800,0.76,,,,,
2026-04-23,6254,野村マイクロ・サイエンス,3720.0,3770.0,3460.2,3314.1,,686500,0.89,,,,,
2026-04-23,6777,ｓａｎｔｅｃ　Ｈｏｌｄｉｎｇｓ,30950.0,29196.0,22696.0,20001.8,,676100,2.25,,,,,
2026-04-23,2670,エービーシー・マート,2785.0,2840.6,2730.7,2611.9,,671300,0.74,,,,,
2026-04-23,8358,スルガ銀行,2180.0,2250.8,2180.9,2062.8,,663900,0.87,,,,,
2026-04-23,4373,シンプレクス・ホールディングス,932.0,942.8,861.6,850.8,,656600,0.81,,,,,
2026-04-23,1951,エクシオグループ,2852.0,2824.8,2783.8,2763.9,,646300,1.35,,,,,
2026-04-23,6481,ＴＨＫ,5446.0,5593.6,5279.1,5047.6,,644700,0.74,,,,,
2026-04-23,1305,ｉＦｒｅｅＥＴＦ　ＴＯＰＩＸ（年１回決算型）,3978.0,4021.4,3960.1,3938.9,,642430,3.98,,,,,
2026-04-23,5727,東邦チタニウム,3265.0,3356.0,2996.5,2531.4,,642400,0.67,,,,,
2026-04-23,4021,日産化学,6676.0,6599.6,6353.6,6290.1,,634600,1.22,,,,,
2026-04-23,4733,オービックビジネスコンサルタント,6270.0,6590.8,6432.1,6316.4,,618900,1.28,,,,,
2026-04-23,4368,扶桑化学工業,2843.0,2986.8,2949.9,2910.9,,604700,1.44,,,,,
2026-04-23,6941,山一電機,10240.0,10466.0,9155.5,8514.7,,603500,1.48,,,,,
2026-04-23,3608,ＴＳＩホールディングス,1406.0,1452.4,1247.5,1143.1,,601800,0.61,,,,,
2026-04-23,4275,カーリット,2882.0,2651.2,2627.4,2624.2,,601100,2.91,,,,,
2026-04-23,4088,エア・ウォーター,2207.0,2241.0,2229.3,2206.7,,592400,0.81,,,,,
2026-04-23,1321,ＮＥＸＴ　ＦＵＮＤＳ　日経２２５連動型上場投信,61870.0,61830.0,58545.5,57732.3,,591905,1.71,,,,,
2026-04-23,8550,栃木銀行,918.0,963.4,945.6,938.9,,581200,0.82,,,,,
2026-04-23,5423,東京製鐵,1736.0,1783.2,1747.4,1637.8,,576200,1.14,,,,,
2026-04-23,6521,オキサイド,4600.0,4606.0,4513.2,3787.2,,567900,0.49,,,,,
2026-04-23,8381,山陰合同銀行,1833.0,1915.0,1904.5,1748.7,,563300,1.08,,,,,
2026-04-23,4425,Ｋｕｄａｎ,2587.0,2680.2,2356.3,2090.9,,562300,1.58,,,,,
2026-04-23,1365,ｉＦｒｅｅＥＴＦ　日経平均レバレッジ・インデックス,3568.0,3563.8,3211.4,3162.7,,555299,1.46,,,,,
2026-04-23,3186,ネクステージ,3420.0,3596.0,3451.5,3393.9,,545000,1.18,,,,,
2026-04-23,6925,ウシオ電機,3142.0,3171.8,3126.5,2999.8,,544700,1.88,,,,,
2026-04-23,8876,リログループ,1965.0,1976.6,1963.8,1899.1,,542300,1.61,,,,,
2026-04-23,8282,ケーズホールディングス,1747.5,1772.6,1767.6,1687.7,,533800,0.74,,,,,
2026-04-23,4293,セプテーニ・ホールディングス,441.0,437.2,426.1,417.8,,526300,1.24,,,,,
2026-04-23,6962,大真空,746.0,746.0,659.3,641.1,,514300,1.06,,,,,
2026-04-23,9766,コナミグループ,20180.0,20651.0,19916.0,19861.1,,511400,0.98,,,,,
2026-04-24,8918,ランド,10.0,10.2,9.6,9.5,,249506800,1.16,,,,,
2026-04-24,4564,オンコセラピー・サイエンス,24.0,26.6,25.1,22.4,,179861900,1.11,,,,,
2026-04-24,9984,ソフトバンクグループ,5963.0,5475.0,4291.8,4114.6,,87686800,1.03,,,,,
2026-04-24,9434,ソフトバンク,220.2,220.7,217.7,214.9,,62248900,0.75,,,,,
2026-04-24,4597,ソレイジア・ファーマ,35.0,37.6,35.0,32.5,,55487200,0.7,,,,,
2026-04-24,6740,ジャパンディスプレイ,101.0,104.6,93.1,61.9,,54684500,0.59,,,,,
2026-04-24,5803,フジクラ,6037.0,5866.6,5240.8,4431.1,,40846300,0.71,,,,,
2026-04-24,5016,ＪＸ金属,4625.0,4754.0,4337.2,3769.0,,19917400,0.5,,,,,
2026-04-24,6232,ＡＣＳＬ,2538.0,2077.6,1722.5,1475.2,,18732200,5.75,,,,,
2026-04-24,7256,河西工業,455.0,344.4,286.6,264.1,,18512500,13.41,,,,,
2026-04-24,3103,ユニチカ,2565.0,3008.2,1925.8,1513.8,,15986000,0.59,,,,,
2026-04-24,1579,日経平均ブル２倍上場投信,637.6,629.7,570.2,557.1,,14816470,0.83,,,,,
2026-04-24,3936,グローバルウェイ,209.0,215.8,150.0,139.9,,14291100,1.27,,,,,
2026-04-24,6762,ＴＤＫ,2689.5,2634.0,2296.7,2223.2,,13275300,0.92,,,,,
2026-04-24,2371,カカクコム,2750.0,2349.2,2188.2,1960.0,,12200100,6.48,,,,,
2026-04-24,6085,アーキテクツ・スタジオ・ジャパン,516.0,432.6,325.6,238.1,,11925200,2.3,,,,,
2026-04-24,4062,イビデン,12540.0,11002.0,9423.2,8701.4,,11078600,1.83,,,,,
2026-04-24,4689,ＬＩＮＥヤフー,415.9,424.7,409.2,397.8,,10173400,0.62,,,,,
2026-04-24,1306,ＮＥＸＴ　ＦＵＮＤＳ　ＴＯＰＩＸ連動型上場投信,393.7,396.9,392.8,390.2,,9457590,0.62,,,,,
2026-04-24,6981,村田製作所,4936.0,4841.6,4211.4,3796.0,,8895700,0.84,,,,,
2026-04-24,3436,ＳＵＭＣＯ,2242.0,2196.4,2000.0,1767.5,,8450400,0.63,,,,,
2026-04-24,6752,パナソニック　ホールディングス,2879.0,2954.0,2858.0,2594.4,,8440700,1.06,,,,,
2026-04-24,4307,野村総合研究所,5092.0,5055.0,4676.9,4419.3,,7613500,1.93,,,,,
2026-04-24,8308,りそなホールディングス,1820.5,1870.6,1864.5,1862.6,,7046400,0.74,,,,,
2026-04-24,6356,日本ギア工業,1666.0,1399.8,1306.8,1305.1,,6561000,6.28,,,,,
2026-04-24,3444,菊池製作所,1500.0,1474.0,972.6,869.1,,5598500,2.07,,,,,
2026-04-24,6098,リクルートホールディングス,7308.0,7660.0,7184.2,6946.3,,5591600,1.04,,,,,
2026-04-24,6613,ＱＤレーザ,1465.0,1545.8,1278.9,1006.0,,5229600,0.38,,,,,
2026-04-24,6963,ローム,3765.0,3726.4,3589.2,3132.1,,5112300,1.72,,,,,
2026-04-24,4063,信越化学工業,6768.0,6716.0,6601.8,6094.1,,5016200,0.64,,,,,
2026-04-24,6920,レーザーテック,45060.0,43980.0,39820.0,35450.8,,4801300,0.95,,,,,
2026-04-24,5802,住友電気工業,10015.0,10239.2,9802.8,9411.9,,4655100,0.6,,,,,
2026-04-24,6976,太陽誘電,6508.0,6254.8,5183.4,4469.6,,4296200,1.14,,,,,
2026-04-24,6503,三菱電機,5999.0,5986.2,5638.8,5535.1,,4219000,0.77,,,,,
2026-04-24,2802,味の素,4758.0,4666.8,4631.1,4441.0,,4191800,1.56,,,,,
2026-04-24,3664,モブキャストホールディングス,36.0,37.4,35.1,34.0,,4064100,0.42,,,,,
2026-04-24,4422,ＶＡＬＵＥＮＥＸ,1248.0,1287.8,920.6,571.7,,4025000,1.71,,,,,
2026-04-24,4004,レゾナック・ホールディングス,13770.0,13561.0,12439.9,11253.9,,3952800,1.49,,,,,
2026-04-24,6971,京セラ,2710.0,2735.3,2587.2,2570.7,,3778500,0.88,,,,,
2026-04-24,5074,テスホールディングス,712.0,698.6,636.1,567.2,,3619200,1.71,,,,,
2026-04-24,7951,ヤマハ,1117.5,1189.9,1176.3,1160.7,,3547500,2.13,,,,,
2026-04-24,6525,ＫＯＫＵＳＡＩ　ＥＬＥＣＴＲＩＣ,6646.0,6698.0,6186.4,6070.9,,3430900,0.46,,,,,
2026-04-24,1570,ＮＥＸＴ　ＦＵＮＤＳ　日経平均レバレッジ・インデックス連動型上場投信,59020.0,58320.0,52855.5,51689.7,,3329257,0.92,,,,,
2026-04-24,1475,ｉシェアーズ・コア　ＴＯＰＩＸ　ＥＴＦ,384.8,387.4,383.4,381.5,,3210860,0.79,,,,,
2026-04-24,6724,セイコーエプソン,2026.0,2092.7,2057.2,2041.1,,3180300,2.21,,,,,
2026-04-24,4884,クリングルファーマ,498.0,506.2,476.6,418.1,,3033100,2.02,,,,,
2026-04-24,8002,丸紅,5936.0,5931.8,5931.4,5713.9,,2982300,0.79,,,,,
2026-04-24,5801,古河電気工業,42950.0,43372.0,40580.2,29659.8,,2946900,0.45,,,,,
2026-04-24,3923,ラクス,839.3,872.8,812.5,807.9,,2889400,0.84,,,,,
2026-04-24,1568,ＴＯＰＩＸブル２倍上場投信,841.2,855.4,838.2,836.3,,2835730,0.79,,,,,
2026-04-24,6522,アスタリスク,1199.0,1231.4,1120.9,723.4,,2718900,1.21,,,,,
2026-04-24,9519,レノバ,1059.0,1001.8,963.0,808.8,,2671100,1.4,,,,,
2026-04-24,7453,良品計画,3702.0,3774.8,3668.8,3533.6,,2611300,0.49,,,,,
2026-04-24,7220,武蔵精密工業,4800.0,4193.0,3256.2,2893.0,,2555300,1.5,,,,,
2026-04-24,3110,日東紡績,27380.0,26714.0,24623.5,22043.5,,2471700,0.96,,,,,
2026-04-24,4169,ＥＮＥＣＨＡＮＧＥ,333.0,312.6,303.9,276.9,,2378900,2.31,,,,,
2026-04-24,4684,オービック,4175.0,4286.0,4059.6,4021.9,,2349100,0.95,,,,,
2026-04-24,6072,地盤ネットホールディングス,1206.0,1181.6,1006.2,860.2,,2326500,1.27,,,,,
2026-04-24,6952,カシオ計算機,1640.5,1685.3,1629.5,1545.5,,2325400,1.21,,,,,
2026-04-24,8035,東京エレクトロン,45850.0,45372.0,42179.5,41614.3,,2312400,0.71,,,,,
2026-04-24,6217,津田駒工業,1973.0,1737.8,840.0,637.9,,2208700,1.78,,,,,
2026-04-24,4768,大塚商会,2971.0,3061.4,3041.6,3032.2,,2203500,1.58,,,,,
2026-04-24,4061,デンカ,4084.0,3753.8,3742.1,3424.3,,2181800,3.04,,,,,
2026-04-24,5423,東京製鐵,1703.0,1770.2,1749.8,1640.9,,1953600,3.85,,,,,
2026-04-24,2644,グローバルＸ　半導体関連－日本株式　ＥＴＦ,3700.0,3647.4,3373.9,3274.3,,1932155,1.32,,,,,
2026-04-24,9697,カプコン,3422.0,3538.0,3470.8,3421.2,,1916100,0.68,,,,,
2026-04-24,7419,ノジマ,1256.0,1213.2,1141.4,1119.8,,1878600,1.03,,,,,
2026-04-24,4443,Ｓａｎｓａｎ,1267.0,1329.0,1263.0,1218.4,,1868000,0.69,,,,,
2026-04-24,2432,ディー・エヌ・エー,2570.5,2660.0,2615.5,2600.3,,1792300,1.4,,,,,
2026-04-24,7936,アシックス,4414.0,4521.8,4435.3,4369.6,,1768300,0.67,,,,,
2026-04-24,6965,浜松ホトニクス,1921.5,1935.4,1902.5,1893.4,,1762100,0.74,,,,,
2026-04-24,5985,サンコール,1600.0,1626.2,1523.8,1441.4,,1613200,0.76,,,,,
2026-04-24,6532,ベイカレント,5362.0,5643.2,5053.7,4802.9,,1610300,0.52,,,,,
2026-04-24,8358,スルガ銀行,2253.0,2243.4,2190.2,2068.0,,1609600,2.12,,,,,
2026-04-24,4651,サニックスホールディングス,231.0,248.0,229.1,217.9,,1577000,0.39,,,,,
2026-04-24,5706,三井金属,38660.0,37324.0,34561.8,30889.8,,1570700,0.86,,,,,
2026-04-24,4819,デジタルガレージ,2685.0,2460.0,2220.6,2154.7,,1567200,5.53,,,,,
2026-04-24,6779,日本電波工業,1815.0,1936.8,1544.3,1318.0,,1560700,0.79,,,,,
2026-04-24,6768,タムラ製作所,784.0,758.2,695.0,683.1,,1549900,2.02,,,,,
2026-04-24,5341,ＡＳＡＨＩ　ＥＩＴＯホールディングス,367.0,373.4,281.3,224.4,,1480500,0.52,,,,,
2026-04-24,6770,アルプスアルパイン,2240.0,2277.9,2222.9,2178.8,,1465400,1.45,,,,,
2026-04-24,9412,スカパーＪＳＡＴホールディングス,3285.0,3271.0,3129.9,2887.3,,1442800,1.04,,,,,
2026-04-24,1407,ウエストホールディングス,2548.0,2348.2,2028.6,1803.4,,1391900,1.15,,,,,
2026-04-24,4182,三菱瓦斯化学,4417.0,4313.0,4076.3,4020.5,,1335900,1.14,,,,,
2026-04-24,6323,ローツェ,3638.0,3610.0,3337.9,3220.2,,1308900,0.35,,,,,
2026-04-24,9983,ファーストリテイリング,70090.0,71898.0,69376.5,66199.0,,1286200,0.94,,,,,
2026-04-24,3778,さくらインターネット,3645.0,3726.0,3257.2,2978.0,,1276900,0.33,,,,,
2026-04-24,6754,アンリツ,3594.0,3585.8,3268.4,2881.9,,1272900,0.93,,,,,
2026-04-24,4180,Ａｐｐｉｅｒ　Ｇｒｏｕｐ,906.0,925.8,879.1,850.5,,1262800,0.73,,,,,
2026-04-24,6113,アマダ,2529.0,2498.3,2381.4,2352.7,,1258900,0.82,,,,,
2026-04-24,4324,電通グループ,3004.0,3071.0,2946.6,2879.9,,1246200,0.53,,,,,
2026-04-24,4385,メルカリ,3995.0,4041.8,3872.7,3592.9,,1231700,0.73,,,,,
2026-04-24,6498,キッツ,2065.0,2076.2,2029.3,2028.9,,1230700,2.22,,,,,
2026-04-24,2334,イオレ,415.0,424.8,405.6,401.9,,1176000,0.9,,,,,
2026-04-24,6264,マルマエ,1985.0,1805.0,1695.6,1663.5,,1163800,1.1,,,,,
2026-04-24,4186,東京応化工業,9069.0,9102.8,8603.1,8419.6,,1156400,1.05,,,,,
2026-04-24,3626,ＴＩＳ,3603.0,3636.6,3515.4,3469.0,,1149900,0.62,,,,,
2026-04-24,3105,日清紡ホールディングス,1914.5,1932.8,1689.2,1631.9,,1148900,0.87,,,,,
2026-04-24,6383,ダイフク,6401.0,6392.8,6169.1,5981.5,,1118400,0.71,,,,,
2026-04-24,7004,カナデビア,1202.0,1200.8,1156.8,1078.4,,1117400,0.94,,,,,
2026-04-24,6674,ジーエス・ユアサ　コーポレーション,6250.0,6459.4,6190.6,5233.0,,1113900,1.03,,,,,
2026-04-24,6645,オムロン,5093.0,5119.6,4752.4,4701.4,,1084100,0.82,,,,,
2026-04-24,3994,マネーフォワード,4921.0,5269.8,4260.3,3653.6,,1028300,0.68,,,,,
2026-04-24,7719,東京衡機,730.0,724.4,590.7,548.4,,1026400,0.57,,,,,
2026-04-24,6890,フェローテック,7480.0,7038.0,6772.5,6384.7,,1001900,1.49,,,,,
2026-04-24,1699,ＮＥＸＴ　ＦＵＮＤＳ　ＮＯＭＵＲＡ　原油インデックス連動型上場投信,621.4,595.0,593.2,524.0,,1001820,0.57,,,,,
2026-04-24,3863,日本製紙,1432.0,1453.2,1350.3,1270.8,,979200,0.74,,,,,
2026-04-24,9147,ＮＩＰＰＯＮ　ＥＸＰＲＥＳＳホールディングス,3795.0,3802.8,3772.8,3701.6,,978900,0.92,,,,,
2026-04-24,6997,日本ケミコン,2295.0,2345.2,1863.8,1679.8,,971400,1.03,,,,,
2026-04-24,7956,ピジョン,1693.5,1691.8,1672.4,1647.1,,971100,1.4,,,,,
2026-04-24,4588,オンコリスバイオファーマ,2978.0,2987.6,2575.2,2451.3,,948700,0.99,,,,,
2026-04-24,6227,ＡＩメカテック,6590.0,6848.0,6514.5,5933.6,,920000,0.57,,,,,
2026-04-24,1655,ｉシェアーズ　Ｓ＆Ｐ　５００　米国株　ＥＴＦ,819.2,815.6,781.2,771.6,,889840,0.6,,,,,
2026-04-24,5333,日本碍子,4428.0,4470.4,4328.1,4185.5,,885800,0.97,,,,,
2026-04-24,6367,ダイキン工業,21565.0,21552.0,20464.8,19731.5,,825400,0.61,,,,,
2026-04-24,2160,ジーエヌアイグループ,3130.0,3278.0,3200.3,3010.5,,801200,0.88,,,,,
2026-04-24,6996,ニチコン,2323.0,2192.0,1999.5,1943.1,,785300,2.54,,,,,
2026-04-24,6235,オプトラン,3925.0,3710.0,3246.2,2849.0,,775500,0.96,,,,,
2026-04-24,7741,ＨＯＹＡ,28590.0,28875.0,28561.8,27916.4,,772600,0.78,,,,,
2026-04-24,6999,ＫＯＡ,2011.0,2033.6,1771.2,1711.6,,759700,1.44,,,,,
2026-04-24,6861,キーエンス,63180.0,63530.0,60830.5,59765.3,,735200,1.02,,,,,
2026-04-24,7762,シチズン時計,1815.0,1852.8,1796.8,1691.7,,725700,0.84,,,,,
2026-04-24,7794,イーディーピー,1413.0,1486.4,1289.9,1280.9,,715700,0.65,,,,,
2026-04-24,2243,グローバルＸ　半導体　ＥＴＦ,3900.0,3720.8,3285.2,3068.1,,714134,3.42,,,,,
2026-04-24,6268,ナブテスコ,4688.0,4728.2,4493.0,4488.9,,697900,0.9,,,,,
2026-04-24,3853,アステリア,1579.0,1622.0,1535.4,1368.7,,690000,0.66,,,,,
2026-04-24,5597,ブルーイノベーション,1916.0,1887.6,1717.3,1620.2,,683100,2.2,,,,,
2026-04-24,6703,沖電気工業,3385.0,3444.0,3091.5,2836.5,,674100,0.82,,,,,
2026-04-24,6324,ハーモニック・ドライブ・システムズ,4195.0,4371.0,4074.0,4017.7,,667900,0.47,,,,,
2026-04-24,9041,近鉄グループホールディングス,3372.0,3370.0,3342.1,3281.4,,666700,0.88,,,,,
2026-04-24,3660,アイスタイル,464.0,472.2,459.6,452.3,,656400,0.75,,,,,
2026-04-24,6871,日本マイクロニクス,12540.0,12372.0,11586.0,11019.0,,655900,0.79,,,,,
2026-04-24,5711,三菱マテリアル,5261.0,5404.0,5369.1,5179.2,,642800,0.64,,,,,
2026-04-24,8060,キヤノンマーケティングジャパン,3673.0,3642.8,3559.3,3482.8,,642200,1.06,,,,,
2026-04-24,5741,ＵＡＣＪ,2860.0,2882.4,2816.6,2624.9,,642200,0.83,,,,,
2026-04-24,6136,オーエスジー,3147.0,3073.6,2812.4,2727.8,,632900,0.98,,,,,
2026-04-24,7600,日本エム・ディ・エム,582.0,574.0,560.1,557.9,,616600,3.44,,,,,
2026-04-24,4368,扶桑化学工業,3050.0,2985.8,2956.9,2919.9,,609600,1.4,,,,,
2026-04-24,3774,インターネットイニシアティブ,2778.0,2748.7,2611.3,2411.0,,603300,0.81,,,,,
2026-04-24,1951,エクシオグループ,2868.5,2836.7,2790.0,2767.5,,596200,1.19,,,,,
2026-04-24,8368,百五銀行,1692.0,1745.2,1720.7,1592.0,,594400,0.53,,,,,
2026-04-24,5214,日本電気硝子,7991.0,7868.4,7074.3,6634.8,,593700,1.04,,,,,
2026-04-24,6255,エヌ・ピー・シー,801.0,820.6,788.8,773.1,,561700,1.38,,,,,
2026-04-24,1305,ｉＦｒｅｅＥＴＦ　ＴＯＰＩＸ（年１回決算型）,3980.0,4011.4,3965.8,3942.3,,558760,2.58,,,,,
2026-04-24,6481,ＴＨＫ,5449.0,5561.0,5311.4,5065.6,,541600,0.63,,,,,
2026-04-24,2337,いちご,515.0,514.8,496.2,464.8,,530100,0.47,,,,,
2026-04-24,4021,日産化学,6660.0,6636.8,6377.6,6312.2,,529300,1.0,,,,,
2026-04-24,4088,エア・ウォーター,2236.0,2235.5,2232.4,2204.6,,523000,0.71,,,,,
2026-04-24,4971,メック,9230.0,8646.0,7747.5,7021.0,,513400,2.06,,,,,
2026-04-24,2195,アミタホールディングス,547.0,537.2,515.4,404.2,,512400,0.42,,,,,
2026-04-24,5334,日本特殊陶業,8360.0,8495.0,8011.2,7575.8,,506400,0.5,,,,,
2026-04-24,9766,コナミグループ,19900.0,20447.0,19929.5,19844.2,,500300,0.95,,,,,
2026-04-27,8918,ランド,11.0,10.4,9.7,9.5,,256160300,1.16,,,,,
2026-04-27,9984,ソフトバンクグループ,5844.0,5689.0,4399.4,4142.0,,99651700,1.12,,,,,
2026-04-27,6740,ジャパンディスプレイ,91.0,98.8,93.6,63.1,,57519300,0.65,,,,,
2026-04-27,9434,ソフトバンク,218.0,219.7,218.0,215.0,,56871300,0.73,,,,,
2026-04-27,5803,フジクラ,6347.0,6030.2,5332.9,4481.2,,52739100,1.0,,,,,
2026-04-27,4597,ソレイジア・ファーマ,33.0,36.0,35.0,32.6,,42840000,0.56,,,,,
2026-04-27,1306,ＮＥＸＴ　ＦＵＮＤＳ　ＴＯＰＩＸ連動型上場投信,395.9,395.9,393.7,390.7,,35268650,2.39,,,,,
2026-04-27,5016,ＪＸ金属,4860.0,4762.6,4401.0,3806.7,,30572400,0.83,,,,,
2026-04-27,6723,ルネサスエレクトロニクス,3124.0,3147.4,2685.1,2682.8,,27511900,1.61,,,,,
2026-04-27,1579,日経平均ブル２倍上場投信,656.3,637.1,578.6,559.4,,19523790,1.14,,,,,
2026-04-27,6857,アドバンテスト,31500.0,28788.0,25582.5,25310.3,,18594000,1.84,,,,,
2026-04-27,3103,ユニチカ,2482.0,2755.6,1989.2,1545.8,,14220200,0.54,,,,,
2026-04-27,6762,ＴＤＫ,2718.0,2669.2,2332.6,2236.2,,14080800,0.98,,,,,
2026-04-27,6085,アーキテクツ・スタジオ・ジャパン,540.0,461.4,336.8,246.4,,14044400,2.27,,,,,
2026-04-27,6963,ローム,3419.0,3648.0,3603.8,3143.2,,13890300,4.35,,,,,
2026-04-27,6752,パナソニック　ホールディングス,3103.0,2978.1,2883.2,2610.6,,13460700,1.71,,,,,
2026-04-27,3936,グローバルウェイ,193.0,214.6,153.4,140.8,,12909000,1.02,,,,,
2026-04-27,3436,ＳＵＭＣＯ,2379.5,2250.3,2029.8,1782.0,,12283700,0.93,,,,,
2026-04-27,4689,ＬＩＮＥヤフー,410.1,420.9,410.9,398.0,,11824900,0.73,,,,,
2026-04-27,4307,野村総合研究所,4409.0,4943.8,4684.8,4396.4,,9837700,2.25,,,,,
2026-04-27,6613,ＱＤレーザ,1533.0,1535.4,1290.8,1024.7,,9398000,0.7,,,,,
2026-04-27,4062,イビデン,12670.0,11621.0,9668.0,8775.1,,9124800,1.4,,,,,
2026-04-27,1568,ＴＯＰＩＸブル２倍上場投信,850.2,851.5,842.3,837.7,,8387990,2.32,,,,,
2026-04-27,4063,信越化学工業,6949.0,6751.2,6638.4,6128.8,,8365900,1.09,,,,,
2026-04-27,7256,河西工業,381.0,364.2,292.5,267.8,,8126000,2.53,,,,,
2026-04-27,6981,村田製作所,4916.0,4877.2,4280.6,3824.8,,8040200,0.77,,,,,
2026-04-27,6503,三菱電機,6048.0,5978.2,5689.1,5555.8,,7729900,1.47,,,,,
2026-04-27,3697,ＳＨＩＦＴ,649.9,678.1,671.9,669.5,,7146800,0.54,,,,,
2026-04-27,6506,安川電機,5462.0,5322.8,4894.1,4892.6,,6906800,1.28,,,,,
2026-04-27,3444,菊池製作所,1657.0,1515.6,1020.2,881.5,,6833600,2.1,,,,,
2026-04-27,3778,さくらインターネット,3295.0,3644.0,3291.5,2988.6,,6571800,1.73,,,,,
2026-04-27,6965,浜松ホトニクス,2053.5,1955.7,1913.4,1899.2,,5309500,2.3,,,,,
2026-04-27,1475,ｉシェアーズ・コア　ＴＯＰＩＸ　ＥＴＦ,386.9,386.6,384.4,381.8,,5268740,1.31,,,,,
2026-04-27,6971,京セラ,2658.0,2716.1,2600.5,2577.1,,4949700,1.23,,,,,
2026-04-27,1570,ＮＥＸＴ　ＦＵＮＤＳ　日経平均レバレッジ・インデックス連動型上場投信,60810.0,59008.0,53646.0,51901.3,,4911486,1.39,,,,,
2026-04-27,6232,ＡＣＳＬ,2350.0,2198.6,1766.8,1496.8,,4855100,0.97,,,,,
2026-04-27,5802,住友電気工業,10060.0,10256.0,9855.8,9462.8,,4491300,0.62,,,,,
2026-04-27,7453,良品計画,3617.0,3727.0,3684.1,3543.3,,4154800,0.85,,,,,
2026-04-27,6920,レーザーテック,45770.0,44710.0,40343.5,35559.9,,4078300,0.82,,,,,
2026-04-27,6525,ＫＯＫＵＳＡＩ　ＥＬＥＣＴＲＩＣ,6731.0,6696.6,6263.8,6066.4,,4063300,0.61,,,,,
2026-04-27,3664,モブキャストホールディングス,36.0,37.0,35.3,34.0,,3975500,0.6,,,,,
2026-04-27,6098,リクルートホールディングス,7302.0,7595.4,7233.5,6927.0,,3826700,0.7,,,,,
2026-04-27,6324,ハーモニック・ドライブ・システムズ,4885.0,4445.0,4128.7,4040.7,,3690800,2.68,,,,,
2026-04-27,8035,東京エレクトロン,47100.0,45942.0,42592.5,41669.3,,3605000,1.17,,,,,
2026-04-27,3796,いい生活,386.0,336.4,318.8,277.4,,3558900,63.26,,,,,
2026-04-27,3070,ジェリービーンズグループ,102.0,105.4,100.3,99.8,,3291100,0.5,,,,,
2026-04-27,6754,アンリツ,3755.0,3643.6,3314.8,2906.1,,3154400,2.47,,,,,
2026-04-27,2802,味の素,4786.0,4702.6,4648.1,4464.4,,3147200,1.12,,,,,
2026-04-27,5801,古河電気工業,42620.0,43282.0,41163.8,30130.0,,3141200,0.55,,,,,
2026-04-27,3923,ラクス,833.3,864.0,817.4,806.5,,3095900,0.97,,,,,
2026-04-27,6323,ローツェ,3996.0,3684.4,3409.2,3225.3,,3075200,0.97,,,,,
2026-04-27,9962,ミスミグループ本社,3393.0,3127.4,2963.0,2945.3,,2863900,2.96,,,,,
2026-04-27,2371,カカクコム,2625.0,2443.6,2221.1,1967.7,,2710300,1.03,,,,,
2026-04-27,6999,ＫＯＡ,1784.0,1985.8,1786.7,1717.2,,2611700,4.5,,,,,
2026-04-27,6645,オムロン,5275.0,5155.4,4798.9,4724.6,,2464000,1.93,,,,,
2026-04-27,6976,太陽誘電,6543.0,6319.0,5319.4,4524.1,,2459800,0.62,,,,,
2026-04-27,5341,ＡＳＡＨＩ　ＥＩＴＯホールディングス,385.0,390.8,291.9,227.4,,2377700,0.88,,,,,
2026-04-27,6532,ベイカレント,5072.0,5519.0,5085.6,4782.1,,2373900,0.78,,,,,
2026-04-27,4004,レゾナック・ホールディングス,13990.0,13859.0,12617.6,11338.3,,2354700,0.84,,,,,
2026-04-27,7220,武蔵精密工業,4620.0,4445.0,3349.6,2925.9,,2343100,1.24,,,,,
2026-04-27,6779,日本電波工業,1776.0,1900.2,1572.0,1330.9,,2253400,1.12,,,,,
2026-04-27,5706,三井金属,39300.0,38088.0,35048.5,31185.3,,2156100,1.24,,,,,
2026-04-27,2334,イオレ,426.0,423.8,408.2,401.2,,2139800,1.71,,,,,
2026-04-27,9697,カプコン,3465.0,3481.8,3478.4,3413.9,,2134300,0.76,,,,,
2026-04-27,4385,メルカリ,3825.0,4011.4,3878.7,3601.5,,2094000,1.38,,,,,
2026-04-27,5985,サンコール,1700.0,1631.4,1536.5,1454.0,,2087000,0.95,,,,,
2026-04-27,4684,オービック,4159.0,4264.4,4077.4,4015.7,,2078800,0.82,,,,,
2026-04-27,6268,ナブテスコ,5032.0,4758.4,4546.8,4506.6,,2068300,2.75,,,,,
2026-04-27,7868,広済堂ホールディングス,540.0,510.6,505.9,494.0,,2029500,3.95,,,,,
2026-04-27,3110,日東紡績,27350.0,26840.0,25003.0,22244.3,,1945700,0.77,,,,,
2026-04-27,6952,カシオ計算機,1612.0,1664.4,1638.2,1550.7,,1926700,0.96,,,,,
2026-04-27,6769,ザインエレクトロニクス,1209.0,1092.6,974.5,904.4,,1919800,14.57,,,,,
2026-04-27,7419,ノジマ,1251.0,1239.2,1150.0,1120.6,,1913400,0.98,,,,,
2026-04-27,7936,アシックス,4478.0,4495.6,4452.8,4382.3,,1888000,0.75,,,,,
2026-04-27,3863,日本製紙,1302.0,1423.4,1351.8,1273.3,,1885400,1.41,,,,,
2026-04-27,5074,テスホールディングス,701.0,709.0,641.7,572.7,,1867300,0.83,,,,,
2026-04-27,9412,スカパーＪＳＡＴホールディングス,3090.0,3224.0,3138.1,2903.6,,1820200,1.31,,,,,
2026-04-27,2243,グローバルＸ　半導体　ＥＴＦ,4017.0,3809.2,3344.2,3084.8,,1813680,6.79,,,,,
2026-04-27,7956,ピジョン,1734.0,1698.8,1678.2,1649.4,,1759900,2.41,,,,,
2026-04-27,4169,ＥＮＥＣＨＡＮＧＥ,308.0,314.0,306.1,277.3,,1738000,1.48,,,,,
2026-04-27,9519,レノバ,1070.0,1009.2,972.8,815.2,,1730500,0.88,,,,,
2026-04-27,6724,セイコーエプソン,2051.5,2075.5,2063.2,2043.0,,1696200,1.08,,,,,
2026-04-27,6383,ダイフク,6518.0,6407.2,6217.3,5999.3,,1691600,1.18,,,,,
2026-04-27,6113,アマダ,2604.0,2521.6,2401.9,2363.8,,1673400,1.2,,,,,
2026-04-27,2644,グローバルＸ　半導体関連－日本株式　ＥＴＦ,3783.0,3687.4,3413.2,3283.2,,1671170,1.1,,,,,
2026-04-27,1407,ウエストホールディングス,2637.0,2419.8,2070.8,1820.9,,1610400,1.26,,,,,
2026-04-27,6770,アルプスアルパイン,2300.5,2284.0,2231.0,2184.5,,1516300,1.47,,,,,
2026-04-27,6072,地盤ネットホールディングス,1112.0,1182.8,1011.5,875.4,,1507800,0.77,,,,,
2026-04-27,4373,シンプレクス・ホールディングス,876.0,923.0,871.8,849.2,,1467300,1.83,,,,,
2026-04-27,5333,日本碍子,4613.0,4488.8,4358.1,4199.9,,1435800,1.63,,,,,
2026-04-27,9983,ファーストリテイリング,71870.0,71342.0,69889.0,66425.7,,1418900,1.21,,,,,
2026-04-27,1655,ｉシェアーズ　Ｓ＆Ｐ　５００　米国株　ＥＴＦ,823.0,818.0,785.7,772.5,,1410390,0.97,,,,,
2026-04-27,6768,タムラ製作所,809.0,772.0,705.0,686.2,,1399800,1.71,,,,,
2026-04-27,6522,アスタリスク,1251.0,1274.4,1110.3,737.5,,1380800,0.57,,,,,
2026-04-27,7600,日本エム・ディ・エム,554.0,572.0,560.4,559.1,,1365500,5.87,,,,,
2026-04-27,4422,ＶＡＬＵＥＮＥＸ,1236.0,1270.0,958.4,586.4,,1336300,0.54,,,,,
2026-04-27,2432,ディー・エヌ・エー,2558.0,2623.4,2621.9,2601.0,,1323000,1.01,,,,,
2026-04-27,3626,ＴＩＳ,3530.0,3609.2,3527.1,3450.9,,1296800,0.74,,,,,
2026-04-27,5423,東京製鐵,1697.0,1753.6,1753.0,1644.4,,1287300,1.96,,,,,
2026-04-27,4443,Ｓａｎｓａｎ,1261.0,1313.2,1269.7,1213.7,,1262800,0.47,,,,,
2026-04-27,6217,津田駒工業,1760.0,1874.8,905.2,659.1,,1226200,0.84,,,,,
2026-04-27,6871,日本マイクロニクス,13360.0,12512.0,11773.5,11088.7,,1210700,1.52,,,,,
2026-04-27,6264,マルマエ,1902.0,1838.4,1715.1,1672.3,,1184900,1.22,,,,,
2026-04-27,6481,ＴＨＫ,5790.0,5575.4,5369.8,5089.8,,1174700,1.66,,,,,
2026-04-27,6356,日本ギア工業,1640.0,1467.0,1318.8,1317.3,,1159400,0.73,,,,,
2026-04-27,6861,キーエンス,73180.0,65360.0,61721.0,60013.3,,1157900,1.59,,,,,
2026-04-27,4182,三菱瓦斯化学,4364.0,4339.2,4113.9,4042.6,,1139000,0.96,,,,,
2026-04-27,4259,エクサウィザーズ,708.0,738.8,705.6,699.2,,1135100,0.68,,,,,
2026-04-27,7004,カナデビア,1237.0,1203.4,1168.0,1082.3,,1132200,1.0,,,,,
2026-04-27,3105,日清紡ホールディングス,1953.5,1932.6,1712.9,1641.6,,1121600,0.81,,,,,
2026-04-27,9147,ＮＩＰＰＯＮ　ＥＸＰＲＥＳＳホールディングス,3880.0,3812.4,3791.7,3709.1,,1120700,1.06,,,,,
2026-04-27,9941,太洋物産,1390.0,1377.0,1121.2,886.6,,1110600,19.8,,,,,
2026-04-27,6367,ダイキン工業,21475.0,21399.0,20589.2,19781.9,,1051900,0.8,,,,,
2026-04-27,2563,ｉシェアーズ　Ｓ＆Ｐ　５００　米国株　ＥＴＦ（為替ヘッジあり）,381.6,380.1,365.8,364.8,,1046410,2.3,,,,,
2026-04-27,4704,トレンドマイクロ,5476.0,5736.4,5514.4,5499.4,,1033200,0.61,,,,,
2026-04-27,6470,大豊工業,1104.0,1109.6,1093.5,1031.3,,1030700,13.58,,,,,
2026-04-27,4180,Ａｐｐｉｅｒ　Ｇｒｏｕｐ,892.0,916.6,885.8,848.0,,1023700,0.67,,,,,
2026-04-27,4061,デンカ,3957.0,3825.6,3763.4,3440.9,,1014800,1.18,,,,,
2026-04-27,4324,電通グループ,2950.5,3025.5,2960.5,2879.1,,1011100,0.44,,,,,
2026-04-27,6997,日本ケミコン,2321.0,2332.6,1906.4,1694.3,,996100,1.0,,,,,
2026-04-27,3031,ラクーンホールディングス,677.0,680.4,676.3,656.4,,977100,4.53,,,,,
2026-04-27,6674,ジーエス・ユアサ　コーポレーション,6235.0,6385.8,6232.8,5277.4,,965100,0.88,,,,,
2026-04-27,7741,ＨＯＹＡ,28940.0,28734.0,28657.5,27975.6,,950500,1.0,,,,,
2026-04-27,3271,ＴＨＥグローバル社,1277.0,1276.6,1213.6,1022.3,,912300,4.49,,,,,
2026-04-27,4186,東京応化工業,9026.0,9116.0,8672.7,8457.6,,871000,0.8,,,,,
2026-04-27,4884,クリングルファーマ,479.0,505.8,480.6,419.6,,866200,0.51,,,,,
2026-04-27,8358,スルガ銀行,2264.0,2238.4,2203.2,2073.9,,850600,1.18,,,,,
2026-04-27,3853,アステリア,1557.0,1605.6,1539.3,1371.8,,846900,0.81,,,,,
2026-04-27,7719,東京衡機,633.0,708.6,595.9,553.7,,841200,0.44,,,,,
2026-04-27,6227,ＡＩメカテック,6630.0,6674.0,6568.0,5995.1,,823500,0.51,,,,,
2026-04-27,6235,オプトラン,3845.0,3781.0,3304.4,2879.1,,820500,1.01,,,,,
2026-04-27,6890,フェローテック,7230.0,7144.0,6804.0,6396.8,,804100,1.13,,,,,
2026-04-27,4368,扶桑化学工業,3190.0,3016.8,2975.6,2931.4,,785200,1.78,,,,,
2026-04-27,6862,ミナトホールディングス,2696.0,2525.8,2316.7,2255.3,,784400,1.88,,,,,
2026-04-27,6197,ソラスト,1117.0,1116.6,1116.2,1019.8,,780400,1.51,,,,,
2026-04-27,3774,インターネットイニシアティブ,2727.5,2756.5,2626.9,2414.5,,751000,1.03,,,,,
2026-04-27,3608,ＴＳＩホールディングス,1373.0,1424.4,1279.2,1154.4,,748700,0.72,,,,,
2026-04-27,3994,マネーフォワード,4585.0,5150.8,4320.8,3661.0,,742400,0.5,,,,,
2026-04-27,4588,オンコリスバイオファーマ,2932.0,2988.0,2609.8,2474.1,,738000,0.77,,,,,
2026-04-27,8060,キヤノンマーケティングジャパン,3640.0,3653.2,3568.6,3487.5,,729800,1.21,,,,,
2026-04-27,3660,アイスタイル,470.0,469.8,462.1,452.6,,702700,0.87,,,,,
2026-04-27,4651,サニックスホールディングス,231.0,246.6,230.1,218.0,,690500,0.17,,,,,
2026-04-27,7762,シチズン時計,1790.0,1841.2,1801.2,1699.3,,689800,0.79,,,,,
2026-04-27,6996,ニチコン,2291.0,2218.2,2025.8,1953.7,,686000,1.86,,,,,
2026-04-27,2337,いちご,511.0,512.2,498.1,466.6,,685100,0.6,,,,,
2026-04-27,6273,ＳＭＣ,75480.0,71570.0,68146.5,67880.5,,676600,2.85,,,,,
2026-04-27,9041,近鉄グループホールディングス,3338.0,3354.8,3346.6,3284.5,,667400,0.89,,,,,
2026-04-27,1329,ｉシェアーズ・コア　日経２２５　ＥＴＦ,6311.0,6209.6,5902.8,5772.8,,666863,1.06,,,,,
2026-04-27,1721,コムシスホールディングス,5603.0,5564.6,5297.4,5293.6,,666500,0.98,,,,,
2026-04-27,2980,ＳＲＥホールディングス,3400.0,3410.0,3382.8,2951.4,,666400,2.17,,,,,
2026-04-27,3864,三菱製紙,936.0,956.6,915.5,828.6,,656700,2.33,,,,,
2026-04-27,6524,湖北工業,5650.0,5081.0,4622.3,4354.0,,653300,2.16,,,,,
2026-04-27,5214,日本電気硝子,8196.0,7999.8,7183.3,6659.4,,629800,1.15,,,,,
2026-04-27,6521,オキサイド,4645.0,4799.0,4554.8,3883.8,,628700,0.55,,,,,
2026-04-27,4819,デジタルガレージ,2462.0,2492.8,2247.9,2155.2,,622200,1.52,,,,,
2026-04-27,2516,東証グロース２５０ＥＴＦ,604.1,619.2,603.1,588.5,,610710,1.18,,,,,
2026-04-27,6134,ＦＵＪＩ,5963.0,5893.4,5456.6,5193.7,,605600,1.33,,,,,
2026-04-27,6440,ＪＵＫＩ,769.0,732.6,698.8,670.0,,601600,2.37,,,,,
2026-04-27,2222,寿スピリッツ,2072.5,2053.4,1959.6,1948.1,,601100,0.96,,,,,
2026-04-27,6703,沖電気工業,3385.0,3429.0,3129.2,2859.8,,592200,0.7,,,,,
2026-04-27,6407,ＣＫＤ,5830.0,5650.0,5310.8,4917.6,,587000,1.04,,,,,
2026-04-27,7730,マニー,1726.0,1810.0,1659.9,1601.7,,586700,0.91,,,,,
2026-04-27,6136,オーエスジー,3203.0,3107.4,2848.3,2738.4,,577900,0.87,,,,,
2026-04-27,6254,野村マイクロ・サイエンス,3735.0,3737.0,3513.8,3316.5,,564800,0.78,,,,,
2026-04-27,7740,タムロン,1076.0,1093.0,1065.7,1033.2,,560400,1.34,,,,,
2026-04-27,5334,日本特殊陶業,8233.0,8456.0,8056.4,7597.8,,556400,0.57,,,,,
2026-04-27,8927,明豊エンタープライズ,496.0,494.6,492.2,464.3,,555700,1.98,,,,,
2026-04-27,7859,アルメディオ,295.0,325.2,295.7,250.4,,553100,0.74,,,,,
2026-04-27,6143,ソディック,1531.0,1452.2,1398.2,1345.3,,551700,1.83,,,,,
2026-04-27,6838,多摩川ホールディングス,1634.0,1753.6,1448.2,1151.6,,546200,0.71,,,,,
2026-04-27,2491,バリューコマース,459.0,463.8,461.5,457.6,,544200,1.84,,,,,
2026-04-27,3134,Ｈａｍｅｅ,526.0,523.4,519.4,499.1,,536900,2.62,,,,,
2026-04-27,1951,エクシオグループ,2839.0,2840.1,2797.8,2771.3,,536800,1.03,,,,,
2026-04-27,5727,東邦チタニウム,3365.0,3319.0,3072.7,2580.5,,526300,0.67,,,,,
2026-04-27,1321,ＮＥＸＴ　ＦＵＮＤＳ　日経２２５連動型上場投信,63400.0,62410.0,59345.5,57983.2,,523967,1.57,,,,,
2026-04-27,4021,日産化学,6620.0,6666.8,6406.8,6334.7,,517500,1.0,,,,,
2026-04-27,5741,ＵＡＣＪ,2842.0,2866.6,2847.8,2631.3,,515400,0.76,,,,,
2026-04-27,5805,ＳＷＣＣ,15800.0,15338.0,13980.0,13939.8,,513100,1.32,,,,,
2026-04-27,5244,ｊｉｇ．ｊｐ,260.0,264.6,236.6,232.3,,512800,0.81,,,,,
2026-04-27,2531,宝ホールディングス,1753.0,1808.4,1750.1,1633.9,,506500,0.91,,,,,
2026-04-27,8285,三谷産業,680.0,766.2,761.8,722.3,,502000,5.06,,,,,
2026-04-28,8918,ランド,10.0,10.2,9.7,9.5,,213823900,0.97,,,,,
2026-04-28,9984,ソフトバンクグループ,5268.0,5706.4,4485.1,4158.7,,97208200,1.01,,,,,
2026-04-28,9434,ソフトバンク,219.3,219.2,218.4,215.2,,67315900,0.96,,,,,
2026-04-28,5016,ＪＸ金属,4824.0,4763.4,4476.6,3843.3,,46260800,1.26,,,,,
2026-04-28,5803,フジクラ,6281.0,6108.6,5442.4,4531.8,,46167300,0.9,,,,,
2026-04-28,6740,ジャパンディスプレイ,94.0,96.8,94.7,64.3,,42542100,0.48,,,,,
2026-04-28,6723,ルネサスエレクトロニクス,2913.0,3114.2,2723.2,2687.6,,19974900,1.07,,,,,
2026-04-28,6857,アドバンテスト,29750.0,29298.0,26053.5,25358.5,,19894900,1.76,,,,,
2026-04-28,1306,ＮＥＸＴ　ＦＵＮＤＳ　ＴＯＰＩＸ連動型上場投信,400.0,396.0,395.2,391.1,,18269570,1.08,,,,,
2026-04-28,1579,日経平均ブル２倍上場投信,642.2,639.5,587.0,561.5,,17352190,1.0,,,,,
2026-04-28,3103,ユニチカ,2234.0,2593.4,2043.5,1574.2,,15773900,0.67,,,,,
2026-04-28,3436,ＳＵＭＣＯ,2347.5,2274.6,2064.2,1795.0,,14336500,1.12,,,,,
2026-04-28,6762,ＴＤＫ,2677.0,2689.4,2368.2,2248.5,,14100800,0.95,,,,,
2026-04-28,6085,アーキテクツ・スタジオ・ジャパン,640.0,513.4,354.1,256.4,,12643700,1.78,,,,,
2026-04-28,7868,広済堂ホールディングス,583.0,526.2,510.7,495.6,,12236200,18.17,,,,,
2026-04-28,4689,ＬＩＮＥヤフー,417.3,418.0,412.7,398.5,,12214500,0.75,,,,,
2026-04-28,6098,リクルートホールディングス,7464.0,7517.6,7280.4,6915.3,,11715500,2.17,,,,,
2026-04-28,6981,村田製作所,4840.0,4883.2,4352.1,3853.2,,10341000,0.98,,,,,
2026-04-28,6503,三菱電機,6078.0,5988.2,5743.6,5576.9,,9526000,1.69,,,,,
2026-04-28,4307,野村総合研究所,4313.0,4808.8,4683.9,4373.6,,8727100,1.75,,,,,
2026-04-28,4063,信越化学工業,7081.0,6820.8,6679.5,6165.0,,8604800,1.12,,,,,
2026-04-28,6201,豊田自動織機,20420.0,20460.0,20448.0,20310.6,,8100000,30.66,,,,,
2026-04-28,6754,アンリツ,3974.0,3706.0,3376.6,2932.9,,7904000,5.44,,,,,
2026-04-28,6752,パナソニック　ホールディングス,3061.0,2986.5,2906.9,2626.4,,7892400,0.91,,,,,
2026-04-28,3936,グローバルウェイ,173.0,209.6,155.8,141.4,,7621400,0.55,,,,,
2026-04-28,1568,ＴＯＰＩＸブル２倍上場投信,867.1,851.5,848.2,839.3,,7316120,1.74,,,,,
2026-04-28,3697,ＳＨＩＦＴ,673.4,677.4,673.8,667.9,,7148700,0.54,,,,,
2026-04-28,8766,東京海上ホールディングス,7238.0,7173.6,7157.6,6599.3,,6157300,1.03,,,,,
2026-04-28,4062,イビデン,12560.0,12021.0,9927.4,8846.8,,5813900,0.86,,,,,
2026-04-28,3923,ラクス,871.4,859.2,823.8,806.2,,5548400,1.71,,,,,
2026-04-28,6965,浜松ホトニクス,2002.5,1967.1,1925.2,1904.6,,5456200,2.12,,,,,
2026-04-28,3664,モブキャストホールディングス,35.0,36.2,35.5,34.0,,4849500,0.82,,,,,
2026-04-28,9147,ＮＩＰＰＯＮ　ＥＸＰＲＥＳＳホールディングス,4202.0,3883.0,3824.6,3721.4,,4783600,4.71,,,,,
2026-04-28,2334,イオレ,467.0,431.4,413.1,401.6,,4471600,3.16,,,,,
2026-04-28,6525,ＫＯＫＵＳＡＩ　ＥＬＥＣＴＲＩＣ,6512.0,6621.2,6338.8,6062.4,,4414000,0.7,,,,,
2026-04-28,5801,古河電気工業,42900.0,43010.0,41869.5,30614.6,,4178900,0.83,,,,,
2026-04-28,6613,ＱＤレーザ,1459.0,1505.4,1303.0,1042.0,,4160600,0.31,,,,,
2026-04-28,6506,安川電機,5381.0,5300.0,4962.1,4899.9,,4048200,0.88,,,,,
2026-04-28,6971,京セラ,2689.0,2706.2,2616.0,2584.1,,4000500,0.95,,,,,
2026-04-28,6920,レーザーテック,44330.0,44672.0,40892.5,35674.4,,3858100,0.78,,,,,
2026-04-28,5802,住友電気工業,10190.0,10234.0,9946.3,9518.3,,3548800,0.57,,,,,
2026-04-28,1570,ＮＥＸＴ　ＦＵＮＤＳ　日経平均レバレッジ・インデックス連動型上場投信,59440.0,59218.0,54423.5,52089.5,,3421994,0.92,,,,,
2026-04-28,9412,スカパーＪＳＡＴホールディングス,3315.0,3206.0,3159.2,2921.2,,3326300,2.31,,,,,
2026-04-28,8035,東京エレクトロン,45150.0,45816.0,42988.5,41733.0,,3291600,1.06,,,,,
2026-04-28,6232,ＡＣＳＬ,2316.0,2317.4,1814.0,1517.7,,2891400,0.55,,,,,
2026-04-28,7256,河西工業,372.0,385.6,298.6,271.4,,2859500,0.72,,,,,
2026-04-28,7453,良品計画,3695.0,3709.0,3702.2,3554.9,,2845500,0.67,,,,,
2026-04-28,6861,キーエンス,73800.0,67486.0,62668.0,60263.7,,2805500,3.75,,,,,
2026-04-28,4684,オービック,4293.0,4294.6,4099.5,4013.5,,2787600,1.09,,,,,
2026-04-28,3070,ジェリービーンズグループ,101.0,102.6,101.4,99.7,,2705300,0.42,,,,,
2026-04-28,3778,さくらインターネット,3175.0,3487.0,3326.2,2996.0,,2552000,0.64,,,,,
2026-04-28,1475,ｉシェアーズ・コア　ＴＯＰＩＸ　ＥＴＦ,389.8,386.6,385.8,382.2,,2500220,0.6,,,,,
2026-04-28,9962,ミスミグループ本社,3335.0,3172.2,2998.4,2960.0,,2452300,2.15,,,,,
2026-04-28,2802,味の素,4767.0,4711.8,4666.6,4486.1,,2409700,0.87,,,,,
2026-04-28,7936,アシックス,4554.0,4498.8,4472.7,4396.1,,2387700,0.98,,,,,
2026-04-28,5706,三井金属,41370.0,38884.0,35715.0,31514.3,,2386800,1.37,,,,,
2026-04-28,6976,太陽誘電,6586.0,6421.8,5463.9,4580.0,,2236200,0.57,,,,,
2026-04-28,1699,ＮＥＸＴ　ＦＵＮＤＳ　ＮＯＭＵＲＡ　原油インデックス連動型上場投信,634.0,615.8,594.3,531.2,,2121360,1.32,,,,,
2026-04-28,1726,ビーアールホールディングス,525.0,525.8,525.7,513.9,,2120700,64.03,,,,,
2026-04-28,6323,ローツェ,3855.0,3715.4,3473.4,3231.9,,2107600,0.83,,,,,
2026-04-28,4004,レゾナック・ホールディングス,14155.0,14024.0,12835.2,11423.3,,2085700,0.74,,,,,
2026-04-28,6113,アマダ,2617.0,2549.6,2424.7,2375.1,,2081200,1.48,,,,,
2026-04-28,1721,コムシスホールディングス,5834.0,5619.4,5340.0,5309.9,,1979100,2.77,,,,,
2026-04-28,9519,レノバ,1128.0,1038.8,987.2,822.7,,1958200,1.03,,,,,
2026-04-28,2644,グローバルＸ　半導体関連－日本株式　ＥＴＦ,3680.0,3691.2,3451.7,3290.9,,1940625,1.23,,,,,
2026-04-28,7735,ＳＣＲＥＥＮホールディングス,10445.0,10526.0,10267.6,10221.3,,1906400,0.9,,,,,
2026-04-28,6383,ダイフク,6687.0,6463.2,6280.6,6020.8,,1869100,1.27,,,,,
2026-04-28,6890,フェローテック,7750.0,7332.0,6877.5,6419.2,,1868500,2.53,,,,,
2026-04-28,6029,アトラグループ,196.0,198.8,168.8,157.7,,1800800,2.31,,,,,
2026-04-28,6324,ハーモニック・ドライブ・システムズ,4745.0,4496.0,4192.7,4063.8,,1778700,1.11,,,,,
2026-04-28,7220,武蔵精密工業,4480.0,4580.0,3442.5,2956.5,,1755600,0.85,,,,,
2026-04-28,3105,日清紡ホールディングス,2047.5,1947.0,1743.3,1652.4,,1734100,1.19,,,,,
2026-04-28,5341,ＡＳＡＨＩ　ＥＩＴＯホールディングス,381.0,391.4,302.2,230.3,,1705400,0.7,,,,,
2026-04-28,3110,日東紡績,28210.0,27190.0,25476.5,22467.5,,1702700,0.73,,,,,
2026-04-28,6217,津田駒工業,1625.0,1924.8,964.0,678.0,,1702300,1.11,,,,,
2026-04-28,6532,ベイカレント,5241.0,5418.2,5120.7,4772.8,,1692400,0.55,,,,,
2026-04-28,3796,いい生活,335.0,337.0,321.6,278.6,,1670900,4.1,,,,,
2026-04-28,2371,カカクコム,2634.0,2550.2,2249.1,1975.8,,1664500,0.61,,,,,
2026-04-28,5074,テスホールディングス,725.0,711.2,649.8,578.7,,1618400,0.7,,,,,
2026-04-28,3444,菊池製作所,1544.0,1553.4,1062.3,893.0,,1541900,0.4,,,,,
2026-04-28,6327,北川精機,2685.0,2245.0,1955.2,1638.5,,1523500,5.4,,,,,
2026-04-28,4385,メルカリ,3873.0,3964.4,3888.8,3611.4,,1483900,0.94,,,,,
2026-04-28,1655,ｉシェアーズ　Ｓ＆Ｐ　５００　米国株　ＥＴＦ,821.7,819.2,790.1,773.3,,1423540,0.95,,,,,
2026-04-28,6504,富士電機,12650.0,12357.0,11598.2,11589.8,,1411200,1.53,,,,,
2026-04-28,6645,オムロン,5301.0,5179.4,4842.4,4748.4,,1399100,1.0,,,,,
2026-04-28,7375,リファインバースグループ,2127.0,2096.6,1832.9,1261.4,,1349600,0.65,,,,,
2026-04-28,9983,ファーストリテイリング,73170.0,71226.0,70466.0,66677.5,,1343200,1.14,,,,,
2026-04-28,4443,Ｓａｎｓａｎ,1290.0,1303.6,1276.0,1210.7,,1338100,0.58,,,,,
2026-04-28,6268,ナブテスコ,5027.0,4801.8,4606.0,4523.6,,1331100,1.51,,,,,
2026-04-28,6770,アルプスアルパイン,2328.0,2290.1,2243.3,2190.6,,1261500,1.16,,,,,
2026-04-28,5301,東海カーボン,1052.0,1049.8,1023.3,1021.9,,1232600,1.09,,,,,
2026-04-28,6197,ソラスト,1117.0,1116.8,1116.3,1023.8,,1226400,2.85,,,,,
2026-04-28,5333,日本碍子,4670.0,4514.2,4392.7,4215.3,,1203200,1.27,,,,,
2026-04-28,6779,日本電波工業,1827.0,1859.2,1604.8,1344.6,,1200400,0.56,,,,,
2026-04-28,7730,マニー,1697.0,1770.4,1669.5,1604.6,,1192700,1.8,,,,,
2026-04-28,6356,日本ギア工業,1685.0,1548.6,1337.4,1331.5,,1184700,0.73,,,,,
2026-04-28,6958,日本シイエムケイ,629.0,613.6,591.7,589.1,,1160600,1.9,,,,,
2026-04-28,8358,スルガ銀行,2360.0,2256.4,2221.7,2081.2,,1157900,1.58,,,,,
2026-04-28,2337,いちご,507.0,511.0,500.1,468.4,,1153300,1.02,,,,,
2026-04-28,7419,ノジマ,1228.0,1228.8,1157.1,1122.3,,1148200,0.55,,,,,
2026-04-28,4182,三菱瓦斯化学,4401.0,4355.0,4154.2,4064.7,,1135200,0.96,,,,,
2026-04-28,3863,日本製紙,1266.0,1379.8,1351.7,1274.9,,1133000,0.77,,,,,
2026-04-28,4651,サニックスホールディングス,240.0,238.6,231.7,218.3,,1129000,0.27,,,,,
2026-04-28,6367,ダイキン工業,21865.0,21446.0,20748.2,19841.2,,1107900,0.87,,,,,
2026-04-28,4288,アズジェント,770.0,812.8,622.2,615.0,,1104400,2.38,,,,,
2026-04-28,7004,カナデビア,1224.0,1208.6,1178.9,1085.9,,1088900,0.95,,,,,
2026-04-28,7157,ライフネット生命保険,2150.0,2168.4,2166.2,2128.4,,1063500,4.54,,,,,
2026-04-28,8508,Ｊトラスト,636.0,615.2,602.0,551.3,,1063100,2.23,,,,,
2026-04-28,4259,エクサウィザーズ,721.0,724.8,713.6,699.8,,1057000,0.64,,,,,
2026-04-28,7956,ピジョン,1740.5,1708.9,1683.6,1651.8,,1036600,1.23,,,,,
2026-04-28,2267,ヤクルト本社,2722.5,2689.2,2680.8,2630.9,,1032200,0.5,,,,,
2026-04-28,6481,ＴＨＫ,5801.0,5607.8,5431.1,5111.8,,986500,1.34,,,,,
2026-04-28,6674,ジーエス・ユアサ　コーポレーション,6164.0,6284.8,6277.1,5320.2,,963300,0.86,,,,,
2026-04-28,3626,ＴＩＳ,3568.0,3598.8,3537.5,3435.4,,960400,0.55,,,,,
2026-04-28,7741,ＨＯＹＡ,29305.0,28801.0,28795.2,28039.2,,952900,0.99,,,,,
2026-04-28,1329,ｉシェアーズ・コア　日経２２５　ＥＴＦ,6241.0,6223.4,5948.3,5784.2,,939484,1.41,,,,,
2026-04-28,6871,日本マイクロニクス,13090.0,12638.0,11966.0,11157.7,,937000,1.15,,,,,
2026-04-28,6999,ＫＯＡ,1824.0,1941.0,1805.5,1722.9,,931300,1.16,,,,,
2026-04-28,2195,アミタホールディングス,547.0,548.8,518.6,409.6,,918000,0.88,,,,,
2026-04-28,6768,タムラ製作所,808.0,784.6,715.5,689.3,,899600,1.02,,,,,
2026-04-28,1407,ウエストホールディングス,2756.0,2513.4,2120.9,1840.2,,885400,0.65,,,,,
2026-04-28,3660,アイスタイル,477.0,470.0,464.9,453.2,,884300,1.08,,,,,
2026-04-28,4169,ＥＮＥＣＨＡＮＧＥ,315.0,316.4,308.2,277.9,,872000,0.7,,,,,
2026-04-28,5334,日本特殊陶業,8547.0,8418.0,8122.4,7627.9,,859700,0.93,,,,,
2026-04-28,4704,トレンドマイクロ,5611.0,5661.4,5533.0,5491.4,,848300,0.49,,,,,
2026-04-28,5985,サンコール,1688.0,1650.6,1552.7,1466.3,,836200,0.38,,,,,
2026-04-28,4180,Ａｐｐｉｅｒ　Ｇｒｏｕｐ,888.0,909.8,891.1,845.5,,830100,0.56,,,,,
2026-04-28,9517,イーレックス,1072.0,993.0,983.8,840.1,,810200,2.04,,,,,
2026-04-28,4324,電通グループ,2978.5,3010.4,2974.5,2879.2,,804200,0.63,,,,,
2026-04-28,6516,山洋電気,7020.0,5972.0,5179.0,4823.7,,801500,5.77,,,,,
2026-04-28,6264,マルマエ,1979.0,1889.2,1739.9,1683.0,,791400,0.88,,,,,
2026-04-28,3546,アレンザホールディングス,1454.0,1454.2,1453.7,1408.0,,789900,17.9,,,,,
2026-04-28,7762,シチズン時計,1819.0,1831.0,1809.0,1707.4,,771100,0.87,,,,,
2026-04-28,4826,ＣＩＪ,506.0,515.2,515.1,512.0,,769400,2.97,,,,,
2026-04-28,5214,日本電気硝子,8186.0,8051.8,7296.9,6683.5,,761200,1.4,,,,,
2026-04-28,4588,オンコリスバイオファーマ,2877.0,2955.4,2645.8,2493.6,,756400,0.81,,,,,
2026-04-28,6997,日本ケミコン,2462.0,2354.2,1958.5,1711.4,,724800,0.69,,,,,
2026-04-28,6522,アスタリスク,1173.0,1241.8,1110.8,750.5,,715400,0.28,,,,,
2026-04-28,5698,エンビプロ・ホールディングス,1133.0,1046.8,959.5,943.0,,715200,1.15,,,,,
2026-04-28,3994,マネーフォワード,4705.0,4941.6,4382.4,3673.1,,695600,0.47,,,,,
2026-04-28,2243,グローバルＸ　半導体　ＥＴＦ,3887.0,3856.6,3402.4,3098.9,,681234,1.56,,,,,
2026-04-28,9941,太洋物産,1194.0,1367.8,1138.2,895.1,,676500,4.17,,,,,
2026-04-28,3661,エムアップホールディングス,736.0,723.2,715.2,706.5,,668300,1.39,,,,,
2026-04-28,6370,栗田工業,8477.0,8044.2,7957.9,7955.6,,661400,1.19,,,,,
2026-04-28,4061,デンカ,4030.0,3897.2,3788.4,3458.8,,641900,0.73,,,,,
2026-04-28,4812,電通総研,2143.0,2177.0,2115.8,2025.3,,638300,1.66,,,,,
2026-04-28,3774,インターネットイニシアティブ,2737.0,2759.8,2641.4,2418.5,,637000,0.85,,,,,
2026-04-28,7719,東京衡機,618.0,698.0,601.7,558.9,,631300,0.32,,,,,
2026-04-28,4373,シンプレクス・ホールディングス,881.0,913.2,875.8,848.1,,624100,0.69,,,,,
2026-04-28,3608,ＴＳＩホールディングス,1363.0,1396.0,1294.2,1159.8,,614800,0.75,,,,,
2026-04-28,3891,ニッポン高度紙工業,6420.0,5329.0,4414.8,4005.4,,605400,3.39,,,,,
2026-04-28,2222,寿スピリッツ,2079.5,2053.3,1972.0,1953.0,,605100,1.2,,,,,
2026-04-28,6787,メイコー,32000.0,29948.0,27967.5,23773.3,,604600,1.3,,,,,
2026-04-28,4186,東京応化工業,9169.0,9081.2,8762.5,8498.1,,586300,0.54,,,,,
2026-04-28,1951,エクシオグループ,2918.0,2860.7,2810.3,2776.6,,583900,1.08,,,,,
2026-04-28,6136,オーエスジー,3218.0,3140.6,2882.7,2749.0,,582900,0.92,,,,,
2026-04-28,8060,キヤノンマーケティングジャパン,3611.0,3653.2,3576.6,3491.2,,580700,0.94,,,,,
2026-04-28,8336,武蔵野銀行,2460.0,2352.6,2338.5,2140.7,,564000,1.23,,,,,
2026-04-28,4478,フリー,2231.0,2352.8,2212.5,2196.8,,557500,0.54,,,,,
2026-04-28,5631,日本製鋼所,9760.0,9725.0,9520.2,9471.9,,554100,0.59,,,,,
2026-04-28,6273,ＳＭＣ,77000.0,72644.0,69003.0,68161.7,,553000,2.04,,,,,
2026-04-28,6703,沖電気工業,3375.0,3404.0,3169.3,2882.0,,534700,0.62,,,,,
2026-04-28,4422,ＶＡＬＵＥＮＥＸ,1155.0,1241.4,992.6,600.4,,534500,0.21,,,,,
2026-04-28,4413,ボードルア,2029.0,2097.6,2057.0,1936.4,,533600,1.03,,,,,
2026-04-28,6235,オプトラン,3870.0,3841.0,3369.3,2909.9,,532600,0.67,,,,,
2026-04-28,5393,ニチアス,3148.0,3127.0,3046.9,2923.8,,521000,0.99,,,,,
2026-04-28,1671,ＷＴＩ原油価格連動型上場投信,5333.0,5167.6,5074.4,4389.0,,520415,0.59,,,,,
2026-04-28,6769,ザインエレクトロニクス,1161.0,1119.8,989.5,910.2,,519300,1.62,,,,,
2026-04-28,6072,地盤ネットホールディングス,1138.0,1179.6,1020.4,891.1,,513900,0.25,,,,,
2026-04-28,4819,デジタルガレージ,2478.0,2536.2,2274.2,2156.3,,513000,1.14,,,,,
2026-04-28,6480,日本トムソン,1061.0,1017.4,991.4,975.4,,510800,1.33,,,,,
2026-04-28,6134,ＦＵＪＩ,6063.0,5912.6,5526.6,5231.4,,509700,1.06,,,,,
2026-04-29,8918,ランド,10.0,10.2,9.7,9.5,,213823900,0.97,,,,,
2026-04-29,9984,ソフトバンクグループ,5268.0,5706.4,4485.1,4158.7,,97208200,1.01,,,,,
2026-04-29,9434,ソフトバンク,219.3,219.2,218.4,215.2,,67315900,0.96,,,,,
2026-04-29,5016,ＪＸ金属,4824.0,4763.4,4476.6,3843.3,,46260800,1.26,,,,,
2026-04-29,5803,フジクラ,6281.0,6108.6,5442.4,4531.8,,46167300,0.9,,,,,
2026-04-29,6740,ジャパンディスプレイ,94.0,96.8,94.7,64.3,,42542100,0.48,,,,,
2026-04-29,6723,ルネサスエレクトロニクス,2913.0,3114.2,2723.2,2687.6,,19974900,1.07,,,,,
2026-04-29,6857,アドバンテスト,29750.0,29298.0,26053.5,25358.5,,19894900,1.76,,,,,
2026-04-29,1306,ＮＥＸＴ　ＦＵＮＤＳ　ＴＯＰＩＸ連動型上場投信,400.0,396.0,395.2,391.1,,18269570,1.08,,,,,
2026-04-29,1579,日経平均ブル２倍上場投信,642.2,639.5,587.0,561.5,,17352190,1.0,,,,,
2026-04-29,3103,ユニチカ,2234.0,2593.4,2043.5,1574.2,,15773900,0.67,,,,,
2026-04-29,3436,ＳＵＭＣＯ,2347.5,2274.6,2064.2,1795.0,,14336500,1.12,,,,,
2026-04-29,6762,ＴＤＫ,2677.0,2689.4,2368.2,2248.5,,14100800,0.95,,,,,
2026-04-29,6085,アーキテクツ・スタジオ・ジャパン,640.0,513.4,354.1,256.4,,12643700,1.78,,,,,
2026-04-29,7868,広済堂ホールディングス,583.0,526.2,510.7,495.6,,12236200,18.17,,,,,
2026-04-29,4689,ＬＩＮＥヤフー,417.3,418.0,412.7,398.5,,12214500,0.75,,,,,
2026-04-29,6098,リクルートホールディングス,7464.0,7517.6,7280.4,6915.3,,11715500,2.17,,,,,
2026-04-29,6981,村田製作所,4840.0,4883.2,4352.1,3853.2,,10341000,0.98,,,,,
2026-04-29,6503,三菱電機,6078.0,5988.2,5743.6,5576.9,,9526000,1.69,,,,,
2026-04-29,4307,野村総合研究所,4313.0,4808.8,4683.9,4373.6,,8727100,1.75,,,,,
2026-04-29,4063,信越化学工業,7081.0,6820.8,6679.5,6165.0,,8604800,1.12,,,,,
2026-04-29,6201,豊田自動織機,20420.0,20460.0,20448.0,20310.6,,8100000,30.66,,,,,
2026-04-29,6754,アンリツ,3974.0,3706.0,3376.6,2932.9,,7904000,5.44,,,,,
2026-04-29,6752,パナソニック　ホールディングス,3061.0,2986.5,2906.9,2626.4,,7892400,0.91,,,,,
2026-04-29,3936,グローバルウェイ,173.0,209.6,155.8,141.4,,7621400,0.55,,,,,
2026-04-29,1568,ＴＯＰＩＸブル２倍上場投信,867.1,851.5,848.2,839.3,,7316120,1.74,,,,,
2026-04-29,3697,ＳＨＩＦＴ,673.4,677.4,673.8,667.9,,7148700,0.54,,,,,
2026-04-29,8766,東京海上ホールディングス,7238.0,7173.6,7157.6,6599.3,,6157300,1.03,,,,,
2026-04-29,4062,イビデン,12560.0,12021.0,9927.4,8846.8,,5813900,0.86,,,,,
2026-04-29,3923,ラクス,871.4,859.2,823.8,806.2,,5548400,1.71,,,,,
2026-04-29,6965,浜松ホトニクス,2002.5,1967.1,1925.2,1904.6,,5456200,2.12,,,,,
2026-04-29,3664,モブキャストホールディングス,35.0,36.2,35.5,34.0,,4849500,0.82,,,,,
2026-04-29,9147,ＮＩＰＰＯＮ　ＥＸＰＲＥＳＳホールディングス,4202.0,3883.0,3824.6,3721.4,,4783600,4.71,,,,,
2026-04-29,2334,イオレ,467.0,431.4,413.1,401.6,,4471600,3.16,,,,,
2026-04-29,6525,ＫＯＫＵＳＡＩ　ＥＬＥＣＴＲＩＣ,6512.0,6621.2,6338.8,6062.4,,4414000,0.7,,,,,
2026-04-29,5801,古河電気工業,42900.0,43010.0,41869.5,30614.6,,4178900,0.83,,,,,
2026-04-29,6613,ＱＤレーザ,1459.0,1505.4,1303.0,1042.0,,4160600,0.31,,,,,
2026-04-29,6506,安川電機,5381.0,5300.0,4962.1,4899.9,,4048200,0.88,,,,,
2026-04-29,6971,京セラ,2689.0,2706.2,2616.0,2584.1,,4000500,0.95,,,,,
2026-04-29,6920,レーザーテック,44330.0,44672.0,40892.5,35674.4,,3858100,0.78,,,,,
2026-04-29,5802,住友電気工業,10190.0,10234.0,9946.3,9518.3,,3548800,0.57,,,,,
2026-04-29,1570,ＮＥＸＴ　ＦＵＮＤＳ　日経平均レバレッジ・インデックス連動型上場投信,59440.0,59218.0,54423.5,52089.5,,3421994,0.92,,,,,
2026-04-29,9412,スカパーＪＳＡＴホールディングス,3315.0,3206.0,3159.2,2921.2,,3326300,2.31,,,,,
2026-04-29,8035,東京エレクトロン,45150.0,45816.0,42988.5,41733.0,,3291600,1.06,,,,,
2026-04-29,6232,ＡＣＳＬ,2316.0,2317.4,1814.0,1517.7,,2891400,0.55,,,,,
2026-04-29,7256,河西工業,372.0,385.6,298.6,271.4,,2859500,0.72,,,,,
2026-04-29,7453,良品計画,3695.0,3709.0,3702.2,3554.9,,2845500,0.67,,,,,
2026-04-29,6861,キーエンス,73800.0,67486.0,62668.0,60263.7,,2805500,3.75,,,,,
2026-04-29,4684,オービック,4293.0,4294.6,4099.5,4013.5,,2787600,1.09,,,,,
2026-04-29,3070,ジェリービーンズグループ,101.0,102.6,101.4,99.7,,2705300,0.42,,,,,
2026-04-29,3778,さくらインターネット,3175.0,3487.0,3326.2,2996.0,,2552000,0.64,,,,,
2026-04-29,1475,ｉシェアーズ・コア　ＴＯＰＩＸ　ＥＴＦ,389.8,386.6,385.8,382.2,,2500220,0.6,,,,,
2026-04-29,9962,ミスミグループ本社,3335.0,3172.2,2998.4,2960.0,,2452300,2.15,,,,,
2026-04-29,2802,味の素,4767.0,4711.8,4666.6,4486.1,,2409700,0.87,,,,,
2026-04-29,7936,アシックス,4554.0,4498.8,4472.7,4396.1,,2387700,0.98,,,,,
2026-04-29,5706,三井金属,41370.0,38884.0,35715.0,31514.3,,2386800,1.37,,,,,
2026-04-29,6976,太陽誘電,6586.0,6421.8,5463.9,4580.0,,2236200,0.57,,,,,
2026-04-29,1699,ＮＥＸＴ　ＦＵＮＤＳ　ＮＯＭＵＲＡ　原油インデックス連動型上場投信,634.0,615.8,594.3,531.2,,2121360,1.32,,,,,
2026-04-29,1726,ビーアールホールディングス,525.0,525.8,525.7,513.9,,2120700,64.03,,,,,
2026-04-29,6323,ローツェ,3855.0,3715.4,3473.4,3231.9,,2107600,0.83,,,,,
2026-04-29,4004,レゾナック・ホールディングス,14155.0,14024.0,12835.2,11423.3,,2085700,0.74,,,,,
2026-04-29,6113,アマダ,2617.0,2549.6,2424.7,2375.1,,2081200,1.48,,,,,
2026-04-29,1721,コムシスホールディングス,5834.0,5619.4,5340.0,5309.9,,1979100,2.77,,,,,
2026-04-29,9519,レノバ,1128.0,1038.8,987.2,822.7,,1958200,1.03,,,,,
2026-04-29,2644,グローバルＸ　半導体関連－日本株式　ＥＴＦ,3680.0,3691.2,3451.7,3290.9,,1940625,1.23,,,,,
2026-04-29,7735,ＳＣＲＥＥＮホールディングス,10445.0,10526.0,10267.6,10221.3,,1906400,0.9,,,,,
2026-04-29,6383,ダイフク,6687.0,6463.2,6280.6,6020.8,,1869100,1.27,,,,,
2026-04-29,6890,フェローテック,7750.0,7332.0,6877.5,6419.2,,1868500,2.53,,,,,
2026-04-29,6029,アトラグループ,196.0,198.8,168.8,157.7,,1800800,2.31,,,,,
2026-04-29,6324,ハーモニック・ドライブ・システムズ,4745.0,4496.0,4192.7,4063.8,,1778700,1.11,,,,,
2026-04-29,7220,武蔵精密工業,4480.0,4580.0,3442.5,2956.5,,1755600,0.85,,,,,
2026-04-29,3105,日清紡ホールディングス,2047.5,1947.0,1743.3,1652.4,,1734100,1.19,,,,,
2026-04-29,5341,ＡＳＡＨＩ　ＥＩＴＯホールディングス,381.0,391.4,302.2,230.3,,1705400,0.7,,,,,
2026-04-29,3110,日東紡績,28210.0,27190.0,25476.5,22467.5,,1702700,0.73,,,,,
2026-04-29,6217,津田駒工業,1625.0,1924.8,964.0,678.0,,1702300,1.11,,,,,
2026-04-29,6532,ベイカレント,5241.0,5418.2,5120.7,4772.8,,1692400,0.55,,,,,
2026-04-29,3796,いい生活,335.0,337.0,321.6,278.6,,1670900,4.1,,,,,
2026-04-29,2371,カカクコム,2634.0,2550.2,2249.1,1975.8,,1664500,0.61,,,,,
2026-04-29,5074,テスホールディングス,725.0,711.2,649.8,578.7,,1618400,0.7,,,,,
2026-04-29,3444,菊池製作所,1544.0,1553.4,1062.3,893.0,,1541900,0.4,,,,,
2026-04-29,6327,北川精機,2685.0,2245.0,1955.2,1638.5,,1523500,5.4,,,,,
2026-04-29,4385,メルカリ,3873.0,3964.4,3888.8,3611.4,,1483900,0.94,,,,,
2026-04-29,1655,ｉシェアーズ　Ｓ＆Ｐ　５００　米国株　ＥＴＦ,821.7,819.2,790.1,773.3,,1423540,0.95,,,,,
2026-04-29,6504,富士電機,12650.0,12357.0,11598.2,11589.8,,1411200,1.53,,,,,
2026-04-29,6645,オムロン,5301.0,5179.4,4842.4,4748.4,,1399100,1.0,,,,,
2026-04-29,7375,リファインバースグループ,2127.0,2096.6,1832.9,1261.4,,1349600,0.65,,,,,
2026-04-29,9983,ファーストリテイリング,73170.0,71226.0,70466.0,66677.5,,1343200,1.14,,,,,
2026-04-29,4443,Ｓａｎｓａｎ,1290.0,1303.6,1276.0,1210.7,,1338100,0.58,,,,,
2026-04-29,6268,ナブテスコ,5027.0,4801.8,4606.0,4523.6,,1331100,1.51,,,,,
2026-04-29,6770,アルプスアルパイン,2328.0,2290.1,2243.3,2190.6,,1261500,1.16,,,,,
2026-04-29,5301,東海カーボン,1052.0,1049.8,1023.3,1021.9,,1232600,1.09,,,,,
2026-04-29,6197,ソラスト,1117.0,1116.8,1116.3,1023.8,,1226400,2.85,,,,,
2026-04-29,5333,日本碍子,4670.0,4514.2,4392.7,4215.3,,1203200,1.27,,,,,
2026-04-29,6779,日本電波工業,1827.0,1859.2,1604.8,1344.6,,1200400,0.56,,,,,
2026-04-29,7730,マニー,1697.0,1770.4,1669.5,1604.6,,1192700,1.8,,,,,
2026-04-29,6356,日本ギア工業,1685.0,1548.6,1337.4,1331.5,,1184700,0.73,,,,,
2026-04-29,6958,日本シイエムケイ,629.0,613.6,591.7,589.1,,1160600,1.9,,,,,
2026-04-29,8358,スルガ銀行,2360.0,2256.4,2221.7,2081.2,,1157900,1.58,,,,,
2026-04-29,2337,いちご,507.0,511.0,500.1,468.4,,1153300,1.02,,,,,
2026-04-29,7419,ノジマ,1228.0,1228.8,1157.1,1122.3,,1148200,0.55,,,,,
2026-04-29,4182,三菱瓦斯化学,4401.0,4355.0,4154.2,4064.7,,1135200,0.96,,,,,
2026-04-29,3863,日本製紙,1266.0,1379.8,1351.7,1274.9,,1133000,0.77,,,,,
2026-04-29,4651,サニックスホールディングス,240.0,238.6,231.7,218.3,,1129000,0.27,,,,,
2026-04-29,6367,ダイキン工業,21865.0,21446.0,20748.2,19841.2,,1107900,0.87,,,,,
2026-04-29,4288,アズジェント,770.0,812.8,622.2,615.0,,1104400,2.38,,,,,
2026-04-29,7004,カナデビア,1224.0,1208.6,1178.9,1085.9,,1088900,0.95,,,,,
2026-04-29,7157,ライフネット生命保険,2150.0,2168.4,2166.2,2128.4,,1063500,4.54,,,,,
2026-04-29,8508,Ｊトラスト,636.0,615.2,602.0,551.3,,1063100,2.23,,,,,
2026-04-29,4259,エクサウィザーズ,721.0,724.8,713.6,699.8,,1057000,0.64,,,,,
2026-04-29,7956,ピジョン,1740.5,1708.9,1683.6,1651.8,,1036600,1.23,,,,,
2026-04-29,2267,ヤクルト本社,2722.5,2689.2,2680.8,2630.9,,1032200,0.5,,,,,
2026-04-29,6481,ＴＨＫ,5801.0,5607.8,5431.1,5111.8,,986500,1.34,,,,,
2026-04-29,6674,ジーエス・ユアサ　コーポレーション,6164.0,6284.8,6277.1,5320.2,,963300,0.86,,,,,
2026-04-29,3626,ＴＩＳ,3568.0,3598.8,3537.5,3435.4,,960400,0.55,,,,,
2026-04-29,7741,ＨＯＹＡ,29305.0,28801.0,28795.2,28039.2,,952900,0.99,,,,,
2026-04-29,1329,ｉシェアーズ・コア　日経２２５　ＥＴＦ,6241.0,6223.4,5948.3,5784.2,,939484,1.41,,,,,
2026-04-29,6871,日本マイクロニクス,13090.0,12638.0,11966.0,11157.7,,937000,1.15,,,,,
2026-04-29,6999,ＫＯＡ,1824.0,1941.0,1805.5,1722.9,,931300,1.16,,,,,
2026-04-29,2195,アミタホールディングス,547.0,548.8,518.6,409.6,,918000,0.88,,,,,
2026-04-29,6768,タムラ製作所,808.0,784.6,715.5,689.3,,899600,1.02,,,,,
2026-04-29,1407,ウエストホールディングス,2756.0,2513.4,2120.9,1840.2,,885400,0.65,,,,,
2026-04-29,3660,アイスタイル,477.0,470.0,464.9,453.2,,884300,1.08,,,,,
2026-04-29,4169,ＥＮＥＣＨＡＮＧＥ,315.0,316.4,308.2,277.9,,872000,0.7,,,,,
2026-04-29,5334,日本特殊陶業,8547.0,8418.0,8122.4,7627.9,,859700,0.93,,,,,
2026-04-29,4704,トレンドマイクロ,5611.0,5661.4,5533.0,5491.4,,848300,0.49,,,,,
2026-04-29,5985,サンコール,1688.0,1650.6,1552.7,1466.3,,836200,0.38,,,,,
2026-04-29,4180,Ａｐｐｉｅｒ　Ｇｒｏｕｐ,888.0,909.8,891.1,845.5,,830100,0.56,,,,,
2026-04-29,9517,イーレックス,1072.0,993.0,983.8,840.1,,810200,2.04,,,,,
2026-04-29,4324,電通グループ,2978.5,3010.4,2974.5,2879.2,,804200,0.63,,,,,
2026-04-29,6516,山洋電気,7020.0,5972.0,5179.0,4823.7,,801500,5.77,,,,,
2026-04-29,6264,マルマエ,1979.0,1889.2,1739.9,1683.0,,791400,0.88,,,,,
2026-04-29,3546,アレンザホールディングス,1454.0,1454.2,1453.7,1408.0,,789900,17.9,,,,,
2026-04-29,7762,シチズン時計,1819.0,1831.0,1809.0,1707.4,,771100,0.87,,,,,
2026-04-29,4826,ＣＩＪ,506.0,515.2,515.1,512.0,,769400,2.97,,,,,
2026-04-29,5214,日本電気硝子,8186.0,8051.8,7296.9,6683.5,,761200,1.4,,,,,
2026-04-29,4588,オンコリスバイオファーマ,2877.0,2955.4,2645.8,2493.6,,756400,0.81,,,,,
2026-04-29,6997,日本ケミコン,2462.0,2354.2,1958.5,1711.4,,724800,0.69,,,,,
2026-04-29,6522,アスタリスク,1173.0,1241.8,1110.8,750.5,,715400,0.28,,,,,
2026-04-29,5698,エンビプロ・ホールディングス,1133.0,1046.8,959.5,943.0,,715200,1.15,,,,,
2026-04-29,3994,マネーフォワード,4705.0,4941.6,4382.4,3673.1,,695600,0.47,,,,,
2026-04-29,2243,グローバルＸ　半導体　ＥＴＦ,3887.0,3856.6,3402.4,3098.9,,681234,1.56,,,,,
2026-04-29,9941,太洋物産,1194.0,1367.8,1138.2,895.1,,676500,4.17,,,,,
2026-04-29,3661,エムアップホールディングス,736.0,723.2,715.2,706.5,,668300,1.39,,,,,
2026-04-29,6370,栗田工業,8477.0,8044.2,7957.9,7955.6,,661400,1.19,,,,,
2026-04-29,4061,デンカ,4030.0,3897.2,3788.4,3458.8,,641900,0.73,,,,,
2026-04-29,4812,電通総研,2143.0,2177.0,2115.8,2025.3,,638300,1.66,,,,,
2026-04-29,3774,インターネットイニシアティブ,2737.0,2759.8,2641.4,2418.5,,637000,0.85,,,,,
2026-04-29,7719,東京衡機,618.0,698.0,601.7,558.9,,631300,0.32,,,,,
2026-04-29,4373,シンプレクス・ホールディングス,881.0,913.2,875.8,848.1,,624100,0.69,,,,,
2026-04-29,3608,ＴＳＩホールディングス,1363.0,1396.0,1294.2,1159.8,,614800,0.75,,,,,
2026-04-29,3891,ニッポン高度紙工業,6420.0,5329.0,4414.8,4005.4,,605400,3.39,,,,,
2026-04-29,2222,寿スピリッツ,2079.5,2053.3,1972.0,1953.0,,605100,1.2,,,,,
2026-04-29,6787,メイコー,32000.0,29948.0,27967.5,23773.3,,604600,1.3,,,,,
2026-04-29,4186,東京応化工業,9169.0,9081.2,8762.5,8498.1,,586300,0.54,,,,,
2026-04-29,1951,エクシオグループ,2918.0,2860.7,2810.3,2776.6,,583900,1.08,,,,,
2026-04-29,6136,オーエスジー,3218.0,3140.6,2882.7,2749.0,,582900,0.92,,,,,
2026-04-29,8060,キヤノンマーケティングジャパン,3611.0,3653.2,3576.6,3491.2,,580700,0.94,,,,,
2026-04-29,8336,武蔵野銀行,2460.0,2352.6,2338.5,2140.7,,564000,1.23,,,,,
2026-04-29,4478,フリー,2231.0,2352.8,2212.5,2196.8,,557500,0.54,,,,,
2026-04-29,5631,日本製鋼所,9760.0,9725.0,9520.2,9471.9,,554100,0.59,,,,,
2026-04-29,6273,ＳＭＣ,77000.0,72644.0,69003.0,68161.7,,553000,2.04,,,,,
2026-04-29,6703,沖電気工業,3375.0,3404.0,3169.3,2882.0,,534700,0.62,,,,,
2026-04-29,4422,ＶＡＬＵＥＮＥＸ,1155.0,1241.4,992.6,600.4,,534500,0.21,,,,,
2026-04-29,4413,ボードルア,2029.0,2097.6,2057.0,1936.4,,533600,1.03,,,,,
2026-04-29,6235,オプトラン,3870.0,3841.0,3369.3,2909.9,,532600,0.67,,,,,
2026-04-29,5393,ニチアス,3148.0,3127.0,3046.9,2923.8,,521000,0.99,,,,,
2026-04-29,1671,ＷＴＩ原油価格連動型上場投信,5333.0,5167.6,5074.4,4389.0,,520415,0.59,,,,,
2026-04-29,6769,ザインエレクトロニクス,1161.0,1119.8,989.5,910.2,,519300,1.62,,,,,
2026-04-29,6072,地盤ネットホールディングス,1138.0,1179.6,1020.4,891.1,,513900,0.25,,,,,
2026-04-29,4819,デジタルガレージ,2478.0,2536.2,2274.2,2156.3,,513000,1.14,,,,,
2026-04-29,6480,日本トムソン,1061.0,1017.4,991.4,975.4,,510800,1.33,,,,,
2026-04-29,6134,ＦＵＪＩ,6063.0,5912.6,5526.6,5231.4,,509700,1.06,,,,,
2026-04-30,6740,ジャパンディスプレイ,100.0,96.2,95.0,65.6,,286306400,3.45,,,,,
2026-04-30,8918,ランド,10.0,10.2,9.8,9.5,,268367000,1.19,,,,,
2026-04-30,9984,ソフトバンクグループ,5219.0,5626.2,4557.8,4174.8,,101484400,1.05,,,,,
2026-04-30,9434,ソフトバンク,221.9,219.7,218.8,215.4,,87637200,1.29,,,,,
2026-04-30,5803,フジクラ,5971.0,6105.8,5518.7,4576.9,,39274600,0.79,,,,,
2026-04-30,6762,ＴＤＫ,2890.5,2727.4,2409.1,2263.7,,33512200,2.17,,,,,
2026-04-30,6981,村田製作所,5156.0,4932.2,4426.4,3886.9,,30704800,2.89,,,,,
2026-04-30,3436,ＳＵＭＣＯ,2476.0,2321.6,2100.6,1809.4,,29488100,2.26,,,,,
2026-04-30,6723,ルネサスエレクトロニクス,3212.0,3138.0,2767.6,2698.2,,26404400,1.37,,,,,
2026-04-30,6501,日立製作所,4882.0,5143.4,5001.6,4986.4,,22771900,1.48,,,,,
2026-04-30,1306,ＮＥＸＴ　ＦＵＮＤＳ　ＴＯＰＩＸ連動型上場投信,394.1,395.5,395.4,391.5,,17418510,0.98,,,,,
2026-04-30,5016,ＪＸ金属,4790.0,4750.4,4531.3,3880.9,,17397000,0.47,,,,,
2026-04-30,3103,ユニチカ,2438.0,2514.0,2104.0,1604.3,,17314000,0.74,,,,,
2026-04-30,4063,信越化学工業,7246.0,6941.6,6716.5,6200.3,,17278400,2.18,,,,,
2026-04-30,4689,ＬＩＮＥヤフー,412.3,414.8,413.5,398.7,,16224200,0.99,,,,,
2026-04-30,6085,アーキテクツ・スタジオ・ジャパン,615.0,550.4,370.0,266.0,,15236600,1.9,,,,,
2026-04-30,6752,パナソニック　ホールディングス,3203.0,3030.1,2928.4,2644.5,,14720800,1.71,,,,,
2026-04-30,6857,アドバンテスト,28260.0,29370.0,26341.5,25404.4,,13127400,1.08,,,,,
2026-04-30,6503,三菱電機,6231.0,6047.4,5788.3,5600.3,,13025200,2.16,,,,,
2026-04-30,1579,日経平均ブル２倍上場投信,626.8,637.8,592.3,563.3,,12418450,0.73,,,,,
2026-04-30,7868,広済堂ホールディングス,606.0,547.0,515.4,497.4,,8439200,4.61,,,,,
2026-04-30,4062,イビデン,13480.0,12477.0,10197.9,8934.3,,8434800,1.24,,,,,
2026-04-30,2802,味の素,5090.0,4798.2,4689.9,4512.2,,7469200,2.7,,,,,
2026-04-30,3936,グローバルウェイ,186.0,199.8,158.6,142.1,,7290100,0.5,,,,,
2026-04-30,6971,京セラ,2710.5,2693.0,2627.2,2590.8,,7143300,1.68,,,,,
2026-04-30,6098,リクルートホールディングス,7303.0,7387.6,7288.3,6902.1,,7038100,1.15,,,,,
2026-04-30,6976,太陽誘電,6392.0,6447.4,5581.3,4632.5,,6450100,1.66,,,,,
2026-04-30,8766,東京海上ホールディングス,7202.0,7170.4,7143.2,6623.9,,5962600,0.98,,,,,
2026-04-30,6594,ニデック,2397.0,2415.6,2293.2,2282.8,,5706100,1.06,,,,,
2026-04-30,6506,安川電機,5520.0,5332.8,5022.0,4909.9,,5521200,1.25,,,,,
2026-04-30,1568,ＴＯＰＩＸブル２倍上場投信,845.2,849.6,849.2,840.4,,5334470,1.15,,,,,
2026-04-30,2334,イオレ,504.0,447.0,417.5,402.6,,5295700,2.97,,,,,
2026-04-30,5333,日本碍子,4961.0,4610.2,4430.4,4236.5,,4866100,4.87,,,,,
2026-04-30,5802,住友電気工業,10190.0,10132.0,9992.3,9576.0,,4630900,0.79,,,,,
2026-04-30,8002,丸紅,6072.0,5986.2,5966.0,5759.9,,4607700,1.27,,,,,
2026-04-30,6232,ＡＣＳＬ,2359.0,2364.8,1855.7,1538.9,,4527000,0.87,,,,,
2026-04-30,9962,ミスミグループ本社,3589.0,3272.0,3039.6,2977.3,,4346700,3.32,,,,,
2026-04-30,3664,モブキャストホールディングス,34.0,35.6,35.5,33.9,,4217200,0.76,,,,,
2026-04-30,8035,東京エレクトロン,44390.0,45594.0,43244.0,41784.3,,4081000,1.32,,,,,
2026-04-30,6613,ＱＤレーザ,1419.0,1484.0,1313.2,1058.0,,4011900,0.36,,,,,
2026-04-30,6754,アンリツ,4039.0,3786.8,3429.3,2964.5,,3721200,1.73,,,,,
2026-04-30,1570,ＮＥＸＴ　ＦＵＮＤＳ　日経平均レバレッジ・インデックス連動型上場投信,58070.0,59062.0,54910.5,52256.2,,3686395,1.0,,,,,
2026-04-30,7741,ＨＯＹＡ,29100.0,28886.0,28870.2,28093.1,,3573900,3.62,,,,,
2026-04-30,6525,ＫＯＫＵＳＡＩ　ＥＬＥＣＴＲＩＣ,6378.0,6569.2,6384.2,6062.0,,3527800,0.66,,,,,
2026-04-30,2563,ｉシェアーズ　Ｓ＆Ｐ　５００　米国株　ＥＴＦ（為替ヘッジあり）,380.0,380.6,369.1,365.0,,3520090,6.43,,,,,
2026-04-30,5301,東海カーボン,1119.0,1065.3,1029.3,1022.8,,3456100,2.95,,,,,
2026-04-30,5801,古河電気工業,42370.0,42674.0,42363.5,31095.2,,3259100,0.7,,,,,
2026-04-30,6920,レーザーテック,42690.0,44250.0,41259.5,35779.4,,3092200,0.64,,,,,
2026-04-30,6965,浜松ホトニクス,2023.0,1982.8,1933.4,1909.8,,2942400,1.03,,,,,
2026-04-30,5074,テスホールディングス,773.0,727.6,657.5,585.4,,2908400,1.23,,,,,
2026-04-30,6645,オムロン,5573.0,5275.0,4891.1,4776.0,,2872900,2.02,,,,,
2026-04-30,1475,ｉシェアーズ・コア　ＴＯＰＩＸ　ＥＴＦ,385.5,386.3,386.1,382.5,,2861120,0.7,,,,,
2026-04-30,9412,スカパーＪＳＡＴホールディングス,3450.0,3262.0,3180.9,2941.5,,2790600,1.68,,,,,
2026-04-30,6383,ダイフク,6780.0,6545.6,6325.6,6041.5,,2753900,1.9,,,,,
2026-04-30,4578,大塚ホールディングス,11400.0,10981.0,10860.0,10576.5,,2747400,2.35,,,,,
2026-04-30,6324,ハーモニック・ドライブ・システムズ,5220.0,4663.0,4271.0,4094.1,,2526800,1.51,,,,,
2026-04-30,6146,ディスコ,74010.0,74036.0,70285.5,70210.5,,2488500,0.91,,,,,
2026-04-30,5706,三井金属,42350.0,39702.0,36296.0,31880.7,,2464100,1.36,,,,,
2026-04-30,9147,ＮＩＰＰＯＮ　ＥＸＰＲＥＳＳホールディングス,4101.0,3946.8,3848.6,3731.3,,2354100,1.73,,,,,
2026-04-30,6532,ベイカレント,5060.0,5230.2,5136.0,4766.5,,2349000,0.78,,,,,
2026-04-30,6504,富士電機,13085.0,12628.0,11684.2,11624.7,,2329700,2.34,,,,,
2026-04-30,6268,ナブテスコ,5206.0,4913.0,4654.7,4540.7,,2326700,2.43,,,,,
2026-04-30,4684,オービック,4161.0,4210.4,4109.5,4011.2,,2231800,0.84,,,,,
2026-04-30,4004,レゾナック・ホールディングス,14215.0,13976.0,13009.0,11511.1,,2221600,0.79,,,,,
2026-04-30,1699,ＮＥＸＴ　ＦＵＮＤＳ　ＮＯＭＵＲＡ　原油インデックス連動型上場投信,683.7,635.0,599.9,535.7,,2214670,1.28,,,,,
2026-04-30,6770,アルプスアルパイン,2366.5,2303.6,2250.1,2196.5,,2188200,1.97,,,,,
2026-04-30,3626,ＴＩＳ,3417.0,3543.6,3534.8,3417.3,,2041000,1.29,,,,,
2026-04-30,3110,日東紡績,28540.0,27406.0,25860.0,22696.0,,2028500,0.9,,,,,
2026-04-30,2371,カカクコム,2621.0,2650.2,2272.4,1984.3,,1980700,0.72,,,,,
2026-04-30,4022,ラサ工業,2128.0,2005.2,1782.1,1771.7,,1946500,1.56,,,,,
2026-04-30,4385,メルカリ,3774.0,3905.2,3882.9,3617.2,,1915700,1.21,,,,,
2026-04-30,3923,ラクス,856.3,851.5,827.7,805.8,,1881800,0.53,,,,,
2026-04-30,2644,グローバルＸ　半導体関連－日本株式　ＥＴＦ,3643.0,3688.2,3479.3,3299.1,,1825205,1.13,,,,,
2026-04-30,6481,ＴＨＫ,5873.0,5671.8,5472.7,5133.1,,1794200,2.39,,,,,
2026-04-30,6367,ダイキン工業,21965.0,21592.0,20861.8,19897.6,,1781400,1.37,,,,,
2026-04-30,5341,ＡＳＡＨＩ　ＥＩＴＯホールディングス,375.0,380.4,312.4,233.1,,1756900,0.71,,,,,
2026-04-30,6323,ローツェ,3670.0,3736.2,3520.5,3238.2,,1706100,0.75,,,,,
2026-04-30,3776,ブロードバンドタワー,246.0,232.4,232.1,223.5,,1678400,3.67,,,,,
2026-04-30,1671,ＷＴＩ原油価格連動型上場投信,5976.0,5384.6,5124.5,4434.1,,1587865,1.89,,,,,
2026-04-30,9519,レノバ,1111.0,1071.2,998.9,829.7,,1578200,0.82,,,,,
2026-04-30,6327,北川精機,2867.0,2386.8,2022.3,1668.9,,1570100,4.03,,,,,
2026-04-30,7956,ピジョン,1687.0,1710.6,1685.5,1653.1,,1565900,1.81,,,,,
2026-04-30,7735,ＳＣＲＥＥＮホールディングス,10230.0,10485.0,10308.1,10228.0,,1565000,0.75,,,,,
2026-04-30,8508,Ｊトラスト,668.0,627.6,608.0,554.3,,1555200,2.82,,,,,
2026-04-30,1407,ウエストホールディングス,2877.0,2634.8,2173.2,1861.7,,1548900,1.21,,,,,
2026-04-30,1655,ｉシェアーズ　Ｓ＆Ｐ　５００　米国株　ＥＴＦ,824.5,821.2,793.8,774.2,,1548030,1.03,,,,,
2026-04-30,7220,武蔵精密工業,4295.0,4550.0,3515.3,2982.8,,1527600,0.7,,,,,
2026-04-30,3105,日清紡ホールディングス,2063.0,1972.2,1771.3,1662.9,,1521400,0.96,,,,,
2026-04-30,6861,キーエンス,71300.0,68986.0,63333.5,60511.3,,1491600,1.57,,,,,
2026-04-30,2175,エス・エム・エス,1779.0,1790.4,1741.1,1717.9,,1486400,4.51,,,,,
2026-04-30,9983,ファーストリテイリング,73590.0,71602.0,70962.0,66924.0,,1485500,1.25,,,,,
2026-04-30,6768,タムラ製作所,837.0,799.2,725.6,692.6,,1485500,1.67,,,,,
2026-04-30,6113,アマダ,2629.0,2576.9,2442.5,2385.9,,1452200,1.0,,,,,
2026-04-30,7256,河西工業,345.0,385.6,302.6,274.5,,1436300,0.34,,,,,
2026-04-30,3444,菊池製作所,1525.0,1581.8,1101.7,904.3,,1365600,0.35,,,,,
2026-04-30,7419,ノジマ,1219.0,1233.2,1162.1,1124.7,,1364700,0.63,,,,,
2026-04-30,2267,ヤクルト本社,2732.5,2715.7,2683.9,2634.9,,1359900,0.65,,,,,
2026-04-30,6072,地盤ネットホールディングス,1024.0,1152.8,1027.3,904.8,,1353200,0.7,,,,,
2026-04-30,3778,さくらインターネット,3130.0,3368.0,3355.2,3003.9,,1315500,0.34,,,,,
2026-04-30,4182,三菱瓦斯化学,4400.0,4369.2,4180.8,4086.9,,1287400,1.1,,,,,
2026-04-30,2012,ｉシェアーズ　米国債０－３ヶ月　ＥＴＦ,241.5,240.1,239.2,236.3,,1277210,6.22,,,,,
2026-04-30,6997,日本ケミコン,2660.0,2396.2,2016.7,1730.9,,1261600,1.22,,,,,
2026-04-30,4704,トレンドマイクロ,5476.0,5580.8,5538.2,5481.8,,1219300,0.71,,,,,
2026-04-30,6890,フェローテック,7530.0,7438.0,6916.5,6445.8,,1190300,1.35,,,,,
2026-04-30,4373,シンプレクス・ホールディングス,879.0,897.0,878.5,846.8,,1172800,1.28,,,,,
2026-04-30,6779,日本電波工業,1890.0,1832.8,1636.8,1359.1,,1166800,0.56,,,,,
2026-04-30,5985,サンコール,1688.0,1660.2,1562.0,1478.6,,1123600,0.55,,,,,
2026-04-30,4324,電通グループ,2986.0,2992.6,2985.2,2879.1,,1123500,0.99,,,,,
2026-04-30,3660,アイスタイル,463.0,468.8,465.9,453.4,,1109700,1.31,,,,,
2026-04-30,8358,スルガ銀行,2314.0,2274.2,2230.8,2087.5,,1108600,1.4,,,,,
2026-04-30,5334,日本特殊陶業,8411.0,8391.4,8167.4,7655.6,,1062800,1.24,,,,,
2026-04-30,7375,リファインバースグループ,2121.0,2067.8,1873.0,1282.0,,1026600,0.56,,,,,
2026-04-30,4169,ＥＮＥＣＨＡＮＧＥ,307.0,315.0,309.2,278.4,,1022900,0.83,,,,,
2026-04-30,3774,インターネットイニシアティブ,2772.5,2762.2,2655.2,2423.1,,947100,1.22,,,,,
2026-04-30,1721,コムシスホールディングス,5647.0,5639.0,5366.6,5323.7,,930400,1.06,,,,,
2026-04-30,7004,カナデビア,1194.0,1211.0,1184.4,1088.8,,917900,0.8,,,,,
2026-04-30,2337,いちご,500.0,509.2,501.0,470.0,,887800,0.79,,,,,
2026-04-30,6862,ミナトホールディングス,2841.0,2618.8,2383.8,2291.2,,879400,2.2,,,,,
2026-04-30,6235,オプトラン,4075.0,3930.0,3432.8,2943.8,,876600,1.22,,,,,
2026-04-30,2195,アミタホールディングス,567.0,550.8,521.8,412.5,,874600,0.83,,,,,
2026-04-30,1951,エクシオグループ,2874.0,2870.3,2816.6,2781.5,,864900,1.57,,,,,
2026-04-30,2491,バリューコマース,467.0,465.6,465.3,451.7,,861100,2.59,,,,,
2026-04-30,4180,Ａｐｐｉｅｒ　Ｇｒｏｕｐ,886.0,895.0,892.6,843.0,,857600,0.59,,,,,
2026-04-30,4186,東京応化工業,9086.0,9048.6,8824.9,8528.2,,840800,0.83,,,,,
2026-04-30,4061,デンカ,4100.0,3988.2,3804.7,3477.7,,838200,0.95,,,,,
2026-04-30,6370,栗田工業,8429.0,8166.4,7992.9,7967.5,,827500,1.48,,,,,
2026-04-30,5214,日本電気硝子,8145.0,8105.0,7390.2,6707.5,,822700,1.43,,,,,
2026-04-30,3445,ＲＳ　Ｔｅｃｈｎｏｌｏｇｉｅｓ,5990.0,5310.0,4488.5,4114.6,,808800,4.35,,,,,
2026-04-30,4021,日産化学,6775.0,6700.2,6475.6,6383.8,,801000,1.54,,,,,
2026-04-30,4812,電通総研,2199.0,2171.4,2124.7,2021.3,,797800,2.0,,,,,
2026-04-30,6871,日本マイクロニクス,12960.0,12796.0,12103.0,11225.0,,794900,0.99,,,,,
2026-04-30,6480,日本トムソン,1102.0,1031.8,1000.9,978.4,,794800,2.01,,,,,
2026-04-30,6197,ソラスト,1119.0,1117.4,1116.4,1027.2,,790000,1.51,,,,,
2026-04-30,6201,豊田自動織機,20430.0,20453.0,20448.0,20321.8,,773500,0.76,,,,,
2026-04-30,6407,ＣＫＤ,6040.0,5750.0,5456.8,4979.6,,768200,1.76,,,,,
2026-04-30,2531,宝ホールディングス,1770.0,1784.3,1771.4,1640.8,,758000,1.36,,,,,
2026-04-30,9534,北海道瓦斯,827.0,897.4,895.2,888.7,,744300,4.95,,,,,
2026-04-30,4651,サニックスホールディングス,231.0,234.2,232.5,218.4,,743400,0.18,,,,,
2026-04-30,6617,東光高岳,7550.0,6414.0,5848.0,5407.8,,741300,5.86,,,,,
2026-04-30,6276,シリウスビジョン,295.0,317.4,268.2,266.5,,737100,0.54,,,,,
2026-04-30,6356,日本ギア工業,1586.0,1620.6,1351.5,1343.6,,714900,0.43,,,,,
2026-04-30,6136,オーエスジー,3268.0,3184.4,2914.6,2759.9,,709500,1.11,,,,,
2026-04-30,5631,日本製鋼所,9489.0,9724.8,9532.2,9487.8,,709100,0.76,,,,,
2026-04-30,6656,インスペック,723.0,683.4,632.9,624.4,,704100,21.38,,,,,
2026-04-30,3608,ＴＳＩホールディングス,1315.0,1371.4,1305.3,1164.2,,702600,0.96,,,,,
2026-04-30,6996,ニチコン,2421.0,2295.6,2086.6,1977.2,,692900,1.61,,,,,
2026-04-30,6999,ＫＯＡ,1882.0,1905.4,1822.1,1728.2,,679300,0.8,,,,,
2026-04-30,1329,ｉシェアーズ・コア　日経２２５　ＥＴＦ,6169.0,6217.8,5977.2,5794.6,,664734,0.92,,,,,
2026-04-30,7762,シチズン時計,1813.0,1816.2,1812.9,1714.9,,662500,0.79,,,,,
2026-04-30,2038,ＮＥＸＴ　ＮＯＴＥＳ　ドバイ原油先物　ダブル・ブル　ＥＴＮ,3044.0,2810.4,2565.2,2282.2,,660327,1.96,,,,,
2026-04-30,6522,アスタリスク,1141.0,1199.8,1113.7,762.8,,649500,0.25,,,,,
2026-04-30,4368,扶桑化学工業,3260.0,3121.6,3019.2,2957.7,,648600,1.45,,,,,
2026-04-30,6217,津田駒工業,1583.0,1854.8,1019.8,696.0,,647300,0.41,,,,,
2026-04-30,7740,タムロン,1081.0,1089.0,1073.9,1035.3,,645700,1.4,,,,,
2026-04-30,6958,日本シイエムケイ,627.0,615.2,595.0,590.5,,636800,0.97,,,,,
2026-04-30,5578,ＡＲアドバンストテクノロジ,1023.0,1034.4,988.4,944.6,,634500,3.42,,,,,
2026-04-30,8060,キヤノンマーケティングジャパン,3575.0,3648.2,3579.0,3494.7,,633200,1.0,,,,,
2026-04-30,9941,太洋物産,1025.0,1321.4,1146.0,900.7,,622100,2.73,,,,,
2026-04-30,6703,沖電気工業,3345.0,3385.0,3196.2,2903.8,,621200,0.72,,,,,
2026-04-30,4478,フリー,2266.0,2264.0,2221.6,2189.4,,612900,0.63,,,,,
2026-04-30,2222,寿スピリッツ,2012.5,2038.9,1978.3,1956.7,,601900,1.21,,,,,
2026-04-30,6273,ＳＭＣ,76080.0,73712.0,69621.0,68427.2,,595700,1.96,,,,,
2026-04-30,2865,グローバルＸ　ＮＡＳＤＡＱ１００・カバード・コール　ＥＴＦ,1272.0,1260.4,1236.6,1217.4,,579994,2.48,,,,,
2026-04-30,3853,アステリア,1490.0,1560.8,1548.9,1378.3,,562900,0.52,,,,,
2026-04-30,6143,ソディック,1558.0,1505.6,1428.7,1362.8,,558000,1.83,,,,,
2026-04-30,9449,ＧＭＯインターネットグループ,3080.0,3120.2,3105.2,3072.0,,556400,1.34,,,,,
2026-04-30,6264,マルマエ,1910.0,1917.8,1758.2,1692.1,,539700,0.69,,,,,
2026-04-30,6769,ザインエレクトロニクス,1188.0,1133.2,1003.0,916.4,,535600,1.48,,,,,
2026-04-30,6101,ツガミ,4690.0,4367.0,4126.5,3792.9,,509300,1.19,,,,,
2026-05-01,8918,ランド,10.0,10.2,9.8,9.5,,229910600,0.99,,,,,
2026-05-01,6740,ジャパンディスプレイ,89.0,95.0,94.8,66.7,,120637600,1.18,,,,,
2026-05-01,9984,ソフトバンクグループ,5424.0,5543.6,4648.8,4197.0,,72065400,0.74,,,,,
2026-05-01,9434,ソフトバンク,220.6,220.0,219.1,215.6,,60774500,0.91,,,,,
2026-05-01,5803,フジクラ,5808.0,6088.8,5594.4,4618.6,,28397000,0.59,,,,,
2026-05-01,6981,村田製作所,5138.0,4997.2,4509.4,3921.1,,18404600,1.49,,,,,
2026-05-01,5016,ＪＸ金属,4770.0,4773.8,4593.4,3921.2,,14941500,0.52,,,,,
2026-05-01,6762,ＴＤＫ,2775.5,2750.1,2450.6,2276.8,,14435800,0.82,,,,,
2026-05-01,6723,ルネサスエレクトロニクス,3205.0,3119.0,2813.6,2710.8,,13729300,0.65,,,,,
2026-05-01,4689,ＬＩＮＥヤフー,419.7,415.1,414.9,399.1,,12586700,0.88,,,,,
2026-05-01,6752,パナソニック　ホールディングス,3324.0,3114.0,2957.4,2665.5,,12213500,1.3,,,,,
2026-05-01,3436,ＳＵＭＣＯ,2533.0,2395.6,2141.6,1825.4,,12210700,0.83,,,,,
2026-05-01,6232,ＡＣＳＬ,2502.0,2413.0,1906.5,1562.9,,11766500,2.19,,,,,
2026-05-01,6971,京セラ,2746.5,2702.8,2643.2,2597.6,,11631800,2.52,,,,,
2026-05-01,6501,日立製作所,4795.0,5061.8,5007.6,4978.2,,11393000,0.74,,,,,
2026-05-01,6701,日本電気,4035.0,4343.6,4220.5,4210.7,,11361500,1.0,,,,,
2026-05-01,3103,ユニチカ,2382.0,2420.2,2163.4,1634.3,,10667900,0.55,,,,,
2026-05-01,2267,ヤクルト本社,3087.0,2808.6,2704.2,2644.4,,9656600,4.56,,,,,
2026-05-01,6085,アーキテクツ・スタジオ・ジャパン,515.0,565.2,381.5,273.7,,9487800,1.01,,,,,
2026-05-01,4063,信越化学工業,7104.0,7029.6,6751.1,6233.3,,8745000,1.02,,,,,
2026-05-01,6920,レーザーテック,42930.0,44156.0,41655.0,35973.1,,7701500,1.82,,,,,
2026-05-01,1579,日経平均ブル２倍上場投信,632.5,639.1,599.2,565.4,,7430870,0.45,,,,,
2026-05-01,6857,アドバンテスト,27815.0,29353.0,26676.0,25462.9,,7144100,0.59,,,,,
2026-05-01,6503,三菱電機,6071.0,6085.4,5834.0,5621.3,,6295700,0.92,,,,,
2026-05-01,6613,ＱＤレーザ,1419.0,1459.0,1330.0,1073.5,,6150200,0.61,,,,,
2026-05-01,8035,東京エレクトロン,47450.0,45988.0,43715.5,41914.2,,5915900,1.89,,,,,
2026-05-01,8308,りそなホールディングス,1927.0,1906.0,1892.9,1873.7,,5900900,0.54,,,,,
2026-05-01,6976,太陽誘電,6143.0,6434.4,5695.4,4680.4,,5832400,1.52,,,,,
2026-05-01,2334,イオレ,502.0,462.8,422.3,404.0,,5755000,2.69,,,,,
2026-05-01,6770,アルプスアルパイン,2012.5,2249.5,2244.1,2197.8,,5384600,4.32,,,,,
2026-05-01,4062,イビデン,13375.0,12925.0,10477.9,9028.4,,5100600,0.74,,,,,
2026-05-01,5074,テスホールディングス,808.0,743.8,667.5,593.0,,5091000,2.04,,,,,
2026-05-01,6954,ファナック,6820.0,6833.6,6286.1,6274.2,,4880600,0.62,,,,,
2026-05-01,6525,ＫＯＫＵＳＡＩ　ＥＬＥＣＴＲＩＣ,6500.0,6553.4,6449.7,6069.7,,4560900,0.96,,,,,
2026-05-01,5802,住友電気工業,9900.0,10071.0,10032.1,9627.6,,4356600,0.8,,,,,
2026-05-01,8766,東京海上ホールディングス,7093.0,7174.6,7134.8,6646.2,,3972600,0.66,,,,,
2026-05-01,2802,味の素,4882.0,4856.6,4701.1,4535.3,,3912900,1.19,,,,,
2026-05-01,6098,リクルートホールディングス,7361.0,7347.6,7310.3,6887.1,,3535400,0.56,,,,,
2026-05-01,6268,ナブテスコ,5041.0,4998.8,4701.9,4555.6,,3431300,3.05,,,,,
2026-05-01,7868,広済堂ホールディングス,608.0,568.0,520.7,499.3,,3334200,1.28,,,,,
2026-05-01,6506,安川電機,5521.0,5406.8,5087.5,4922.5,,3308100,0.74,,,,,
2026-05-01,9412,スカパーＪＳＡＴホールディングス,3515.0,3331.0,3207.7,2962.6,,3303900,1.79,,,,,
2026-05-01,9962,ミスミグループ本社,3428.0,3357.4,3075.4,2989.9,,2736400,1.67,,,,,
2026-05-01,1570,ＮＥＸＴ　ＦＵＮＤＳ　日経平均レバレッジ・インデックス連動型上場投信,58570.0,59182.0,55539.0,52449.2,,2557450,0.68,,,,,
2026-05-01,4373,シンプレクス・ホールディングス,921.0,894.8,883.9,846.3,,2461000,2.78,,,,,
2026-05-01,5301,東海カーボン,1145.5,1084.9,1037.1,1024.4,,2443700,1.73,,,,,
2026-05-01,6754,アンリツ,3858.0,3844.0,3476.6,2992.8,,2390200,1.0,,,,,
2026-05-01,6594,ニデック,2398.0,2416.0,2308.1,2284.8,,2312800,0.42,,,,,
2026-05-01,5333,日本碍子,5121.0,4758.6,4483.6,4261.5,,2150700,1.56,,,,,
2026-05-01,9041,近鉄グループホールディングス,3453.0,3370.4,3358.9,3293.9,,2093300,2.75,,,,,
2026-05-01,3936,グローバルウェイ,176.0,187.4,161.2,142.7,,2088400,0.14,,,,,
2026-05-01,4288,アズジェント,727.0,803.4,642.7,618.3,,2080200,3.43,,,,,
2026-05-01,6367,ダイキン工業,22855.0,21945.0,21027.2,19961.8,,2049200,1.45,,,,,
2026-05-01,5214,日本電気硝子,7032.0,7910.0,7424.3,6714.6,,2036900,3.32,,,,,
2026-05-01,7162,アストマックス,298.0,237.8,233.6,222.8,,2036000,28.9,,,,,
2026-05-01,6965,浜松ホトニクス,2006.0,2001.3,1942.8,1915.2,,1991100,0.7,,,,,
2026-05-01,7735,ＳＣＲＥＥＮホールディングス,10390.0,10496.0,10376.3,10238.4,,1902200,0.95,,,,,
2026-05-01,3923,ラクス,861.6,852.4,833.0,805.6,,1861900,0.56,,,,,
2026-05-01,3110,日東紡績,28160.0,27928.0,26287.5,22926.5,,1845500,0.87,,,,,
2026-05-01,6383,ダイフク,6777.0,6632.6,6376.2,6063.9,,1839400,1.19,,,,,
2026-05-01,6361,荏原製作所,5242.0,5348.4,5099.4,5079.9,,1790600,0.6,,,,,
2026-05-01,4004,レゾナック・ホールディングス,14045.0,14035.0,13183.5,11599.2,,1771800,0.64,,,,,
2026-05-01,7220,武蔵精密工業,4250.0,4489.0,3592.7,3009.7,,1738700,0.77,,,,,
2026-05-01,5706,三井金属,41060.0,40548.0,36866.5,32235.1,,1669300,0.94,,,,,
2026-05-01,6861,キーエンス,76460.0,71584.0,64312.5,60855.8,,1667000,1.61,,,,,
2026-05-01,1655,ｉシェアーズ　Ｓ＆Ｐ　５００　米国株　ＥＴＦ,819.4,821.6,797.6,775.1,,1657960,1.11,,,,,
2026-05-01,6146,ディスコ,72250.0,74086.0,70719.5,70376.3,,1636400,0.6,,,,,
2026-05-01,8508,Ｊトラスト,662.0,638.0,613.0,557.4,,1622400,2.76,,,,,
2026-05-01,4684,オービック,4109.0,4179.4,4118.8,4009.3,,1610900,0.62,,,,,
2026-05-01,4169,ＥＮＥＣＨＡＮＧＥ,331.0,318.8,311.1,279.2,,1583900,1.32,,,,,
2026-05-01,6645,オムロン,5588.0,5366.0,4950.1,4804.1,,1577200,0.98,,,,,
2026-05-01,6217,津田駒工業,1610.0,1710.2,1077.0,714.9,,1557000,1.05,,,,,
2026-05-01,6323,ローツェ,3704.0,3772.6,3574.8,3246.6,,1548100,0.71,,,,,
2026-05-01,5334,日本特殊陶業,7962.0,8302.6,8192.8,7680.6,,1537700,1.79,,,,,
2026-05-01,6504,富士電機,13180.0,12833.0,11805.0,11665.8,,1536600,1.32,,,,,
2026-05-01,6532,ベイカレント,5088.0,5164.6,5159.3,4759.5,,1525600,0.49,,,,,
2026-05-01,1407,ウエストホールディングス,2884.0,2740.4,2225.7,1883.7,,1520300,1.25,,,,,
2026-05-01,5985,サンコール,1718.0,1678.8,1577.8,1491.1,,1518000,0.84,,,,,
2026-05-01,6197,ソラスト,1119.0,1117.8,1116.6,1030.6,,1493600,2.73,,,,,
2026-05-01,6890,フェローテック,8090.0,7616.0,7005.0,6486.2,,1432200,1.57,,,,,
2026-05-01,9519,レノバ,1111.0,1095.8,1009.9,836.9,,1396500,0.73,,,,,
2026-05-01,3105,日清紡ホールディングス,2009.0,1997.5,1796.8,1670.2,,1378000,0.82,,,,,
2026-05-01,6113,アマダ,2630.0,2601.8,2463.3,2396.7,,1325900,0.91,,,,,
2026-05-01,4578,大塚ホールディングス,11220.0,11051.0,10855.0,10609.6,,1284400,0.96,,,,,
2026-05-01,5208,有沢製作所,2277.0,2612.4,2512.6,2438.1,,1273200,5.55,,,,,
2026-05-01,5341,ＡＳＡＨＩ　ＥＩＴＯホールディングス,355.0,372.6,321.7,235.5,,1255700,0.5,,,,,
2026-05-01,9147,ＮＩＰＰＯＮ　ＥＸＰＲＥＳＳホールディングス,4121.0,4019.8,3869.7,3741.6,,1253800,0.83,,,,,
2026-05-01,6324,ハーモニック・ドライブ・システムズ,5150.0,4839.0,4350.2,4124.4,,1245100,0.71,,,,,
2026-05-01,6235,オプトラン,4360.0,4015.0,3517.0,2983.1,,1177900,1.64,,,,,
2026-05-01,6264,マルマエ,2041.0,1963.4,1784.1,1704.4,,1168800,1.59,,,,,
2026-05-01,2371,カカクコム,2581.5,2642.3,2294.9,1992.3,,1122800,0.4,,,,,
2026-05-01,3776,ブロードバンドタワー,242.0,235.4,233.4,224.4,,1090100,2.0,,,,,
2026-05-01,2012,ｉシェアーズ　米国債０－３ヶ月　ＥＴＦ,236.5,239.4,239.1,236.4,,982560,3.43,,,,,
2026-05-01,6522,アスタリスク,1182.0,1189.2,1118.0,775.9,,982300,0.41,,,,,
2026-05-01,6481,ＴＨＫ,5787.0,5740.0,5519.9,5153.2,,968800,1.14,,,,,
2026-05-01,8359,八十二長野銀行,2094.5,2087.4,2079.7,2033.4,,967000,0.77,,,,,
2026-05-01,2337,いちご,496.0,505.8,501.4,471.5,,953200,0.94,,,,,
2026-05-01,5631,日本製鋼所,9283.0,9630.4,9541.5,9500.9,,946400,1.12,,,,,
2026-05-01,6769,ザインエレクトロニクス,1292.0,1184.0,1022.9,924.1,,935000,2.3,,,,,
2026-05-01,6480,日本トムソン,1145.0,1061.2,1013.9,981.9,,933900,2.13,,,,,
2026-05-01,7004,カナデビア,1200.0,1211.4,1190.8,1091.8,,908100,0.83,,,,,
2026-05-01,9983,ファーストリテイリング,72890.0,72322.0,71456.0,67136.0,,891200,0.73,,,,,
2026-05-01,6768,タムラ製作所,842.0,816.0,736.5,696.3,,883700,0.92,,,,,
2026-05-01,2644,グローバルＸ　半導体関連－日本株式　ＥＴＦ,3664.0,3694.0,3512.1,3310.2,,875319,0.55,,,,,
2026-05-01,4691,ワシントンホテル,2351.0,2132.4,1947.3,1606.6,,856900,5.29,,,,,
2026-05-01,4061,デンカ,4173.0,4068.8,3827.8,3498.4,,851600,0.94,,,,,
2026-05-01,6454,マックス,1796.0,1721.0,1692.3,1685.7,,835100,3.21,,,,,
2026-05-01,6958,日本シイエムケイ,641.0,623.2,599.6,592.2,,829900,1.25,,,,,
2026-05-01,6862,ミナトホールディングス,3060.0,2740.2,2435.9,2317.1,,825100,1.98,,,,,
2026-05-01,6779,日本電波工業,1895.0,1840.6,1671.0,1374.1,,824300,0.4,,,,,
2026-05-01,2865,グローバルＸ　ＮＡＳＤＡＱ１００・カバード・コール　ＥＴＦ,1257.0,1261.6,1239.2,1218.2,,792038,2.82,,,,,
2026-05-01,4588,オンコリスバイオファーマ,2717.0,2864.8,2690.9,2528.8,,772800,0.87,,,,,
2026-05-01,7740,タムロン,1069.0,1081.4,1076.2,1035.9,,759800,1.81,,,,,
2026-05-01,6817,スミダコーポレーション,1238.0,1314.4,1263.5,1201.3,,743300,2.31,,,,,
2026-05-01,4403,日油,3237.0,3206.6,3200.9,3095.6,,739400,1.24,,,,,
2026-05-01,1699,ＮＥＸＴ　ＦＵＮＤＳ　ＮＯＭＵＲＡ　原油インデックス連動型上場投信,660.5,644.7,602.7,540.0,,723730,0.39,,,,,
2026-05-01,7256,河西工業,345.0,379.6,307.0,277.6,,719800,0.17,,,,,
2026-05-01,9941,太洋物産,1127.0,1277.0,1158.5,908.2,,700400,2.44,,,,,
2026-05-01,4182,三菱瓦斯化学,4368.0,4390.0,4213.7,4108.8,,697500,0.61,,,,,
2026-05-01,3660,アイスタイル,466.0,468.0,467.6,453.7,,695800,0.84,,,,,
2026-05-01,3444,菊池製作所,1415.0,1528.2,1137.3,913.8,,678700,0.17,,,,,
2026-05-01,8358,スルガ銀行,2266.0,2291.4,2240.4,2093.6,,677400,0.83,,,,,
2026-05-01,5597,ブルーイノベーション,1912.0,1832.0,1748.7,1631.7,,676200,1.63,,,,,
2026-05-01,6135,牧野フライス製作所,12660.0,11990.0,11638.0,11606.2,,671600,1.7,,,,,
2026-05-01,4022,ラサ工業,2131.0,2088.4,1813.3,1783.4,,664800,0.52,,,,,
2026-05-01,6840,ＡＫＩＢＡホールディングス,589.0,555.4,521.8,510.8,,663800,1.46,,,,,
2026-05-01,6370,栗田工業,8044.0,8209.8,8016.4,7975.9,,653800,1.1,,,,,
2026-05-01,7839,ＳＨＯＥＩ,1850.0,1716.4,1701.0,1686.6,,646400,1.74,,,,,
2026-05-01,2841,ｉＦｒｅｅＥＴＦ　ＮＡＳＤＡＱ１００（為替ヘッジあり）,1590.0,1575.8,1502.7,1457.0,,626707,7.08,,,,,
2026-05-01,6997,日本ケミコン,2651.0,2477.8,2076.3,1751.2,,619700,0.58,,,,,
2026-05-01,4186,東京応化工業,8931.0,9056.2,8897.9,8555.9,,618000,0.66,,,,,
2026-05-01,7956,ピジョン,1676.0,1706.2,1687.4,1654.1,,602800,0.63,,,,,
2026-05-01,6440,ＪＵＫＩ,799.0,765.6,719.0,682.7,,602000,2.15,,,,,
2026-05-01,4422,ＶＡＬＵＥＮＥＸ,1014.0,1141.8,1049.5,620.4,,598700,0.28,,,,,
2026-05-01,6072,地盤ネットホールディングス,1041.0,1104.2,1038.0,918.8,,597000,0.31,,,,,
2026-05-01,4819,デジタルガレージ,2511.0,2519.0,2319.3,2156.4,,591000,1.22,,,,,
2026-05-01,6996,ニチコン,2335.0,2338.6,2114.3,1988.4,,588300,1.31,,,,,
2026-05-01,6871,日本マイクロニクス,12560.0,12902.0,12241.0,11294.0,,586200,0.77,,,,,
2026-05-01,6327,北川精機,2897.0,2546.8,2092.0,1699.7,,584300,1.16,,,,,
2026-05-01,2093,上場Ｔｒａｃｅｒｓ　米国債０－２年ラダー（為替ヘッジなし）,5233.0,5304.2,5297.2,5245.1,,560751,14.11,,,,,
2026-05-01,2175,エス・エム・エス,1732.0,1778.8,1744.5,1719.9,,560500,1.27,,,,,
2026-05-01,7419,ノジマ,1211.0,1233.0,1167.4,1127.0,,553800,0.24,,,,,
2026-05-01,3774,インターネットイニシアティブ,2749.0,2752.8,2668.7,2427.9,,552900,0.67,,,,,
2026-05-01,5698,エンビプロ・ホールディングス,1164.0,1095.4,978.8,952.9,,548500,0.83,,,,,
2026-05-01,2195,アミタホールディングス,519.0,540.6,517.5,415.2,,541300,0.58,,,,,
2026-05-01,6356,日本ギア工業,1501.0,1615.6,1366.5,1354.8,,540800,0.34,,,,,
2026-05-01,5367,ニッカトー,890.0,824.4,768.7,767.0,,534500,3.17,,,,,
2026-05-01,3445,ＲＳ　Ｔｅｃｈｎｏｌｏｇｉｅｓ,6080.0,5554.0,4612.8,4153.4,,524500,2.09,,,,,
2026-05-01,8060,キヤノンマーケティングジャパン,3627.0,3625.2,3587.7,3498.9,,524500,0.8,,,,,
2026-05-01,7375,リファインバースグループ,1853.0,2012.4,1884.8,1298.0,,520100,0.32,,,,,
2026-05-01,6134,ＦＵＪＩ,6024.0,5998.2,5640.1,5307.4,,519000,1.14,,,,,
2026-05-01,6629,テクノホライゾン,1165.0,1184.4,1016.9,1010.1,,514100,0.2,,,,,
2026-05-01,6136,オーエスジー,3256.0,3218.4,2947.2,2771.6,,508900,0.77,,,,,
2026-05-01,3608,ＴＳＩホールディングス,1278.0,1345.8,1314.8,1167.8,,505200,0.73,,,,,
2026-05-01,4368,扶桑化学工業,3160.0,3185.0,3037.3,2969.9,,504700,1.1,,,,,
2026-05-01,6999,ＫＯＡ,1840.0,1868.2,1838.1,1733.1,,502900,0.58,,,,,
2026-05-04,8918,ランド,10.0,10.2,9.8,9.5,,229910600,0.99,,,,,
2026-05-04,6740,ジャパンディスプレイ,89.0,95.0,94.8,66.7,,120637600,1.18,,,,,
2026-05-04,9984,ソフトバンクグループ,5424.0,5543.6,4648.8,4197.0,,72065400,0.74,,,,,
2026-05-04,9434,ソフトバンク,220.6,220.0,219.1,215.6,,60774500,0.91,,,,,
2026-05-04,5803,フジクラ,5808.0,6088.8,5594.4,4618.6,,28397000,0.59,,,,,
2026-05-04,6981,村田製作所,5138.0,4997.2,4509.4,3921.1,,18404600,1.49,,,,,
2026-05-04,5016,ＪＸ金属,4770.0,4773.8,4593.4,3921.2,,14941500,0.52,,,,,
2026-05-04,6762,ＴＤＫ,2775.5,2750.1,2450.6,2276.8,,14435800,0.82,,,,,
2026-05-04,6723,ルネサスエレクトロニクス,3205.0,3119.0,2813.6,2710.8,,13729300,0.65,,,,,
2026-05-04,4689,ＬＩＮＥヤフー,419.7,415.1,414.9,399.1,,12586700,0.88,,,,,
2026-05-04,6752,パナソニック　ホールディングス,3324.0,3114.0,2957.4,2665.5,,12213500,1.3,,,,,
2026-05-04,3436,ＳＵＭＣＯ,2533.0,2395.6,2141.6,1825.4,,12210700,0.83,,,,,
2026-05-04,6232,ＡＣＳＬ,2502.0,2413.0,1906.5,1562.9,,11766500,2.19,,,,,
2026-05-04,6971,京セラ,2746.5,2702.8,2643.2,2597.6,,11631800,2.52,,,,,
2026-05-04,6501,日立製作所,4795.0,5061.8,5007.6,4978.2,,11393000,0.74,,,,,
2026-05-04,6701,日本電気,4035.0,4343.6,4220.5,4210.7,,11361500,1.0,,,,,
2026-05-04,3103,ユニチカ,2382.0,2420.2,2163.4,1634.3,,10667900,0.55,,,,,
2026-05-04,2267,ヤクルト本社,3087.0,2808.6,2704.2,2644.4,,9656600,4.56,,,,,
2026-05-04,6085,アーキテクツ・スタジオ・ジャパン,515.0,565.2,381.5,273.7,,9487800,1.01,,,,,
2026-05-04,4063,信越化学工業,7104.0,7029.6,6751.1,6233.3,,8745000,1.02,,,,,
2026-05-04,6920,レーザーテック,42930.0,44156.0,41655.0,35973.1,,7701500,1.82,,,,,
2026-05-04,1579,日経平均ブル２倍上場投信,632.5,639.1,599.2,565.4,,7430870,0.45,,,,,
2026-05-04,6857,アドバンテスト,27815.0,29353.0,26676.0,25462.9,,7144100,0.59,,,,,
2026-05-04,6503,三菱電機,6071.0,6085.4,5834.0,5621.3,,6295700,0.92,,,,,
2026-05-04,6613,ＱＤレーザ,1419.0,1459.0,1330.0,1073.5,,6150200,0.61,,,,,
2026-05-04,8035,東京エレクトロン,47450.0,45988.0,43715.5,41914.2,,5915900,1.89,,,,,
2026-05-04,8308,りそなホールディングス,1927.0,1906.0,1892.9,1873.7,,5900900,0.54,,,,,
2026-05-04,6976,太陽誘電,6143.0,6434.4,5695.4,4680.4,,5832400,1.52,,,,,
2026-05-04,2334,イオレ,502.0,462.8,422.3,404.0,,5755000,2.69,,,,,
2026-05-04,6770,アルプスアルパイン,2012.5,2249.5,2244.1,2197.8,,5384600,4.32,,,,,
2026-05-04,4062,イビデン,13375.0,12925.0,10477.9,9028.4,,5100600,0.74,,,,,
2026-05-04,5074,テスホールディングス,808.0,743.8,667.5,593.0,,5091000,2.04,,,,,
2026-05-04,6954,ファナック,6820.0,6833.6,6286.1,6274.2,,4880600,0.62,,,,,
2026-05-04,6525,ＫＯＫＵＳＡＩ　ＥＬＥＣＴＲＩＣ,6500.0,6553.4,6449.7,6069.7,,4560900,0.96,,,,,
2026-05-04,5802,住友電気工業,9900.0,10071.0,10032.1,9627.6,,4356600,0.8,,,,,
2026-05-04,8766,東京海上ホールディングス,7093.0,7174.6,7134.8,6646.2,,3972600,0.66,,,,,
2026-05-04,2802,味の素,4882.0,4856.6,4701.1,4535.3,,3912900,1.19,,,,,
2026-05-04,6098,リクルートホールディングス,7361.0,7347.6,7310.3,6887.1,,3535400,0.56,,,,,
2026-05-04,6268,ナブテスコ,5041.0,4998.8,4701.9,4555.6,,3431300,3.05,,,,,
2026-05-04,7868,広済堂ホールディングス,608.0,568.0,520.7,499.3,,3334200,1.28,,,,,
2026-05-04,6506,安川電機,5521.0,5406.8,5087.5,4922.5,,3308100,0.74,,,,,
2026-05-04,9412,スカパーＪＳＡＴホールディングス,3515.0,3331.0,3207.7,2962.6,,3303900,1.79,,,,,
2026-05-04,9962,ミスミグループ本社,3428.0,3357.4,3075.4,2989.9,,2736400,1.67,,,,,
2026-05-04,1570,ＮＥＸＴ　ＦＵＮＤＳ　日経平均レバレッジ・インデックス連動型上場投信,58570.0,59182.0,55539.0,52449.2,,2557450,0.68,,,,,
2026-05-04,4373,シンプレクス・ホールディングス,921.0,894.8,883.9,846.3,,2461000,2.78,,,,,
2026-05-04,5301,東海カーボン,1145.5,1084.9,1037.1,1024.4,,2443700,1.73,,,,,
2026-05-04,6754,アンリツ,3858.0,3844.0,3476.6,2992.8,,2390200,1.0,,,,,
2026-05-04,6594,ニデック,2398.0,2416.0,2308.1,2284.8,,2312800,0.42,,,,,
2026-05-04,5333,日本碍子,5121.0,4758.6,4483.6,4261.5,,2150700,1.56,,,,,
2026-05-04,9041,近鉄グループホールディングス,3453.0,3370.4,3358.9,3293.9,,2093300,2.75,,,,,
2026-05-04,3936,グローバルウェイ,176.0,187.4,161.2,142.7,,2088400,0.14,,,,,
2026-05-04,4288,アズジェント,727.0,803.4,642.7,618.3,,2080200,3.43,,,,,
2026-05-04,6367,ダイキン工業,22855.0,21945.0,21027.2,19961.8,,2049200,1.45,,,,,
2026-05-04,5214,日本電気硝子,7032.0,7910.0,7424.3,6714.6,,2036900,3.32,,,,,
2026-05-04,7162,アストマックス,298.0,237.8,233.6,222.8,,2036000,28.9,,,,,
2026-05-04,6965,浜松ホトニクス,2006.0,2001.3,1942.8,1915.2,,1991100,0.7,,,,,
2026-05-04,7735,ＳＣＲＥＥＮホールディングス,10390.0,10496.0,10376.3,10238.4,,1902200,0.95,,,,,
2026-05-04,3923,ラクス,861.6,852.4,833.0,805.6,,1861900,0.56,,,,,
2026-05-04,3110,日東紡績,28160.0,27928.0,26287.5,22926.5,,1845500,0.87,,,,,
2026-05-04,6383,ダイフク,6777.0,6632.6,6376.2,6063.9,,1839400,1.19,,,,,
2026-05-04,6361,荏原製作所,5242.0,5348.4,5099.4,5079.9,,1790600,0.6,,,,,
2026-05-04,4004,レゾナック・ホールディングス,14045.0,14035.0,13183.5,11599.2,,1771800,0.64,,,,,
2026-05-04,7220,武蔵精密工業,4250.0,4489.0,3592.7,3009.7,,1738700,0.77,,,,,
2026-05-04,5706,三井金属,41060.0,40548.0,36866.5,32235.1,,1669300,0.94,,,,,
2026-05-04,6861,キーエンス,76460.0,71584.0,64312.5,60855.8,,1667000,1.61,,,,,
2026-05-04,1655,ｉシェアーズ　Ｓ＆Ｐ　５００　米国株　ＥＴＦ,819.4,821.6,797.6,775.1,,1657960,1.11,,,,,
2026-05-04,6146,ディスコ,72250.0,74086.0,70719.5,70376.3,,1636400,0.6,,,,,
2026-05-04,8508,Ｊトラスト,662.0,638.0,613.0,557.4,,1622400,2.76,,,,,
2026-05-04,4684,オービック,4109.0,4179.4,4118.8,4009.3,,1610900,0.62,,,,,
2026-05-04,4169,ＥＮＥＣＨＡＮＧＥ,331.0,318.8,311.1,279.2,,1583900,1.32,,,,,
2026-05-04,6645,オムロン,5588.0,5366.0,4950.1,4804.1,,1577200,0.98,,,,,
2026-05-04,6217,津田駒工業,1610.0,1710.2,1077.0,714.9,,1557000,1.05,,,,,
2026-05-04,6323,ローツェ,3704.0,3772.6,3574.8,3246.6,,1548100,0.71,,,,,
2026-05-04,5334,日本特殊陶業,7962.0,8302.6,8192.8,7680.6,,1537700,1.79,,,,,
2026-05-04,6504,富士電機,13180.0,12833.0,11805.0,11665.8,,1536600,1.32,,,,,
2026-05-04,6532,ベイカレント,5088.0,5164.6,5159.3,4759.5,,1525600,0.49,,,,,
2026-05-04,1407,ウエストホールディングス,2884.0,2740.4,2225.7,1883.7,,1520300,1.25,,,,,
2026-05-04,5985,サンコール,1718.0,1678.8,1577.8,1491.1,,1518000,0.84,,,,,
2026-05-04,6197,ソラスト,1119.0,1117.8,1116.6,1030.6,,1493600,2.73,,,,,
2026-05-04,6890,フェローテック,8090.0,7616.0,7005.0,6486.2,,1432200,1.57,,,,,
2026-05-04,9519,レノバ,1111.0,1095.8,1009.9,836.9,,1396500,0.73,,,,,
2026-05-04,3105,日清紡ホールディングス,2009.0,1997.5,1796.8,1670.2,,1378000,0.82,,,,,
2026-05-04,6113,アマダ,2630.0,2601.8,2463.3,2396.7,,1325900,0.91,,,,,
2026-05-04,4578,大塚ホールディングス,11220.0,11051.0,10855.0,10609.6,,1284400,0.96,,,,,
2026-05-04,5208,有沢製作所,2277.0,2612.4,2512.6,2438.1,,1273200,5.55,,,,,
2026-05-04,5341,ＡＳＡＨＩ　ＥＩＴＯホールディングス,355.0,372.6,321.7,235.5,,1255700,0.5,,,,,
2026-05-04,9147,ＮＩＰＰＯＮ　ＥＸＰＲＥＳＳホールディングス,4121.0,4019.8,3869.7,3741.6,,1253800,0.83,,,,,
2026-05-04,6324,ハーモニック・ドライブ・システムズ,5150.0,4839.0,4350.2,4124.4,,1245100,0.71,,,,,
2026-05-04,6235,オプトラン,4360.0,4015.0,3517.0,2983.1,,1177900,1.64,,,,,
2026-05-04,6264,マルマエ,2041.0,1963.4,1784.1,1704.4,,1168800,1.59,,,,,
2026-05-04,2371,カカクコム,2581.5,2642.3,2294.9,1992.3,,1122800,0.4,,,,,
2026-05-04,3776,ブロードバンドタワー,242.0,235.4,233.4,224.4,,1090100,2.0,,,,,
2026-05-04,2012,ｉシェアーズ　米国債０－３ヶ月　ＥＴＦ,236.5,239.4,239.1,236.4,,982560,3.43,,,,,
2026-05-04,6522,アスタリスク,1182.0,1189.2,1118.0,775.9,,982300,0.41,,,,,
2026-05-04,6481,ＴＨＫ,5787.0,5740.0,5519.9,5153.2,,968800,1.14,,,,,
2026-05-04,8359,八十二長野銀行,2094.5,2087.4,2079.7,2033.4,,967000,0.77,,,,,
2026-05-04,2337,いちご,496.0,505.8,501.4,471.5,,953200,0.94,,,,,
2026-05-04,5631,日本製鋼所,9283.0,9630.4,9541.5,9500.9,,946400,1.12,,,,,
2026-05-04,6769,ザインエレクトロニクス,1292.0,1184.0,1022.9,924.1,,935000,2.3,,,,,
2026-05-04,6480,日本トムソン,1145.0,1061.2,1013.9,981.9,,933900,2.13,,,,,
2026-05-04,7004,カナデビア,1200.0,1211.4,1190.8,1091.8,,908100,0.83,,,,,
2026-05-04,9983,ファーストリテイリング,72890.0,72322.0,71456.0,67136.0,,891200,0.73,,,,,
2026-05-04,6768,タムラ製作所,842.0,816.0,736.5,696.3,,883700,0.92,,,,,
2026-05-04,2644,グローバルＸ　半導体関連－日本株式　ＥＴＦ,3664.0,3694.0,3512.1,3310.2,,875319,0.55,,,,,
2026-05-04,4691,ワシントンホテル,2351.0,2132.4,1947.3,1606.6,,856900,5.29,,,,,
2026-05-04,4061,デンカ,4173.0,4068.8,3827.8,3498.4,,851600,0.94,,,,,
2026-05-04,6454,マックス,1796.0,1721.0,1692.3,1685.7,,835100,3.21,,,,,
2026-05-04,6958,日本シイエムケイ,641.0,623.2,599.6,592.2,,829900,1.25,,,,,
2026-05-04,6862,ミナトホールディングス,3060.0,2740.2,2435.9,2317.1,,825100,1.98,,,,,
2026-05-04,6779,日本電波工業,1895.0,1840.6,1671.0,1374.1,,824300,0.4,,,,,
2026-05-04,2865,グローバルＸ　ＮＡＳＤＡＱ１００・カバード・コール　ＥＴＦ,1257.0,1261.6,1239.2,1218.2,,792038,2.82,,,,,
2026-05-04,4588,オンコリスバイオファーマ,2717.0,2864.8,2690.9,2528.8,,772800,0.87,,,,,
2026-05-04,7740,タムロン,1069.0,1081.4,1076.2,1035.9,,759800,1.81,,,,,
2026-05-04,6817,スミダコーポレーション,1238.0,1314.4,1263.5,1201.3,,743300,2.31,,,,,
2026-05-04,4403,日油,3237.0,3206.6,3200.9,3095.6,,739400,1.24,,,,,
2026-05-04,1699,ＮＥＸＴ　ＦＵＮＤＳ　ＮＯＭＵＲＡ　原油インデックス連動型上場投信,660.5,644.7,602.7,540.0,,723730,0.39,,,,,
2026-05-04,7256,河西工業,345.0,379.6,307.0,277.6,,719800,0.17,,,,,
2026-05-04,9941,太洋物産,1127.0,1277.0,1158.5,908.2,,700400,2.44,,,,,
2026-05-04,4182,三菱瓦斯化学,4368.0,4390.0,4213.7,4108.8,,697500,0.61,,,,,
2026-05-04,3660,アイスタイル,466.0,468.0,467.6,453.7,,695800,0.84,,,,,
2026-05-04,3444,菊池製作所,1415.0,1528.2,1137.3,913.8,,678700,0.17,,,,,
2026-05-04,8358,スルガ銀行,2266.0,2291.4,2240.4,2093.6,,677400,0.83,,,,,
2026-05-04,5597,ブルーイノベーション,1912.0,1832.0,1748.7,1631.7,,676200,1.63,,,,,
2026-05-04,6135,牧野フライス製作所,12660.0,11990.0,11638.0,11606.2,,671600,1.7,,,,,
2026-05-04,4022,ラサ工業,2131.0,2088.4,1813.3,1783.4,,664800,0.52,,,,,
2026-05-04,6840,ＡＫＩＢＡホールディングス,589.0,555.4,521.8,510.8,,663800,1.46,,,,,
2026-05-04,6370,栗田工業,8044.0,8209.8,8016.4,7975.9,,653800,1.1,,,,,
2026-05-04,7839,ＳＨＯＥＩ,1850.0,1716.4,1701.0,1686.6,,646400,1.74,,,,,
2026-05-04,2841,ｉＦｒｅｅＥＴＦ　ＮＡＳＤＡＱ１００（為替ヘッジあり）,1590.0,1575.8,1502.7,1457.0,,626707,7.08,,,,,
2026-05-04,6997,日本ケミコン,2651.0,2477.8,2076.3,1751.2,,619700,0.58,,,,,
2026-05-04,4186,東京応化工業,8931.0,9056.2,8897.9,8555.9,,618000,0.66,,,,,
2026-05-04,7956,ピジョン,1676.0,1706.2,1687.4,1654.1,,602800,0.63,,,,,
2026-05-04,6440,ＪＵＫＩ,799.0,765.6,719.0,682.7,,602000,2.15,,,,,
2026-05-04,4422,ＶＡＬＵＥＮＥＸ,1014.0,1141.8,1049.5,620.4,,598700,0.28,,,,,
2026-05-04,6072,地盤ネットホールディングス,1041.0,1104.2,1038.0,918.8,,597000,0.31,,,,,
2026-05-04,4819,デジタルガレージ,2511.0,2519.0,2319.3,2156.4,,591000,1.22,,,,,
2026-05-04,6996,ニチコン,2335.0,2338.6,2114.3,1988.4,,588300,1.31,,,,,
2026-05-04,6871,日本マイクロニクス,12560.0,12902.0,12241.0,11294.0,,586200,0.77,,,,,
2026-05-04,6327,北川精機,2897.0,2546.8,2092.0,1699.7,,584300,1.16,,,,,
2026-05-04,2093,上場Ｔｒａｃｅｒｓ　米国債０－２年ラダー（為替ヘッジなし）,5233.0,5304.2,5297.2,5245.1,,560751,14.11,,,,,
2026-05-04,2175,エス・エム・エス,1732.0,1778.8,1744.5,1719.9,,560500,1.27,,,,,
2026-05-04,7419,ノジマ,1211.0,1233.0,1167.4,1127.0,,553800,0.24,,,,,
2026-05-04,3774,インターネットイニシアティブ,2749.0,2752.8,2668.7,2427.9,,552900,0.67,,,,,
2026-05-04,5698,エンビプロ・ホールディングス,1164.0,1095.4,978.8,952.9,,548500,0.83,,,,,
2026-05-04,2195,アミタホールディングス,519.0,540.6,517.5,415.2,,541300,0.58,,,,,
2026-05-04,6356,日本ギア工業,1501.0,1615.6,1366.5,1354.8,,540800,0.34,,,,,
2026-05-04,5367,ニッカトー,890.0,824.4,768.7,767.0,,534500,3.17,,,,,
2026-05-04,8060,キヤノンマーケティングジャパン,3627.0,3625.2,3587.7,3498.9,,524500,0.8,,,,,
2026-05-04,3445,ＲＳ　Ｔｅｃｈｎｏｌｏｇｉｅｓ,6080.0,5554.0,4612.8,4153.4,,524500,2.09,,,,,
2026-05-04,7375,リファインバースグループ,1853.0,2012.4,1884.8,1298.0,,520100,0.32,,,,,
2026-05-04,6134,ＦＵＪＩ,6024.0,5998.2,5640.1,5307.4,,519000,1.14,,,,,
2026-05-04,6629,テクノホライゾン,1165.0,1184.4,1016.9,1010.1,,514100,0.2,,,,,
2026-05-04,6136,オーエスジー,3256.0,3218.4,2947.2,2771.6,,508900,0.77,,,,,
2026-05-04,3608,ＴＳＩホールディングス,1278.0,1345.8,1314.8,1167.8,,505200,0.73,,,,,
2026-05-04,4368,扶桑化学工業,3160.0,3185.0,3037.3,2969.9,,504700,1.1,,,,,
2026-05-04,6999,ＫＯＡ,1840.0,1868.2,1838.1,1733.1,,502900,0.58,,,,,
2026-05-05,8918,ランド,10.0,10.2,9.8,9.5,,229910600,0.99,,,,,
2026-05-05,6740,ジャパンディスプレイ,89.0,95.0,94.8,66.7,,120637600,1.18,,,,,
2026-05-05,9984,ソフトバンクグループ,5424.0,5543.6,4648.8,4197.0,,72065400,0.74,,,,,
2026-05-05,9434,ソフトバンク,220.6,220.0,219.1,215.6,,60774500,0.91,,,,,
2026-05-05,5803,フジクラ,5808.0,6088.8,5594.4,4618.6,,28397000,0.59,,,,,
2026-05-05,6981,村田製作所,5138.0,4997.2,4509.4,3921.1,,18404600,1.49,,,,,
2026-05-05,5016,ＪＸ金属,4770.0,4773.8,4593.4,3921.2,,14941500,0.52,,,,,
2026-05-05,6762,ＴＤＫ,2775.5,2750.1,2450.6,2276.8,,14435800,0.82,,,,,
2026-05-05,6723,ルネサスエレクトロニクス,3205.0,3119.0,2813.6,2710.8,,13729300,0.65,,,,,
2026-05-05,4689,ＬＩＮＥヤフー,419.7,415.1,414.9,399.1,,12586700,0.88,,,,,
2026-05-05,6752,パナソニック　ホールディングス,3324.0,3114.0,2957.4,2665.5,,12213500,1.3,,,,,
2026-05-05,3436,ＳＵＭＣＯ,2533.0,2395.6,2141.6,1825.4,,12210700,0.83,,,,,
2026-05-05,6232,ＡＣＳＬ,2502.0,2413.0,1906.5,1562.9,,11766500,2.19,,,,,
2026-05-05,6971,京セラ,2746.5,2702.8,2643.2,2597.6,,11631800,2.52,,,,,
2026-05-05,6501,日立製作所,4795.0,5061.8,5007.6,4978.2,,11393000,0.74,,,,,
2026-05-05,6701,日本電気,4035.0,4343.6,4220.5,4210.7,,11361500,1.0,,,,,
2026-05-05,3103,ユニチカ,2382.0,2420.2,2163.4,1634.3,,10667900,0.55,,,,,
2026-05-05,2267,ヤクルト本社,3087.0,2808.6,2704.2,2644.4,,9656600,4.56,,,,,
2026-05-05,6085,アーキテクツ・スタジオ・ジャパン,515.0,565.2,381.5,273.7,,9487800,1.01,,,,,
2026-05-05,4063,信越化学工業,7104.0,7029.6,6751.1,6233.3,,8745000,1.02,,,,,
2026-05-05,6920,レーザーテック,42930.0,44156.0,41655.0,35973.1,,7701500,1.82,,,,,
2026-05-05,1579,日経平均ブル２倍上場投信,632.5,639.1,599.2,565.4,,7430870,0.45,,,,,
2026-05-05,6857,アドバンテスト,27815.0,29353.0,26676.0,25462.9,,7144100,0.59,,,,,
2026-05-05,6503,三菱電機,6071.0,6085.4,5834.0,5621.3,,6295700,0.92,,,,,
2026-05-05,6613,ＱＤレーザ,1419.0,1459.0,1330.0,1073.5,,6150200,0.61,,,,,
2026-05-05,8035,東京エレクトロン,47450.0,45988.0,43715.5,41914.2,,5915900,1.89,,,,,
2026-05-05,8308,りそなホールディングス,1927.0,1906.0,1892.9,1873.7,,5900900,0.54,,,,,
2026-05-05,6976,太陽誘電,6143.0,6434.4,5695.4,4680.4,,5832400,1.52,,,,,
2026-05-05,2334,イオレ,502.0,462.8,422.3,404.0,,5755000,2.69,,,,,
2026-05-05,6770,アルプスアルパイン,2012.5,2249.5,2244.1,2197.8,,5384600,4.32,,,,,
2026-05-05,4062,イビデン,13375.0,12925.0,10477.9,9028.4,,5100600,0.74,,,,,
2026-05-05,5074,テスホールディングス,808.0,743.8,667.5,593.0,,5091000,2.04,,,,,
2026-05-05,6954,ファナック,6820.0,6833.6,6286.1,6274.2,,4880600,0.62,,,,,
2026-05-05,6525,ＫＯＫＵＳＡＩ　ＥＬＥＣＴＲＩＣ,6500.0,6553.4,6449.7,6069.7,,4560900,0.96,,,,,
2026-05-05,5802,住友電気工業,9900.0,10071.0,10032.1,9627.6,,4356600,0.8,,,,,
2026-05-05,8766,東京海上ホールディングス,7093.0,7174.6,7134.8,6646.2,,3972600,0.66,,,,,
2026-05-05,2802,味の素,4882.0,4856.6,4701.1,4535.3,,3912900,1.19,,,,,
2026-05-05,6098,リクルートホールディングス,7361.0,7347.6,7310.3,6887.1,,3535400,0.56,,,,,
2026-05-05,6268,ナブテスコ,5041.0,4998.8,4701.9,4555.6,,3431300,3.05,,,,,
2026-05-05,7868,広済堂ホールディングス,608.0,568.0,520.7,499.3,,3334200,1.28,,,,,
2026-05-05,6506,安川電機,5521.0,5406.8,5087.5,4922.5,,3308100,0.74,,,,,
2026-05-05,9412,スカパーＪＳＡＴホールディングス,3515.0,3331.0,3207.7,2962.6,,3303900,1.79,,,,,
2026-05-05,9962,ミスミグループ本社,3428.0,3357.4,3075.4,2989.9,,2736400,1.67,,,,,
2026-05-05,1570,ＮＥＸＴ　ＦＵＮＤＳ　日経平均レバレッジ・インデックス連動型上場投信,58570.0,59182.0,55539.0,52449.2,,2557450,0.68,,,,,
2026-05-05,4373,シンプレクス・ホールディングス,921.0,894.8,883.9,846.3,,2461000,2.78,,,,,
2026-05-05,5301,東海カーボン,1145.5,1084.9,1037.1,1024.4,,2443700,1.73,,,,,
2026-05-05,6754,アンリツ,3858.0,3844.0,3476.6,2992.8,,2390200,1.0,,,,,
2026-05-05,6594,ニデック,2398.0,2416.0,2308.1,2284.8,,2312800,0.42,,,,,
2026-05-05,5333,日本碍子,5121.0,4758.6,4483.6,4261.5,,2150700,1.56,,,,,
2026-05-05,9041,近鉄グループホールディングス,3453.0,3370.4,3358.9,3293.9,,2093300,2.75,,,,,
2026-05-05,3936,グローバルウェイ,176.0,187.4,161.2,142.7,,2088400,0.14,,,,,
2026-05-05,4288,アズジェント,727.0,803.4,642.7,618.3,,2080200,3.43,,,,,
2026-05-05,6367,ダイキン工業,22855.0,21945.0,21027.2,19961.8,,2049200,1.45,,,,,
2026-05-05,5214,日本電気硝子,7032.0,7910.0,7424.3,6714.6,,2036900,3.32,,,,,
2026-05-05,7162,アストマックス,298.0,237.8,233.6,222.8,,2036000,28.9,,,,,
2026-05-05,6965,浜松ホトニクス,2006.0,2001.3,1942.8,1915.2,,1991100,0.7,,,,,
2026-05-05,7735,ＳＣＲＥＥＮホールディングス,10390.0,10496.0,10376.3,10238.4,,1902200,0.95,,,,,
2026-05-05,3923,ラクス,861.6,852.4,833.0,805.6,,1861900,0.56,,,,,
2026-05-05,3110,日東紡績,28160.0,27928.0,26287.5,22926.5,,1845500,0.87,,,,,
2026-05-05,6383,ダイフク,6777.0,6632.6,6376.2,6063.9,,1839400,1.19,,,,,
2026-05-05,6361,荏原製作所,5242.0,5348.4,5099.4,5079.9,,1790600,0.6,,,,,
2026-05-05,4004,レゾナック・ホールディングス,14045.0,14035.0,13183.5,11599.2,,1771800,0.64,,,,,
2026-05-05,7220,武蔵精密工業,4250.0,4489.0,3592.7,3009.7,,1738700,0.77,,,,,
2026-05-05,5706,三井金属,41060.0,40548.0,36866.5,32235.1,,1669300,0.94,,,,,
2026-05-05,6861,キーエンス,76460.0,71584.0,64312.5,60855.8,,1667000,1.61,,,,,
2026-05-05,1655,ｉシェアーズ　Ｓ＆Ｐ　５００　米国株　ＥＴＦ,819.4,821.6,797.6,775.1,,1657960,1.11,,,,,
2026-05-05,6146,ディスコ,72250.0,74086.0,70719.5,70376.3,,1636400,0.6,,,,,
2026-05-05,8508,Ｊトラスト,662.0,638.0,613.0,557.4,,1622400,2.76,,,,,
2026-05-05,4684,オービック,4109.0,4179.4,4118.8,4009.3,,1610900,0.62,,,,,
2026-05-05,4169,ＥＮＥＣＨＡＮＧＥ,331.0,318.8,311.1,279.2,,1583900,1.32,,,,,
2026-05-05,6645,オムロン,5588.0,5366.0,4950.1,4804.1,,1577200,0.98,,,,,
2026-05-05,6217,津田駒工業,1610.0,1710.2,1077.0,714.9,,1557000,1.05,,,,,
2026-05-05,6323,ローツェ,3704.0,3772.6,3574.8,3246.6,,1548100,0.71,,,,,
2026-05-05,5334,日本特殊陶業,7962.0,8302.6,8192.8,7680.6,,1537700,1.79,,,,,
2026-05-05,6504,富士電機,13180.0,12833.0,11805.0,11665.8,,1536600,1.32,,,,,
2026-05-05,6532,ベイカレント,5088.0,5164.6,5159.3,4759.5,,1525600,0.49,,,,,
2026-05-05,1407,ウエストホールディングス,2884.0,2740.4,2225.7,1883.7,,1520300,1.25,,,,,
2026-05-05,5985,サンコール,1718.0,1678.8,1577.8,1491.1,,1518000,0.84,,,,,
2026-05-05,6197,ソラスト,1119.0,1117.8,1116.6,1030.6,,1493600,2.73,,,,,
2026-05-05,6890,フェローテック,8090.0,7616.0,7005.0,6486.2,,1432200,1.57,,,,,
2026-05-05,9519,レノバ,1111.0,1095.8,1009.9,836.9,,1396500,0.73,,,,,
2026-05-05,3105,日清紡ホールディングス,2009.0,1997.5,1796.8,1670.2,,1378000,0.82,,,,,
2026-05-05,6113,アマダ,2630.0,2601.8,2463.3,2396.7,,1325900,0.91,,,,,
2026-05-05,4578,大塚ホールディングス,11220.0,11051.0,10855.0,10609.6,,1284400,0.96,,,,,
2026-05-05,5208,有沢製作所,2277.0,2612.4,2512.6,2438.1,,1273200,5.55,,,,,
2026-05-05,5341,ＡＳＡＨＩ　ＥＩＴＯホールディングス,355.0,372.6,321.7,235.5,,1255700,0.5,,,,,
2026-05-05,9147,ＮＩＰＰＯＮ　ＥＸＰＲＥＳＳホールディングス,4121.0,4019.8,3869.7,3741.6,,1253800,0.83,,,,,
2026-05-05,6324,ハーモニック・ドライブ・システムズ,5150.0,4839.0,4350.2,4124.4,,1245100,0.71,,,,,
2026-05-05,6235,オプトラン,4360.0,4015.0,3517.0,2983.1,,1177900,1.64,,,,,
2026-05-05,6264,マルマエ,2041.0,1963.4,1784.1,1704.4,,1168800,1.59,,,,,
2026-05-05,2371,カカクコム,2581.5,2642.3,2294.9,1992.3,,1122800,0.4,,,,,
2026-05-05,3776,ブロードバンドタワー,242.0,235.4,233.4,224.4,,1090100,2.0,,,,,
2026-05-05,2012,ｉシェアーズ　米国債０－３ヶ月　ＥＴＦ,236.5,239.4,239.1,236.4,,982560,3.43,,,,,
2026-05-05,6522,アスタリスク,1182.0,1189.2,1118.0,775.9,,982300,0.41,,,,,
2026-05-05,6481,ＴＨＫ,5787.0,5740.0,5519.9,5153.2,,968800,1.14,,,,,
2026-05-05,8359,八十二長野銀行,2094.5,2087.4,2079.7,2033.4,,967000,0.77,,,,,
2026-05-05,2337,いちご,496.0,505.8,501.4,471.5,,953200,0.94,,,,,
2026-05-05,5631,日本製鋼所,9283.0,9630.4,9541.5,9500.9,,946400,1.12,,,,,
2026-05-05,6769,ザインエレクトロニクス,1292.0,1184.0,1022.9,924.1,,935000,2.3,,,,,
2026-05-05,6480,日本トムソン,1145.0,1061.2,1013.9,981.9,,933900,2.13,,,,,
2026-05-05,7004,カナデビア,1200.0,1211.4,1190.8,1091.8,,908100,0.83,,,,,
2026-05-05,9983,ファーストリテイリング,72890.0,72322.0,71456.0,67136.0,,891200,0.73,,,,,
2026-05-05,6768,タムラ製作所,842.0,816.0,736.5,696.3,,883700,0.92,,,,,
2026-05-05,2644,グローバルＸ　半導体関連－日本株式　ＥＴＦ,3664.0,3694.0,3512.1,3310.2,,875319,0.55,,,,,
2026-05-05,4691,ワシントンホテル,2351.0,2132.4,1947.3,1606.6,,856900,5.29,,,,,
2026-05-05,4061,デンカ,4173.0,4068.8,3827.8,3498.4,,851600,0.94,,,,,
2026-05-05,6454,マックス,1796.0,1721.0,1692.3,1685.7,,835100,3.21,,,,,
2026-05-05,6958,日本シイエムケイ,641.0,623.2,599.6,592.2,,829900,1.25,,,,,
2026-05-05,6862,ミナトホールディングス,3060.0,2740.2,2435.9,2317.1,,825100,1.98,,,,,
2026-05-05,6779,日本電波工業,1895.0,1840.6,1671.0,1374.1,,824300,0.4,,,,,
2026-05-05,2865,グローバルＸ　ＮＡＳＤＡＱ１００・カバード・コール　ＥＴＦ,1257.0,1261.6,1239.2,1218.2,,792038,2.82,,,,,
2026-05-05,4588,オンコリスバイオファーマ,2717.0,2864.8,2690.9,2528.8,,772800,0.87,,,,,
2026-05-05,7740,タムロン,1069.0,1081.4,1076.2,1035.9,,759800,1.81,,,,,
2026-05-05,6817,スミダコーポレーション,1238.0,1314.4,1263.5,1201.3,,743300,2.31,,,,,
2026-05-05,4403,日油,3237.0,3206.6,3200.9,3095.6,,739400,1.24,,,,,
2026-05-05,1699,ＮＥＸＴ　ＦＵＮＤＳ　ＮＯＭＵＲＡ　原油インデックス連動型上場投信,660.5,644.7,602.7,540.0,,723730,0.39,,,,,
2026-05-05,7256,河西工業,345.0,379.6,307.0,277.6,,719800,0.17,,,,,
2026-05-05,9941,太洋物産,1127.0,1277.0,1158.5,908.2,,700400,2.44,,,,,
2026-05-05,4182,三菱瓦斯化学,4368.0,4390.0,4213.7,4108.8,,697500,0.61,,,,,
2026-05-05,3660,アイスタイル,466.0,468.0,467.6,453.7,,695800,0.84,,,,,
2026-05-05,3444,菊池製作所,1415.0,1528.2,1137.3,913.8,,678700,0.17,,,,,
2026-05-05,8358,スルガ銀行,2266.0,2291.4,2240.4,2093.6,,677400,0.83,,,,,
2026-05-05,5597,ブルーイノベーション,1912.0,1832.0,1748.7,1631.7,,676200,1.63,,,,,
2026-05-05,6135,牧野フライス製作所,12660.0,11990.0,11638.0,11606.2,,671600,1.7,,,,,
2026-05-05,4022,ラサ工業,2131.0,2088.4,1813.3,1783.4,,664800,0.52,,,,,
2026-05-05,6840,ＡＫＩＢＡホールディングス,589.0,555.4,521.8,510.8,,663800,1.46,,,,,
2026-05-05,6370,栗田工業,8044.0,8209.8,8016.4,7975.9,,653800,1.1,,,,,
2026-05-05,7839,ＳＨＯＥＩ,1850.0,1716.4,1701.0,1686.6,,646400,1.74,,,,,
2026-05-05,2841,ｉＦｒｅｅＥＴＦ　ＮＡＳＤＡＱ１００（為替ヘッジあり）,1590.0,1575.8,1502.7,1457.0,,626707,7.08,,,,,
2026-05-05,6997,日本ケミコン,2651.0,2477.8,2076.3,1751.2,,619700,0.58,,,,,
2026-05-05,4186,東京応化工業,8931.0,9056.2,8897.9,8555.9,,618000,0.66,,,,,
2026-05-05,7956,ピジョン,1676.0,1706.2,1687.4,1654.1,,602800,0.63,,,,,
2026-05-05,6440,ＪＵＫＩ,799.0,765.6,719.0,682.7,,602000,2.15,,,,,
2026-05-05,4422,ＶＡＬＵＥＮＥＸ,1014.0,1141.8,1049.5,620.4,,598700,0.28,,,,,
2026-05-05,6072,地盤ネットホールディングス,1041.0,1104.2,1038.0,918.8,,597000,0.31,,,,,
2026-05-05,4819,デジタルガレージ,2511.0,2519.0,2319.3,2156.4,,591000,1.22,,,,,
2026-05-05,6996,ニチコン,2335.0,2338.6,2114.3,1988.4,,588300,1.31,,,,,
2026-05-05,6871,日本マイクロニクス,12560.0,12902.0,12241.0,11294.0,,586200,0.77,,,,,
2026-05-05,6327,北川精機,2897.0,2546.8,2092.0,1699.7,,584300,1.16,,,,,
2026-05-05,2093,上場Ｔｒａｃｅｒｓ　米国債０－２年ラダー（為替ヘッジなし）,5233.0,5304.2,5297.2,5245.1,,560751,14.11,,,,,
2026-05-05,2175,エス・エム・エス,1732.0,1778.8,1744.5,1719.9,,560500,1.27,,,,,
2026-05-05,7419,ノジマ,1211.0,1233.0,1167.4,1127.0,,553800,0.24,,,,,
2026-05-05,3774,インターネットイニシアティブ,2749.0,2752.8,2668.7,2427.9,,552900,0.67,,,,,
2026-05-05,5698,エンビプロ・ホールディングス,1164.0,1095.4,978.8,952.9,,548500,0.83,,,,,
2026-05-05,2195,アミタホールディングス,519.0,540.6,517.5,415.2,,541300,0.58,,,,,
2026-05-05,6356,日本ギア工業,1501.0,1615.6,1366.5,1354.8,,540800,0.34,,,,,
2026-05-05,5367,ニッカトー,890.0,824.4,768.7,767.0,,534500,3.17,,,,,
2026-05-05,8060,キヤノンマーケティングジャパン,3627.0,3625.2,3587.7,3498.9,,524500,0.8,,,,,
2026-05-05,3445,ＲＳ　Ｔｅｃｈｎｏｌｏｇｉｅｓ,6080.0,5554.0,4612.8,4153.4,,524500,2.09,,,,,
2026-05-05,7375,リファインバースグループ,1853.0,2012.4,1884.8,1298.0,,520100,0.32,,,,,
2026-05-05,6134,ＦＵＪＩ,6024.0,5998.2,5640.1,5307.4,,519000,1.14,,,,,
2026-05-05,6629,テクノホライゾン,1165.0,1184.4,1016.9,1010.1,,514100,0.2,,,,,
2026-05-05,6136,オーエスジー,3256.0,3218.4,2947.2,2771.6,,508900,0.77,,,,,
2026-05-05,3608,ＴＳＩホールディングス,1278.0,1345.8,1314.8,1167.8,,505200,0.73,,,,,
2026-05-05,4368,扶桑化学工業,3160.0,3185.0,3037.3,2969.9,,504700,1.1,,,,,
2026-05-05,6999,ＫＯＡ,1840.0,1868.2,1838.1,1733.1,,502900,0.58,,,,,
2026-05-06,8918,ランド,10.0,10.2,9.8,9.5,,229910600,0.99,,,,,
2026-05-06,6740,ジャパンディスプレイ,89.0,95.0,94.8,66.7,,120637600,1.18,,,,,
2026-05-06,9984,ソフトバンクグループ,5424.0,5543.6,4648.8,4197.0,,72065400,0.74,,,,,
2026-05-06,9434,ソフトバンク,220.6,220.0,219.1,215.6,,60774500,0.91,,,,,
2026-05-06,5803,フジクラ,5808.0,6088.8,5594.4,4618.6,,28397000,0.59,,,,,
2026-05-06,6981,村田製作所,5138.0,4997.2,4509.4,3921.1,,18404600,1.49,,,,,
2026-05-06,5016,ＪＸ金属,4770.0,4773.8,4593.4,3921.2,,14941500,0.52,,,,,
2026-05-06,6762,ＴＤＫ,2775.5,2750.1,2450.6,2276.8,,14435800,0.82,,,,,
2026-05-06,6723,ルネサスエレクトロニクス,3205.0,3119.0,2813.6,2710.8,,13729300,0.65,,,,,
2026-05-06,4689,ＬＩＮＥヤフー,419.7,415.1,414.9,399.1,,12586700,0.88,,,,,
2026-05-06,6752,パナソニック　ホールディングス,3324.0,3114.0,2957.4,2665.5,,12213500,1.3,,,,,
2026-05-06,3436,ＳＵＭＣＯ,2533.0,2395.6,2141.6,1825.4,,12210700,0.83,,,,,
2026-05-06,6232,ＡＣＳＬ,2502.0,2413.0,1906.5,1562.9,,11766500,2.19,,,,,
2026-05-06,6971,京セラ,2746.5,2702.8,2643.2,2597.6,,11631800,2.52,,,,,
2026-05-06,6501,日立製作所,4795.0,5061.8,5007.6,4978.2,,11393000,0.74,,,,,
2026-05-06,6701,日本電気,4035.0,4343.6,4220.5,4210.7,,11361500,1.0,,,,,
2026-05-06,3103,ユニチカ,2382.0,2420.2,2163.4,1634.3,,10667900,0.55,,,,,
2026-05-06,2267,ヤクルト本社,3087.0,2808.6,2704.2,2644.4,,9656600,4.56,,,,,
2026-05-06,6085,アーキテクツ・スタジオ・ジャパン,515.0,565.2,381.5,273.7,,9487800,1.01,,,,,
2026-05-06,4063,信越化学工業,7104.0,7029.6,6751.1,6233.3,,8745000,1.02,,,,,
2026-05-06,6920,レーザーテック,42930.0,44156.0,41655.0,35973.1,,7701500,1.82,,,,,
2026-05-06,1579,日経平均ブル２倍上場投信,632.5,639.1,599.2,565.4,,7430870,0.45,,,,,
2026-05-06,6857,アドバンテスト,27815.0,29353.0,26676.0,25462.9,,7144100,0.59,,,,,
2026-05-06,6503,三菱電機,6071.0,6085.4,5834.0,5621.3,,6295700,0.92,,,,,
2026-05-06,6613,ＱＤレーザ,1419.0,1459.0,1330.0,1073.5,,6150200,0.61,,,,,
2026-05-06,8035,東京エレクトロン,47450.0,45988.0,43715.5,41914.2,,5915900,1.89,,,,,
2026-05-06,8308,りそなホールディングス,1927.0,1906.0,1892.9,1873.7,,5900900,0.54,,,,,
2026-05-06,6976,太陽誘電,6143.0,6434.4,5695.4,4680.4,,5832400,1.52,,,,,
2026-05-06,2334,イオレ,502.0,462.8,422.3,404.0,,5755000,2.69,,,,,
2026-05-06,6770,アルプスアルパイン,2012.5,2249.5,2244.1,2197.8,,5384600,4.32,,,,,
2026-05-06,4062,イビデン,13375.0,12925.0,10477.9,9028.4,,5100600,0.74,,,,,
2026-05-06,5074,テスホールディングス,808.0,743.8,667.5,593.0,,5091000,2.04,,,,,
2026-05-06,6954,ファナック,6820.0,6833.6,6286.1,6274.2,,4880600,0.62,,,,,
2026-05-06,6525,ＫＯＫＵＳＡＩ　ＥＬＥＣＴＲＩＣ,6500.0,6553.4,6449.7,6069.7,,4560900,0.96,,,,,
2026-05-06,5802,住友電気工業,9900.0,10071.0,10032.1,9627.6,,4356600,0.8,,,,,
2026-05-06,8766,東京海上ホールディングス,7093.0,7174.6,7134.8,6646.2,,3972600,0.66,,,,,
2026-05-06,2802,味の素,4882.0,4856.6,4701.1,4535.3,,3912900,1.19,,,,,
2026-05-06,6098,リクルートホールディングス,7361.0,7347.6,7310.3,6887.1,,3535400,0.56,,,,,
2026-05-06,6268,ナブテスコ,5041.0,4998.8,4701.9,4555.6,,3431300,3.05,,,,,
2026-05-06,7868,広済堂ホールディングス,608.0,568.0,520.7,499.3,,3334200,1.28,,,,,
2026-05-06,6506,安川電機,5521.0,5406.8,5087.5,4922.5,,3308100,0.74,,,,,
2026-05-06,9412,スカパーＪＳＡＴホールディングス,3515.0,3331.0,3207.7,2962.6,,3303900,1.79,,,,,
2026-05-06,9962,ミスミグループ本社,3428.0,3357.4,3075.4,2989.9,,2736400,1.67,,,,,
2026-05-06,1570,ＮＥＸＴ　ＦＵＮＤＳ　日経平均レバレッジ・インデックス連動型上場投信,58570.0,59182.0,55539.0,52449.2,,2557450,0.68,,,,,
2026-05-06,4373,シンプレクス・ホールディングス,921.0,894.8,883.9,846.3,,2461000,2.78,,,,,
2026-05-06,5301,東海カーボン,1145.5,1084.9,1037.1,1024.4,,2443700,1.73,,,,,
2026-05-06,6754,アンリツ,3858.0,3844.0,3476.6,2992.8,,2390200,1.0,,,,,
2026-05-06,6594,ニデック,2398.0,2416.0,2308.1,2284.8,,2312800,0.42,,,,,
2026-05-06,5333,日本碍子,5121.0,4758.6,4483.6,4261.5,,2150700,1.56,,,,,
2026-05-06,9041,近鉄グループホールディングス,3453.0,3370.4,3358.9,3293.9,,2093300,2.75,,,,,
2026-05-06,3936,グローバルウェイ,176.0,187.4,161.2,142.7,,2088400,0.14,,,,,
2026-05-06,4288,アズジェント,727.0,803.4,642.7,618.3,,2080200,3.43,,,,,
2026-05-06,6367,ダイキン工業,22855.0,21945.0,21027.2,19961.8,,2049200,1.45,,,,,
2026-05-06,5214,日本電気硝子,7032.0,7910.0,7424.3,6714.6,,2036900,3.32,,,,,
2026-05-06,7162,アストマックス,298.0,237.8,233.6,222.8,,2036000,28.9,,,,,
2026-05-06,6965,浜松ホトニクス,2006.0,2001.3,1942.8,1915.2,,1991100,0.7,,,,,
2026-05-06,7735,ＳＣＲＥＥＮホールディングス,10390.0,10496.0,10376.3,10238.4,,1902200,0.95,,,,,
2026-05-06,3923,ラクス,861.6,852.4,833.0,805.6,,1861900,0.56,,,,,
2026-05-06,3110,日東紡績,28160.0,27928.0,26287.5,22926.5,,1845500,0.87,,,,,
2026-05-06,6383,ダイフク,6777.0,6632.6,6376.2,6063.9,,1839400,1.19,,,,,
2026-05-06,6361,荏原製作所,5242.0,5348.4,5099.4,5079.9,,1790600,0.6,,,,,
2026-05-06,4004,レゾナック・ホールディングス,14045.0,14035.0,13183.5,11599.2,,1771800,0.64,,,,,
2026-05-06,7220,武蔵精密工業,4250.0,4489.0,3592.7,3009.7,,1738700,0.77,,,,,
2026-05-06,5706,三井金属,41060.0,40548.0,36866.5,32235.1,,1669300,0.94,,,,,
2026-05-06,6861,キーエンス,76460.0,71584.0,64312.5,60855.8,,1667000,1.61,,,,,
2026-05-06,1655,ｉシェアーズ　Ｓ＆Ｐ　５００　米国株　ＥＴＦ,819.4,821.6,797.6,775.1,,1657960,1.11,,,,,
2026-05-06,6146,ディスコ,72250.0,74086.0,70719.5,70376.3,,1636400,0.6,,,,,
2026-05-06,8508,Ｊトラスト,662.0,638.0,613.0,557.4,,1622400,2.76,,,,,
2026-05-06,4684,オービック,4109.0,4179.4,4118.8,4009.3,,1610900,0.62,,,,,
2026-05-06,4169,ＥＮＥＣＨＡＮＧＥ,331.0,318.8,311.1,279.2,,1583900,1.32,,,,,
2026-05-06,6645,オムロン,5588.0,5366.0,4950.1,4804.1,,1577200,0.98,,,,,
2026-05-06,6217,津田駒工業,1610.0,1710.2,1077.0,714.9,,1557000,1.05,,,,,
2026-05-06,6323,ローツェ,3704.0,3772.6,3574.8,3246.6,,1548100,0.71,,,,,
2026-05-06,5334,日本特殊陶業,7962.0,8302.6,8192.8,7680.6,,1537700,1.79,,,,,
2026-05-06,6504,富士電機,13180.0,12833.0,11805.0,11665.8,,1536600,1.32,,,,,
2026-05-06,6532,ベイカレント,5088.0,5164.6,5159.3,4759.5,,1525600,0.49,,,,,
2026-05-06,1407,ウエストホールディングス,2884.0,2740.4,2225.7,1883.7,,1520300,1.25,,,,,
2026-05-06,5985,サンコール,1718.0,1678.8,1577.8,1491.1,,1518000,0.84,,,,,
2026-05-06,6197,ソラスト,1119.0,1117.8,1116.6,1030.6,,1493600,2.73,,,,,
2026-05-06,6890,フェローテック,8090.0,7616.0,7005.0,6486.2,,1432200,1.57,,,,,
2026-05-06,9519,レノバ,1111.0,1095.8,1009.9,836.9,,1396500,0.73,,,,,
2026-05-06,3105,日清紡ホールディングス,2009.0,1997.5,1796.8,1670.2,,1378000,0.82,,,,,
2026-05-06,6113,アマダ,2630.0,2601.8,2463.3,2396.7,,1325900,0.91,,,,,
2026-05-06,4578,大塚ホールディングス,11220.0,11051.0,10855.0,10609.6,,1284400,0.96,,,,,
2026-05-06,5208,有沢製作所,2277.0,2612.4,2512.6,2438.1,,1273200,5.55,,,,,
2026-05-06,5341,ＡＳＡＨＩ　ＥＩＴＯホールディングス,355.0,372.6,321.7,235.5,,1255700,0.5,,,,,
2026-05-06,9147,ＮＩＰＰＯＮ　ＥＸＰＲＥＳＳホールディングス,4121.0,4019.8,3869.7,3741.6,,1253800,0.83,,,,,
2026-05-06,6324,ハーモニック・ドライブ・システムズ,5150.0,4839.0,4350.2,4124.4,,1245100,0.71,,,,,
2026-05-06,6235,オプトラン,4360.0,4015.0,3517.0,2983.1,,1177900,1.64,,,,,
2026-05-06,6264,マルマエ,2041.0,1963.4,1784.1,1704.4,,1168800,1.59,,,,,
2026-05-06,2371,カカクコム,2581.5,2642.3,2294.9,1992.3,,1122800,0.4,,,,,
2026-05-06,3776,ブロードバンドタワー,242.0,235.4,233.4,224.4,,1090100,2.0,,,,,
2026-05-06,2012,ｉシェアーズ　米国債０－３ヶ月　ＥＴＦ,236.5,239.4,239.1,236.4,,982560,3.43,,,,,
2026-05-06,6522,アスタリスク,1182.0,1189.2,1118.0,775.9,,982300,0.41,,,,,
2026-05-06,6481,ＴＨＫ,5787.0,5740.0,5519.9,5153.2,,968800,1.14,,,,,
2026-05-06,8359,八十二長野銀行,2094.5,2087.4,2079.7,2033.4,,967000,0.77,,,,,
2026-05-06,2337,いちご,496.0,505.8,501.4,471.5,,953200,0.94,,,,,
2026-05-06,5631,日本製鋼所,9283.0,9630.4,9541.5,9500.9,,946400,1.12,,,,,
2026-05-06,6769,ザインエレクトロニクス,1292.0,1184.0,1022.9,924.1,,935000,2.3,,,,,
2026-05-06,6480,日本トムソン,1145.0,1061.2,1013.9,981.9,,933900,2.13,,,,,
2026-05-06,7004,カナデビア,1200.0,1211.4,1190.8,1091.8,,908100,0.83,,,,,
2026-05-06,9983,ファーストリテイリング,72890.0,72322.0,71456.0,67136.0,,891200,0.73,,,,,
2026-05-06,6768,タムラ製作所,842.0,816.0,736.5,696.3,,883700,0.92,,,,,
2026-05-06,2644,グローバルＸ　半導体関連－日本株式　ＥＴＦ,3664.0,3694.0,3512.1,3310.2,,875319,0.55,,,,,
2026-05-06,4691,ワシントンホテル,2351.0,2132.4,1947.3,1606.6,,856900,5.29,,,,,
2026-05-06,4061,デンカ,4173.0,4068.8,3827.8,3498.4,,851600,0.94,,,,,
2026-05-06,6454,マックス,1796.0,1721.0,1692.3,1685.7,,835100,3.21,,,,,
2026-05-06,6958,日本シイエムケイ,641.0,623.2,599.6,592.2,,829900,1.25,,,,,
2026-05-06,6862,ミナトホールディングス,3060.0,2740.2,2435.9,2317.1,,825100,1.98,,,,,
2026-05-06,6779,日本電波工業,1895.0,1840.6,1671.0,1374.1,,824300,0.4,,,,,
2026-05-06,2865,グローバルＸ　ＮＡＳＤＡＱ１００・カバード・コール　ＥＴＦ,1257.0,1261.6,1239.2,1218.2,,792038,2.82,,,,,
2026-05-06,4588,オンコリスバイオファーマ,2717.0,2864.8,2690.9,2528.8,,772800,0.87,,,,,
2026-05-06,7740,タムロン,1069.0,1081.4,1076.2,1035.9,,759800,1.81,,,,,
2026-05-06,6817,スミダコーポレーション,1238.0,1314.4,1263.5,1201.3,,743300,2.31,,,,,
2026-05-06,4403,日油,3237.0,3206.6,3200.9,3095.6,,739400,1.24,,,,,
2026-05-06,1699,ＮＥＸＴ　ＦＵＮＤＳ　ＮＯＭＵＲＡ　原油インデックス連動型上場投信,660.5,644.7,602.7,540.0,,723730,0.39,,,,,
2026-05-06,7256,河西工業,345.0,379.6,307.0,277.6,,719800,0.17,,,,,
2026-05-06,9941,太洋物産,1127.0,1277.0,1158.5,908.2,,700400,2.44,,,,,
2026-05-06,4182,三菱瓦斯化学,4368.0,4390.0,4213.7,4108.8,,697500,0.61,,,,,
2026-05-06,3660,アイスタイル,466.0,468.0,467.6,453.7,,695800,0.84,,,,,
2026-05-06,3444,菊池製作所,1415.0,1528.2,1137.3,913.8,,678700,0.17,,,,,
2026-05-06,8358,スルガ銀行,2266.0,2291.4,2240.4,2093.6,,677400,0.83,,,,,
2026-05-06,5597,ブルーイノベーション,1912.0,1832.0,1748.7,1631.7,,676200,1.63,,,,,
2026-05-06,6135,牧野フライス製作所,12660.0,11990.0,11638.0,11606.2,,671600,1.7,,,,,
2026-05-06,4022,ラサ工業,2131.0,2088.4,1813.3,1783.4,,664800,0.52,,,,,
2026-05-06,6840,ＡＫＩＢＡホールディングス,589.0,555.4,521.8,510.8,,663800,1.46,,,,,
2026-05-06,6370,栗田工業,8044.0,8209.8,8016.4,7975.9,,653800,1.1,,,,,
2026-05-06,7839,ＳＨＯＥＩ,1850.0,1716.4,1701.0,1686.6,,646400,1.74,,,,,
2026-05-06,2841,ｉＦｒｅｅＥＴＦ　ＮＡＳＤＡＱ１００（為替ヘッジあり）,1590.0,1575.8,1502.7,1457.0,,626707,7.08,,,,,
2026-05-06,6997,日本ケミコン,2651.0,2477.8,2076.3,1751.2,,619700,0.58,,,,,
2026-05-06,4186,東京応化工業,8931.0,9056.2,8897.9,8555.9,,618000,0.66,,,,,
2026-05-06,7956,ピジョン,1676.0,1706.2,1687.4,1654.1,,602800,0.63,,,,,
2026-05-06,6440,ＪＵＫＩ,799.0,765.6,719.0,682.7,,602000,2.15,,,,,
2026-05-06,4422,ＶＡＬＵＥＮＥＸ,1014.0,1141.8,1049.5,620.4,,598700,0.28,,,,,
2026-05-06,6072,地盤ネットホールディングス,1041.0,1104.2,1038.0,918.8,,597000,0.31,,,,,
2026-05-06,4819,デジタルガレージ,2511.0,2519.0,2319.3,2156.4,,591000,1.22,,,,,
2026-05-06,6996,ニチコン,2335.0,2338.6,2114.3,1988.4,,588300,1.31,,,,,
2026-05-06,6871,日本マイクロニクス,12560.0,12902.0,12241.0,11294.0,,586200,0.77,,,,,
2026-05-06,6327,北川精機,2897.0,2546.8,2092.0,1699.7,,584300,1.16,,,,,
2026-05-06,2093,上場Ｔｒａｃｅｒｓ　米国債０－２年ラダー（為替ヘッジなし）,5233.0,5304.2,5297.2,5245.1,,560751,14.11,,,,,
2026-05-06,2175,エス・エム・エス,1732.0,1778.8,1744.5,1719.9,,560500,1.27,,,,,
2026-05-06,7419,ノジマ,1211.0,1233.0,1167.4,1127.0,,553800,0.24,,,,,
2026-05-06,3774,インターネットイニシアティブ,2749.0,2752.8,2668.7,2427.9,,552900,0.67,,,,,
2026-05-06,5698,エンビプロ・ホールディングス,1164.0,1095.4,978.8,952.9,,548500,0.83,,,,,
2026-05-06,2195,アミタホールディングス,519.0,540.6,517.5,415.2,,541300,0.58,,,,,
2026-05-06,6356,日本ギア工業,1501.0,1615.6,1366.5,1354.8,,540800,0.34,,,,,
2026-05-06,5367,ニッカトー,890.0,824.4,768.7,767.0,,534500,3.17,,,,,
2026-05-06,8060,キヤノンマーケティングジャパン,3627.0,3625.2,3587.7,3498.9,,524500,0.8,,,,,
2026-05-06,3445,ＲＳ　Ｔｅｃｈｎｏｌｏｇｉｅｓ,6080.0,5554.0,4612.8,4153.4,,524500,2.09,,,,,
2026-05-06,7375,リファインバースグループ,1853.0,2012.4,1884.8,1298.0,,520100,0.32,,,,,
2026-05-06,6134,ＦＵＪＩ,6024.0,5998.2,5640.1,5307.4,,519000,1.14,,,,,
2026-05-06,6629,テクノホライゾン,1165.0,1184.4,1016.9,1010.1,,514100,0.2,,,,,
2026-05-06,6136,オーエスジー,3256.0,3218.4,2947.2,2771.6,,508900,0.77,,,,,
2026-05-06,3608,ＴＳＩホールディングス,1278.0,1345.8,1314.8,1167.8,,505200,0.73,,,,,
2026-05-06,4368,扶桑化学工業,3160.0,3185.0,3037.3,2969.9,,504700,1.1,,,,,
2026-05-06,6999,ＫＯＡ,1840.0,1868.2,1838.1,1733.1,,502900,0.58,,,,,
2026-05-07,8918,ランド,10.0,10.2,9.8,9.5,,243797100,1.03,,,,,
2026-05-07,9984,ソフトバンクグループ,6424.0,5635.8,4789.6,4232.4,,119003600,1.25,,,,,
2026-05-07,9434,ソフトバンク,221.3,220.2,219.2,215.7,,99851600,1.5,,,,,
2026-05-07,5803,フジクラ,6498.0,6181.0,5688.5,4666.4,,49010500,1.08,,,,,
2026-05-07,4689,ＬＩＮＥヤフー,439.7,419.8,417.3,399.9,,37358800,2.78,,,,,
2026-05-07,5016,ＪＸ金属,5276.0,4904.0,4674.6,3967.8,,36653000,1.4,,,,,
2026-05-07,6723,ルネサスエレクトロニクス,3623.0,3215.4,2881.1,2727.9,,33631800,1.56,,,,,
2026-05-07,1306,ＮＥＸＴ　ＦＵＮＤＳ　ＴＯＰＩＸ連動型上場投信,407.2,398.4,397.0,392.2,,25211910,1.42,,,,,
2026-05-07,6981,村田製作所,5648.0,5139.6,4602.3,3959.9,,24938000,1.97,,,,,
2026-05-07,6762,ＴＤＫ,2896.0,2791.4,2494.8,2288.2,,20251700,1.22,,,,,
2026-05-07,1579,日経平均ブル２倍上場投信,707.7,653.1,609.2,568.2,,19118850,1.3,,,,,
2026-05-07,8316,三井住友フィナンシャルグループ,5689.0,5558.8,5526.9,5522.3,,17149500,1.6,,,,,
2026-05-07,6752,パナソニック　ホールディングス,3349.0,3208.0,2989.1,2685.5,,17088700,1.75,,,,,
2026-05-07,3103,ユニチカ,2535.0,2414.2,2234.5,1665.5,,16543800,0.91,,,,,
2026-05-07,4063,信越化学工業,7711.0,7218.2,6814.2,6276.2,,16438600,1.9,,,,,
2026-05-07,8308,りそなホールディングス,2010.0,1943.9,1902.2,1876.4,,12362900,1.16,,,,,
2026-05-07,6503,三菱電機,6448.0,6175.2,5891.1,5645.4,,12043300,1.73,,,,,
2026-05-07,6085,アーキテクツ・スタジオ・ジャパン,615.0,585.0,398.2,283.0,,11750600,1.21,,,,,
2026-05-07,8411,みずほフィナンシャルグループ,6926.0,6777.2,6721.3,6700.5,,11688900,1.37,,,,,
2026-05-07,4062,イビデン,16375.0,13692.0,10886.1,9161.5,,11586800,1.66,,,,,
2026-05-07,6857,アドバンテスト,29715.0,29408.0,27084.0,25524.3,,11005100,0.93,,,,,
2026-05-07,5802,住友電気工業,11345.0,10337.0,10129.4,9689.1,,10977100,2.16,,,,,
2026-05-07,6701,日本電気,4028.0,4246.6,4219.6,4188.6,,10880800,0.94,,,,,
2026-05-07,2802,味の素,4958.0,4896.6,4718.4,4558.7,,10744000,3.11,,,,,
2026-05-07,6594,ニデック,2593.0,2441.6,2328.5,2289.1,,10405600,1.98,,,,,
2026-05-07,6954,ファナック,7095.0,7001.4,6365.0,6285.3,,9370000,1.19,,,,,
2026-05-07,6098,リクルートホールディングス,7475.0,7381.0,7336.9,6872.6,,8411200,1.33,,,,,
2026-05-07,6971,京セラ,2851.0,2731.0,2661.9,2601.8,,8401700,1.62,,,,,
2026-05-07,6315,ＴＯＷＡ,3305.0,2977.4,2694.2,2679.4,,8145800,2.08,,,,,
2026-05-07,8766,東京海上ホールディングス,7210.0,7181.4,7133.1,6667.2,,8016100,1.37,,,,,
2026-05-07,6141,ＤＭＧ森精機,3589.0,3050.8,2750.8,2749.5,,7133100,4.36,,,,,
2026-05-07,6525,ＫＯＫＵＳＡＩ　ＥＬＥＣＴＲＩＣ,7007.0,6625.6,6537.9,6078.3,,7116500,1.51,,,,,
2026-05-07,6361,荏原製作所,5763.0,5440.2,5163.2,5091.4,,6871600,2.37,,,,,
2026-05-07,6613,ＱＤレーザ,1506.0,1467.2,1353.5,1089.1,,6866100,0.72,,,,,
2026-05-07,6724,セイコーエプソン,2412.5,2153.5,2106.2,2056.5,,6502700,3.45,,,,,
2026-05-07,1568,ＴＯＰＩＸブル２倍上場投信,901.0,861.7,856.0,843.3,,6407740,1.4,,,,,
2026-05-07,6965,浜松ホトニクス,2140.0,2045.0,1957.3,1921.6,,6268100,2.27,,,,,
2026-05-07,1475,ｉシェアーズ・コア　ＴＯＰＩＸ　ＥＴＦ,398.6,389.4,387.8,383.2,,6194090,1.68,,,,,
2026-05-07,6920,レーザーテック,44920.0,44128.0,42108.0,36186.8,,5720200,1.29,,,,,
2026-05-07,6232,ＡＣＳＬ,2427.0,2390.8,1954.3,1585.1,,5564700,0.88,,,,,
2026-05-07,1570,ＮＥＸＴ　ＦＵＮＤＳ　日経平均レバレッジ・インデックス連動型上場投信,65520.0,60482.0,56460.0,52697.0,,5277286,1.52,,,,,
2026-05-07,6506,安川電機,5973.0,5571.4,5172.1,4935.2,,5212500,1.18,,,,,
2026-05-07,6976,太陽誘電,6630.0,6458.8,5808.9,4734.1,,4999500,1.31,,,,,
2026-05-07,8035,東京エレクトロン,51720.0,47162.0,44380.5,42083.5,,4695700,1.45,,,,,
2026-05-07,8309,三井住友トラストグループ,5571.0,5300.0,5285.6,5256.7,,4461200,2.23,,,,,
2026-05-07,9412,スカパーＪＳＡＴホールディングス,3485.0,3371.0,3228.5,2981.9,,4437300,2.17,,,,,
2026-05-07,5074,テスホールディングス,910.0,783.4,681.9,601.9,,4409000,1.54,,,,,
2026-05-07,6383,ダイフク,7373.0,6827.0,6450.8,6092.1,,4191300,2.64,,,,,
2026-05-07,4004,レゾナック・ホールディングス,15590.0,14399.0,13398.0,11703.6,,4158600,1.48,,,,,
2026-05-07,2334,イオレ,535.0,486.8,428.8,405.9,,4017500,1.51,,,,,
2026-05-07,7868,広済堂ホールディングス,618.0,591.0,526.6,501.3,,3921400,1.35,,,,,
2026-05-07,9962,ミスミグループ本社,3452.0,3439.4,3110.1,3000.1,,3730100,2.05,,,,,
2026-05-07,6113,アマダ,2872.5,2670.5,2495.1,2409.3,,3526800,2.4,,,,,
2026-05-07,6367,ダイキン工業,24800.0,22592.0,21279.0,20048.8,,3378100,2.68,,,,,
2026-05-07,2267,ヤクルト本社,2961.5,2847.2,2717.3,2651.5,,3267500,1.1,,,,,
2026-05-07,3436,ＳＵＭＣＯ,3033.0,2553.8,2206.3,1848.7,,3176400,0.23,,,,,
2026-05-07,6645,オムロン,6043.0,5556.0,5030.9,4838.0,,3159600,1.98,,,,,
2026-05-07,8359,八十二長野銀行,2307.5,2143.4,2093.7,2038.7,,3119400,2.5,,,,,
2026-05-07,6754,アンリツ,4090.0,3943.2,3531.0,3022.4,,3034800,1.2,,,,,
2026-05-07,3923,ラクス,891.9,862.9,839.6,806.3,,3011100,1.04,,,,,
2026-05-07,7735,ＳＣＲＥＥＮホールディングス,11300.0,10634.0,10481.7,10252.7,,2915500,1.52,,,,,
2026-05-07,7220,武蔵精密工業,4950.0,4519.0,3701.6,3045.8,,2915300,1.22,,,,,
2026-05-07,6323,ローツェ,3950.0,3835.0,3637.3,3256.4,,2913700,1.44,,,,,
2026-05-07,5333,日本碍子,5345.0,4942.0,4544.1,4286.8,,2855100,1.94,,,,,
2026-05-07,6890,フェローテック,9150.0,7950.0,7133.5,6540.0,,2695000,2.68,,,,,
2026-05-07,6841,横河電機,5734.0,5477.4,5428.8,5366.1,,2628100,2.57,,,,,
2026-05-07,6268,ナブテスコ,5253.0,5111.8,4757.1,4570.1,,2557700,1.82,,,,,
2026-05-07,3936,グローバルウェイ,168.0,179.2,163.2,143.3,,2538500,0.16,,,,,
2026-05-07,6146,ディスコ,76590.0,75064.0,71266.5,70537.5,,2502700,0.94,,,,,
2026-05-07,2371,カカクコム,2708.0,2633.9,2319.0,2002.3,,2494700,0.9,,,,,
2026-05-07,3110,日東紡績,31950.0,28842.0,26861.0,23205.7,,2431300,1.19,,,,,
2026-05-07,4980,デクセリアルズ,2642.5,2506.8,2407.1,2396.7,,2383900,1.82,,,,,
2026-05-07,4180,Ａｐｐｉｅｒ　Ｇｒｏｕｐ,958.0,904.2,904.0,840.1,,2375600,2.04,,,,,
2026-05-07,4578,大塚ホールディングス,11260.0,11141.0,10857.0,10641.1,,2304200,1.7,,,,,
2026-05-07,6861,キーエンス,79350.0,74818.0,65393.5,61229.8,,2252600,1.97,,,,,
2026-05-07,5706,三井金属,48060.0,42428.0,37693.5,32689.2,,2151900,1.25,,,,,
2026-05-07,1655,ｉシェアーズ　Ｓ＆Ｐ　５００　米国株　ＥＴＦ,831.4,824.0,801.4,775.8,,2064240,1.41,,,,,
2026-05-07,3776,ブロードバンドタワー,254.0,240.8,234.8,225.6,,2012800,3.36,,,,,
2026-05-07,5301,東海カーボン,1174.5,1109.1,1046.0,1026.0,,2006300,1.32,,,,,
2026-05-07,1942,関電工,7025.0,6675.2,6301.3,6284.6,,1967000,1.01,,,,,
2026-05-07,6768,タムラ製作所,902.0,839.6,749.8,700.3,,1957800,1.94,,,,,
2026-05-07,7419,ノジマ,1208.0,1223.4,1172.3,1129.4,,1957400,0.85,,,,,
2026-05-07,9983,ファーストリテイリング,75760.0,73456.0,72029.0,67365.0,,1952400,1.66,,,,,
2026-05-07,5985,サンコール,1945.0,1747.8,1603.0,1507.0,,1930900,1.1,,,,,
2026-05-07,6779,日本電波工業,2101.0,1897.8,1713.2,1391.9,,1918600,0.93,,,,,
2026-05-07,7762,シチズン時計,1937.0,1829.8,1825.3,1731.2,,1879100,2.39,,,,,
2026-05-07,4684,オービック,4120.0,4168.4,4127.8,4008.1,,1838700,0.71,,,,,
2026-05-07,6504,富士電機,14035.0,13198.0,11967.2,11712.0,,1721600,1.41,,,,,
2026-05-07,6481,ＴＨＫ,6244.0,5899.0,5583.9,5177.3,,1626300,1.86,,,,,
2026-05-07,6324,ハーモニック・ドライブ・システムズ,5710.0,5142.0,4450.0,4161.6,,1617200,1.04,,,,,
2026-05-07,4186,東京応化工業,9744.0,9191.2,9000.0,8591.5,,1614800,1.79,,,,,
2026-05-07,4182,三菱瓦斯化学,4704.0,4447.4,4258.6,4134.1,,1614200,1.43,,,,,
2026-05-07,7004,カナデビア,1244.0,1219.8,1199.2,1095.3,,1582100,1.53,,,,,
2026-05-07,3105,日清紡ホールディングス,2112.5,2037.1,1826.3,1678.3,,1564600,1.01,,,,,
2026-05-07,9147,ＮＩＰＰＯＮ　ＥＸＰＲＥＳＳホールディングス,4306.0,4122.0,3896.4,3753.7,,1535800,0.98,,,,,
2026-05-07,6254,野村マイクロ・サイエンス,4070.0,3780.0,3637.8,3338.8,,1466100,2.48,,,,,
2026-05-07,5214,日本電気硝子,7190.0,7749.8,7463.8,6719.0,,1430600,1.86,,,,,
2026-05-07,4373,シンプレクス・ホールディングス,895.0,890.4,887.0,845.9,,1354000,1.28,,,,,
2026-05-07,6264,マルマエ,2305.0,2027.4,1818.9,1718.9,,1350400,1.77,,,,,
2026-05-07,4259,エクサウィザーズ,771.0,727.4,725.2,699.2,,1313200,1.02,,,,,
2026-05-07,1407,ウエストホールディングス,2860.0,2802.8,2273.9,1904.4,,1297000,1.1,,,,,
2026-05-07,1329,ｉシェアーズ・コア　日経２２５　ＥＴＦ,6563.0,6293.6,6065.1,5820.4,,1280734,2.01,,,,,
2026-05-07,6871,日本マイクロニクス,14080.0,13210.0,12439.0,11380.7,,1259000,1.67,,,,,
2026-05-07,5341,ＡＳＡＨＩ　ＥＩＴＯホールディングス,380.0,375.2,329.8,238.4,,1257800,0.51,,,,,
2026-05-07,9519,レノバ,1138.0,1111.6,1020.5,844.5,,1249500,0.68,,,,,
2026-05-07,8358,スルガ銀行,2272.0,2295.2,2249.5,2098.3,,1247200,1.51,,,,,
2026-05-07,9041,近鉄グループホールディングス,3541.0,3404.2,3367.2,3299.1,,1244100,1.41,,,,,
2026-05-07,6840,ＡＫＩＢＡホールディングス,689.0,581.4,534.0,514.3,,1243500,2.53,,,,,
2026-05-07,6862,ミナトホールディングス,3760.0,2995.8,2521.9,2354.1,,1237800,2.63,,,,,
2026-05-07,6235,オプトラン,4705.0,4171.0,3615.2,3026.8,,1236600,1.61,,,,,
2026-05-07,6480,日本トムソン,1204.0,1105.0,1029.1,986.0,,1223300,2.42,,,,,
2026-05-07,6996,ニチコン,2521.0,2378.2,2149.7,2002.0,,1198100,2.58,,,,,
2026-05-07,4061,デンカ,4346.0,4121.2,3855.7,3520.1,,1184100,1.3,,,,,
2026-05-07,1699,ＮＥＸＴ　ＦＵＮＤＳ　ＮＯＭＵＲＡ　原油インデックス連動型上場投信,615.3,643.4,603.7,543.4,,1155570,0.64,,,,,
2026-05-07,4022,ラサ工業,2280.0,2132.6,1850.7,1796.2,,1135000,0.91,,,,,
2026-05-07,5334,日本特殊陶業,8083.0,8247.2,8221.1,7704.6,,1129700,1.21,,,,,
2026-05-07,5367,ニッカトー,803.0,834.2,773.5,769.2,,1097500,5.87,,,,,
2026-05-07,6997,日本ケミコン,2960.0,2610.8,2150.6,1775.0,,1097100,1.09,,,,,
2026-05-07,8368,百五銀行,1864.0,1791.0,1776.8,1624.0,,1065800,1.24,,,,,
2026-05-07,7956,ピジョン,1721.5,1711.8,1690.7,1655.6,,1038900,1.1,,,,,
2026-05-07,6135,牧野フライス製作所,13650.0,12362.0,11743.5,11639.3,,1015100,2.22,,,,,
2026-05-07,4403,日油,3284.0,3233.8,3203.2,3099.8,,998000,1.63,,,,,
2026-05-07,2014,ｉシェアーズ　米国連続増配株　ＥＴＦ,295.0,296.7,294.9,290.9,,990400,13.6,,,,,
2026-05-07,3994,マネーフォワード,4641.0,4675.4,4542.5,3719.2,,984000,1.05,,,,,
2026-05-07,6136,オーエスジー,3374.0,3263.8,2983.9,2784.3,,976800,1.54,,,,,
2026-05-07,8508,Ｊトラスト,674.0,651.0,618.4,560.6,,973700,1.42,,,,,
2026-05-07,2644,グローバルＸ　半導体関連－日本株式　ＥＴＦ,3958.0,3745.6,3556.8,3323.8,,961645,0.66,,,,,
2026-05-07,6327,北川精機,3380.0,2802.8,2183.2,1738.7,,953500,1.77,,,,,
2026-05-07,8418,山口フィナンシャルグループ,2683.5,2676.3,2673.5,2616.1,,943100,1.59,,,,,
2026-05-07,6072,地盤ネットホールディングス,1058.0,1074.6,1049.2,933.0,,937800,0.6,,,,,
2026-05-07,6962,大真空,800.0,741.6,701.6,657.0,,920500,1.72,,,,,
2026-05-07,6958,日本シイエムケイ,652.0,631.8,604.5,593.5,,918200,1.33,,,,,
2026-05-07,6999,ＫＯＡ,2001.0,1866.2,1860.5,1740.2,,912900,1.09,,,,,
2026-05-07,6407,ＣＫＤ,6470.0,6048.0,5607.0,5049.6,,881100,2.08,,,,,
2026-05-07,3445,ＲＳ　Ｔｅｃｈｎｏｌｏｇｉｅｓ,6780.0,5910.0,4771.2,4201.2,,862100,2.97,,,,,
2026-05-07,4169,ＥＮＥＣＨＡＮＧＥ,340.0,320.2,312.3,280.1,,854100,0.68,,,,,
2026-05-07,6521,オキサイド,5280.0,4789.0,4664.2,4046.1,,802300,1.21,,,,,
2026-05-07,6370,栗田工業,8358.0,8322.2,8050.1,7985.8,,795900,1.31,,,,,
2026-05-07,6134,ＦＵＪＩ,6272.0,6078.0,5707.9,5347.7,,789700,1.69,,,,,
2026-05-07,8060,キヤノンマーケティングジャパン,3720.0,3634.6,3600.1,3503.5,,789400,1.21,,,,,
2026-05-07,4021,日産化学,6906.0,6764.2,6545.5,6428.4,,786400,1.43,,,,,
2026-05-07,2175,エス・エム・エス,1701.0,1758.0,1745.6,1719.9,,782300,1.66,,,,,
2026-05-07,3696,セレス,1928.0,1754.2,1581.7,1580.5,,778800,2.51,,,,,
2026-05-07,3774,インターネットイニシアティブ,2770.5,2751.3,2680.8,2432.8,,777600,1.0,,,,,
2026-05-07,5727,東邦チタニウム,3660.0,3423.0,3262.8,2685.5,,776700,1.84,,,,,
2026-05-07,5393,ニチアス,3292.0,3157.0,3085.6,2952.5,,760300,1.55,,,,,
2026-05-07,4368,扶桑化学工業,3335.0,3242.0,3062.8,2983.6,,757800,1.62,,,,,
2026-05-07,6666,リバーエレテック,1193.0,1034.6,932.2,737.5,,755400,1.45,,,,,
2026-05-07,2195,アミタホールディングス,481.0,527.4,513.6,417.2,,752700,0.87,,,,,
2026-05-07,7256,河西工業,354.0,359.4,311.4,280.8,,739700,0.17,,,,,
2026-05-07,7564,ワークマン,7710.0,7214.0,6803.5,6786.3,,738200,2.41,,,,,
2026-05-07,3444,菊池製作所,1350.0,1498.2,1168.8,921.4,,721500,0.19,,,,,
2026-05-07,5208,有沢製作所,2238.0,2531.8,2508.0,2444.7,,703400,2.05,,,,,
2026-05-07,7826,フルヤ金属,8010.0,7460.0,7222.5,6822.6,,690100,2.35,,,,,
2026-05-07,6508,明電舎,9170.0,8658.0,8371.5,7761.2,,688300,4.19,,,,,
2026-05-07,7380,十六フィナンシャルグループ,2123.0,2063.2,2038.1,1921.6,,686100,1.4,,,,,
2026-05-07,6522,アスタリスク,1216.0,1192.6,1121.3,789.5,,661200,0.28,,,,,
2026-05-07,7177,ＧＭＯフィナンシャルホールディングス,1087.0,1048.2,992.0,938.6,,648200,1.3,,,,,
2026-05-07,6143,ソディック,1668.0,1577.4,1464.8,1381.7,,645800,1.96,,,,,
2026-05-07,6703,沖電気工業,3410.0,3358.0,3254.8,2946.4,,644600,0.84,,,,,
2026-05-07,1721,コムシスホールディングス,5779.0,5704.8,5428.8,5351.9,,644400,0.71,,,,,
2026-05-07,6440,ＪＵＫＩ,840.0,787.6,728.6,688.0,,644200,2.02,,,,,
2026-05-07,6103,オークマ,4770.0,4516.0,4243.0,4168.2,,639100,1.58,,,,,
2026-05-07,6629,テクノホライゾン,1188.0,1219.8,1034.3,1011.6,,631300,0.24,,,,,
2026-05-07,1417,ミライト・ワン,4101.0,4036.6,3844.6,3808.5,,622400,2.2,,,,,
2026-05-07,3661,エムアップホールディングス,735.0,728.0,722.9,702.0,,620400,1.34,,,,,
2026-05-07,1365,ｉＦｒｅｅＥＴＦ　日経平均レバレッジ・インデックス,4035.0,3720.2,3471.7,3236.9,,619936,2.02,,,,,
2026-05-07,2865,グローバルＸ　ＮＡＳＤＡＱ１００・カバード・コール　ＥＴＦ,1254.0,1261.4,1241.0,1218.6,,618627,1.78,,,,,
2026-05-07,7172,ジャパンインベストメントアドバイザー,2085.0,2074.6,2031.5,2023.7,,618500,1.52,,,,,
2026-05-07,1671,ＷＴＩ原油価格連動型上場投信,5172.0,5482.0,5133.5,4509.4,,610190,0.69,,,,,
2026-05-07,4588,オンコリスバイオファーマ,2838.0,2836.8,2719.6,2547.4,,600300,0.69,,,,,
2026-05-07,4419,Ｆｉｎａｔｅｘｔホールディングス,1165.0,1123.0,1105.3,965.0,,596600,1.68,,,,,
2026-05-07,4478,フリー,2320.0,2257.4,2253.6,2179.4,,595700,0.72,,,,,
2026-05-07,6273,ＳＭＣ,78840.0,76526.0,71173.5,68929.8,,594200,1.7,,,,,
2026-05-07,6994,指月電機製作所,1243.0,1115.0,1035.8,995.4,,587500,2.41,,,,,
2026-05-07,6769,ザインエレクトロニクス,1254.0,1220.8,1040.8,931.0,,586100,1.19,,,,,
2026-05-07,6101,ツガミ,5230.0,4711.0,4284.5,3853.5,,585100,1.22,,,,,
2026-05-07,7730,マニー,1669.0,1701.4,1694.6,1612.8,,583100,1.0,,,,,
2026-05-07,9880,イノテック,3225.0,2897.0,2732.6,2655.5,,578800,5.36,,,,,
2026-05-07,4071,プラスアルファ・コンサルティング,2347.0,2205.4,2139.3,2135.0,,564400,2.42,,,,,
2026-05-07,7966,リンテック,5370.0,5047.0,4939.0,4927.2,,557100,2.65,,,,,
2026-05-07,6278,ユニオンツール,16900.0,16444.0,16308.5,14803.5,,554500,1.49,,,,,
2026-05-07,9517,イーレックス,1062.0,1042.2,983.4,861.2,,552000,1.36,,,,,
2026-05-07,1321,ＮＥＸＴ　ＦＵＮＤＳ　日経２２５連動型上場投信,65880.0,63230.0,60970.5,58488.5,,551506,1.69,,,,,
2026-05-07,2243,グローバルＸ　半導体　ＥＴＦ,4242.0,3992.4,3569.8,3151.9,,545251,1.0,,,,,
2026-05-07,8392,大分銀行,2174.0,2109.2,2088.4,1972.6,,526400,1.76,,,,,
2026-05-07,5805,ＳＷＣＣ,16680.0,15846.0,14646.0,14213.8,,522600,1.43,,,,,
2026-05-07,6183,ベルシステム２４ホールディングス,1476.0,1491.0,1477.3,1451.4,,520900,2.05,,,,,
2026-05-07,6728,アルバック,10485.0,10051.8,9770.3,9564.5,,518600,1.85,,,,,
2026-05-07,6258,平田機工,3405.0,3235.0,2973.3,2795.0,,515700,1.7,,,,,
2026-05-07,4651,サニックスホールディングス,243.0,236.2,234.3,218.9,,512000,0.12,,,,,
2026-05-07,4427,ＥｄｕＬａｂ,292.0,269.0,241.4,230.6,,511400,3.11,,,,,
2026-05-07,6986,双葉電子工業,764.0,716.2,701.0,697.5,,503800,1.96,,,,,
2026-05-07,6524,湖北工業,6300.0,5696.0,4972.3,4516.4,,502600,1.62,,,,,
2026-05-08,8918,ランド,10.0,10.0,9.9,9.5,,272738500,1.13,,,,,
2026-05-08,9984,ソフトバンクグループ,6131.0,5693.2,4913.7,4264.5,,80654100,0.79,,,,,
2026-05-08,9434,ソフトバンク,220.4,220.7,219.4,215.8,,70519300,1.04,,,,,
2026-05-08,5803,フジクラ,6582.0,6228.0,5787.6,4712.7,,43386200,0.95,,,,,
2026-05-08,3436,ＳＵＭＣＯ,3578.0,2793.5,2297.9,1881.3,,40373500,3.19,,,,,
2026-05-08,4689,ＬＩＮＥヤフー,440.0,425.8,419.7,401.0,,26010100,1.65,,,,,
2026-05-08,5016,ＪＸ金属,5416.0,5015.2,4760.9,4014.0,,25223400,0.93,,,,,
2026-05-08,6723,ルネサスエレクトロニクス,3530.0,3296.6,2943.2,2743.9,,21702800,0.93,,,,,
2026-05-08,6613,ＱＤレーザ,1853.0,1531.2,1393.7,1110.8,,21634400,2.25,,,,,
2026-05-08,3350,メタプラネット,344.0,337.0,331.2,329.8,,20949300,0.71,,,,,
2026-05-08,6981,村田製作所,5850.0,5326.4,4704.4,4002.1,,15418500,1.12,,,,,
2026-05-08,6762,ＴＤＫ,2923.5,2832.5,2539.9,2301.1,,14299700,0.87,,,,,
2026-05-08,3103,ユニチカ,2569.0,2431.6,2308.9,1696.3,,12981500,0.81,,,,,
2026-05-08,6954,ファナック,7515.0,7053.2,6466.2,6299.0,,12964500,1.53,,,,,
2026-05-08,8316,三井住友フィナンシャルグループ,5546.0,5587.2,5535.3,5520.9,,12481400,1.1,,,,,
2026-05-08,6752,パナソニック　ホールディングス,3318.0,3251.0,3016.0,2704.2,,11707600,1.1,,,,,
2026-05-08,4062,イビデン,15515.0,14261.0,11234.1,9300.1,,10684700,1.38,,,,,
2026-05-08,4063,信越化学工業,7480.0,7324.4,6862.0,6313.9,,10411800,1.1,,,,,
2026-05-08,2802,味の素,5030.0,4945.4,4737.1,4583.1,,10223100,2.35,,,,,
2026-05-08,8411,みずほフィナンシャルグループ,6771.0,6811.8,6736.1,6692.5,,10189400,1.16,,,,,
2026-05-08,8308,りそなホールディングス,1940.0,1964.3,1906.8,1876.6,,9329900,0.9,,,,,
2026-05-08,6857,アドバンテスト,29885.0,29085.0,27481.8,25597.8,,8963400,0.75,,,,,
2026-05-08,6503,三菱電機,6460.0,6257.6,5949.1,5663.4,,8585500,1.13,,,,,
2026-05-08,6594,ニデック,2607.0,2473.4,2349.7,2293.6,,7627600,1.3,,,,,
2026-05-08,6971,京セラ,2814.5,2762.3,2677.7,2606.2,,7617000,1.35,,,,,
2026-05-08,6085,アーキテクツ・スタジオ・ジャパン,570.0,591.0,413.6,291.5,,7590600,0.75,,,,,
2026-05-08,6098,リクルートホールディングス,7822.0,7485.0,7381.0,6878.0,,7525500,1.15,,,,,
2026-05-08,8053,住友商事,7180.0,6612.2,6149.4,6109.0,,7294300,1.21,,,,,
2026-05-08,5074,テスホールディングス,988.0,840.8,699.2,612.1,,6601100,2.09,,,,,
2026-05-08,6506,安川電機,6367.0,5752.4,5275.1,4954.9,,6573200,1.44,,,,,
2026-05-08,8766,東京海上ホールディングス,7030.0,7154.6,7119.2,6686.5,,6464400,1.09,,,,,
2026-05-08,6525,ＫＯＫＵＳＡＩ　ＥＬＥＣＴＲＩＣ,7358.0,6751.0,6656.2,6094.9,,5723300,1.18,,,,,
2026-05-08,6232,ＡＣＳＬ,2927.0,2506.2,2027.5,1615.3,,5287100,0.78,,,,,
2026-05-08,5802,住友電気工業,11305.0,10586.0,10217.5,9747.0,,5055700,0.88,,,,,
2026-05-08,7220,武蔵精密工業,5420.0,4679.0,3834.8,3087.1,,4959300,1.89,,,,,
2026-05-08,7162,アストマックス,458.0,315.0,252.1,229.9,,4933500,20.64,,,,,
2026-05-08,6965,浜松ホトニクス,2193.5,2073.0,1973.9,1928.7,,4758200,1.5,,,,,
2026-05-08,4883,モダリス,68.0,68.8,58.0,57.8,,4575700,0.36,,,,,
2026-05-08,6724,セイコーエプソン,2442.0,2231.6,2127.4,2062.4,,4500600,1.89,,,,,
2026-05-08,6841,横河電機,5171.0,5445.4,5440.9,5368.2,,4183400,3.47,,,,,
2026-05-08,4911,資生堂,3387.0,3259.0,3246.7,3149.3,,4177300,1.82,,,,,
2026-05-08,4565,ネクセラファーマ,1167.0,1033.0,1014.7,943.1,,4168400,4.34,,,,,
2026-05-08,6141,ＤＭＧ森精機,3735.0,3229.1,2814.4,2763.5,,4095300,1.84,,,,,
2026-05-08,6315,ＴＯＷＡ,3380.0,3105.0,2747.7,2686.5,,3945700,0.89,,,,,
2026-05-08,7868,広済堂ホールディングス,647.0,612.4,533.7,503.7,,3928700,1.21,,,,,
2026-05-08,6920,レーザーテック,43770.0,43728.0,42423.5,36419.5,,3810400,0.82,,,,,
2026-05-08,2371,カカクコム,2914.5,2691.8,2353.7,2019.6,,3741300,1.33,,,,,
2026-05-08,6383,ダイフク,7577.0,7038.8,6532.8,6122.6,,3740200,1.99,,,,,
2026-05-08,2334,イオレ,533.0,508.2,435.8,407.8,,3696600,1.32,,,,,
2026-05-08,8035,東京エレクトロン,52450.0,48232.0,45084.5,42279.3,,3644900,1.07,,,,,
2026-05-08,7936,アシックス,4640.0,4519.0,4512.8,4444.7,,3605500,1.23,,,,,
2026-05-08,6976,太陽誘電,6663.0,6482.8,5914.6,4787.7,,3453000,0.87,,,,,
2026-05-08,3923,ラクス,911.6,878.6,846.5,809.2,,3388000,1.17,,,,,
2026-05-08,6361,荏原製作所,5750.0,5501.0,5224.3,5102.9,,3325300,0.99,,,,,
2026-05-08,6479,ミネベアミツミ,3380.0,3192.2,2998.9,2998.5,,3109800,1.47,,,,,
2026-05-08,6323,ローツェ,3898.0,3815.4,3692.1,3267.8,,2998600,1.41,,,,,
2026-05-08,4004,レゾナック・ホールディングス,16000.0,14801.0,13605.8,11814.4,,2827400,0.94,,,,,
2026-05-08,9412,スカパーＪＳＡＴ,3690.0,3491.0,3260.0,3000.2,,2740100,1.17,,,,,
2026-05-08,8309,三井住友トラストグループ,5406.0,5359.8,5299.5,5257.7,,2738200,1.22,,,,,
2026-05-08,7167,めぶきフィナンシャルグループ,1313.5,1314.4,1310.6,1273.7,,2637100,0.98,,,,,
2026-05-08,4169,ＥＮＥＣＨＡＮＧＥ,381.0,334.8,315.6,281.7,,2619200,2.08,,,,,
2026-05-08,5706,三井金属,50000.0,44568.0,38595.5,33155.6,,2582600,1.42,,,,,
2026-05-08,8359,八十二長野銀行,2201.5,2178.6,2100.8,2041.1,,2525200,1.72,,,,,
2026-05-08,7419,ノジマ,1249.0,1223.0,1178.7,1132.5,,2314500,0.95,,,,,
2026-05-08,6113,アマダ,2896.5,2729.0,2528.0,2421.4,,2312400,1.36,,,,,
2026-05-08,6268,ナブテスコ,5598.0,5225.0,4823.8,4589.1,,2309800,1.45,,,,,
2026-05-08,2267,ヤクルト本社,2924.5,2885.6,2727.2,2657.8,,2212000,0.69,,,,,
2026-05-08,6324,ハーモニック・ドライブ・システムズ,6230.0,5411.0,4570.0,4207.9,,2170200,1.38,,,,,
2026-05-08,5985,サンコール,2124.0,1832.6,1638.8,1525.4,,2156600,1.24,,,,,
2026-05-08,6645,オムロン,6247.0,5750.4,5117.9,4873.8,,2154000,1.21,,,,,
2026-05-08,5333,ＮＧＫ,5374.0,5094.2,4606.8,4310.7,,2118200,1.26,,,,,
2026-05-08,7735,ＳＣＲＥＥＮホールディングス,11380.0,10749.0,10598.2,10267.6,,2098900,1.07,,,,,
2026-05-08,4684,オービック,4232.0,4183.0,4140.7,4015.7,,2094600,0.81,,,,,
2026-05-08,4259,エクサウィザーズ,800.0,745.8,732.5,699.2,,2066400,1.72,,,,,
2026-05-08,6504,富士電機,14800.0,13550.0,12178.0,11781.8,,2045000,1.52,,,,,
2026-05-08,9962,ミスミグループ本社,3490.0,3458.8,3144.4,3007.2,,2019000,0.97,,,,,
2026-05-08,4180,Ａｐｐｉｅｒ　Ｇｒｏｕｐ,997.0,925.2,911.0,840.5,,1985500,1.6,,,,,
2026-05-08,4980,デクセリアルズ,2719.5,2549.2,2433.5,2393.4,,1970800,1.43,,,,,
2026-05-08,6367,ダイキン工業,24550.0,23207.0,21532.2,20135.1,,1880800,1.3,,,,,
2026-05-08,5301,東海カーボン,1190.0,1136.2,1055.8,1027.3,,1858700,1.15,,,,,
2026-05-08,9983,ファーストリテイリング,75000.0,74082.0,72522.5,67586.0,,1842100,1.46,,,,,
2026-05-08,4385,メルカリ,4042.0,3893.2,3884.1,3651.9,,1819700,1.15,,,,,
2026-05-08,6890,フェローテック,9580.0,8420.0,7288.0,6600.2,,1752700,1.43,,,,,
2026-05-08,3271,ＴＨＥグローバル社,1277.0,1277.4,1276.5,1051.2,,1725300,7.99,,,,,
2026-05-08,5334,日本特殊陶業,8679.0,8336.4,8279.5,7739.5,,1721800,1.8,,,,,
2026-05-08,3110,日東紡績,30400.0,29452.0,27343.0,23439.2,,1719400,0.85,,,,,
2026-05-08,6754,アンリツ,4233.0,4038.8,3592.4,3053.9,,1709900,0.63,,,,,
2026-05-08,6861,キーエンス,84170.0,77016.0,66685.5,61723.5,,1695500,1.29,,,,,
2026-05-08,3774,インターネットイニシアティブ,2975.5,2800.9,2698.3,2443.1,,1667300,2.17,,,,,
2026-05-08,8282,ケーズホールディングス,1856.0,1792.1,1789.4,1707.9,,1592100,2.34,,,,,
2026-05-08,4578,大塚ホールディングス,11025.0,11217.0,10849.2,10667.9,,1554300,1.06,,,,,
2026-05-08,9519,レノバ,1160.0,1129.6,1033.1,852.2,,1523600,0.91,,,,,
2026-05-08,6146,ディスコ,75000.0,74858.0,71667.5,70651.8,,1519200,0.56,,,,,
2026-05-08,9147,ＮＩＰＰＯＮ　ＥＸＰＲＥＳＳホールディングス,4368.0,4219.6,3926.0,3766.5,,1482900,0.9,,,,,
2026-05-08,7762,シチズン時計,1986.0,1869.0,1834.7,1740.9,,1453900,1.64,,,,,
2026-05-08,7380,十六フィナンシャルグループ,2060.0,2078.6,2046.6,1926.2,,1423400,2.79,,,,,
2026-05-08,1942,関電工,7046.0,6888.0,6350.4,6306.1,,1397700,0.67,,,,,
2026-05-08,4055,ティアンドエスグループ,2200.0,1830.4,1704.2,1639.7,,1396500,6.33,,,,,
2026-05-08,6521,オキサイド,6210.0,5102.0,4745.5,4108.4,,1383100,2.01,,,,,
2026-05-08,3936,グローバルウェイ,172.0,175.0,165.5,143.9,,1373100,0.09,,,,,
2026-05-08,4182,三菱瓦斯化学,4582.0,4491.0,4291.6,4156.4,,1352800,1.13,,,,,
2026-05-08,3444,菊池製作所,1516.0,1470.0,1208.5,931.7,,1351400,0.38,,,,,
2026-05-08,6254,野村マイクロ・サイエンス,4480.0,3929.0,3704.8,3356.4,,1346700,1.97,,,,,
2026-05-08,6779,日本電波工業,2188.0,1980.2,1756.6,1410.6,,1339300,0.61,,,,,
2026-05-08,4186,東京応化工業,9688.0,9323.6,9094.7,8624.7,,1339100,1.38,,,,,
2026-05-08,7956,ピジョン,1744.5,1713.9,1694.3,1657.5,,1335000,1.37,,,,,
2026-05-08,6264,マルマエ,2565.0,2160.0,1871.2,1736.8,,1317700,1.56,,,,,
2026-05-08,8508,Ｊトラスト,681.0,664.2,623.8,564.0,,1313500,1.78,,,,,
2026-05-08,9301,三菱倉庫,1427.5,1407.1,1400.8,1382.0,,1312600,0.96,,,,,
2026-05-08,5214,日本電気硝子,6915.0,7493.6,7487.4,6718.0,,1293200,1.49,,,,,
2026-05-08,6840,ＡＫＩＢＡホールディングス,657.0,604.6,543.9,517.3,,1278900,2.11,,,,,
2026-05-08,6997,日本ケミコン,3160.0,2778.6,2234.2,1801.9,,1252600,1.26,,,,,
2026-05-08,8367,南都銀行,1619.0,1518.4,1517.3,1477.1,,1236500,2.55,,,,,
2026-05-08,7004,カナデビア,1275.0,1227.4,1206.8,1098.5,,1171900,1.08,,,,,
2026-05-08,6629,テクノホライゾン,1310.0,1219.6,1056.7,1014.0,,1144500,0.43,,,,,
2026-05-08,6996,ニチコン,2494.0,2418.8,2182.1,2015.4,,1118600,2.02,,,,,
2026-05-08,6481,ＴＨＫ,6487.0,6038.4,5661.9,5203.3,,1093800,1.12,,,,,
2026-05-08,7256,河西工業,434.0,370.0,319.9,285.4,,1086900,0.24,,,,,
2026-05-08,7966,リンテック,5210.0,5101.0,4968.8,4932.7,,1078600,4.26,,,,,
2026-05-08,6768,タムラ製作所,934.0,864.6,765.0,704.6,,1075300,0.96,,,,,
2026-05-08,4427,ＥｄｕＬａｂ,332.0,287.2,246.5,232.0,,1021500,4.87,,,,,
2026-05-08,8550,栃木銀行,959.0,967.8,962.8,947.8,,986300,1.5,,,,,
2026-05-08,4403,日油,3225.0,3242.8,3202.8,3102.7,,952100,1.51,,,,,
2026-05-08,5393,ニチアス,3179.0,3165.4,3099.3,2960.1,,926000,1.8,,,,,
2026-05-08,8358,スルガ銀行,2217.0,2285.8,2254.1,2101.7,,926000,1.02,,,,,
2026-05-08,6862,ミナトホールディングス,3885.0,3233.6,2611.8,2394.1,,914500,1.6,,,,,
2026-05-08,6370,栗田工業,8648.0,8391.2,8097.2,8000.4,,914000,1.48,,,,,
2026-05-08,6480,日本トムソン,1230.0,1148.4,1042.8,990.4,,912000,1.53,,,,,
2026-05-08,5844,京都フィナンシャルグループ,4395.0,4391.0,4358.5,4149.8,,910200,0.94,,,,,
2026-05-08,3105,日清紡ホールディングス,2103.0,2067.0,1854.0,1685.4,,902200,0.58,,,,,
2026-05-08,8368,百五銀行,1809.0,1814.0,1786.8,1629.6,,886800,1.0,,,,,
2026-05-08,6235,オプトラン,4820.0,4366.0,3712.8,3072.8,,885500,1.05,,,,,
2026-05-08,8418,山口フィナンシャルグループ,2640.0,2685.9,2674.9,2617.4,,874500,1.38,,,,,
2026-05-08,7337,ひろぎんホールディングス,1857.5,1871.1,1868.5,1853.9,,871400,1.2,,,,,
2026-05-08,6023,ダイハツインフィニアース,3395.0,3062.2,2557.2,2419.4,,867900,2.14,,,,,
2026-05-08,5344,ＭＡＲＵＷＡ,68930.0,72072.0,69285.0,60849.8,,861100,4.22,,,,,
2026-05-08,4373,シンプレクス・ホールディングス,937.0,902.6,892.1,847.7,,855200,0.82,,,,,
2026-05-08,6327,北川精機,3610.0,3087.8,2282.1,1781.7,,853700,1.4,,,,,
2026-05-08,6871,日本マイクロニクス,14030.0,13344.0,12609.5,11467.2,,850300,1.03,,,,,
2026-05-08,5341,ＡＳＡＨＩ　ＥＩＴＯホールディングス,388.0,375.8,335.6,241.4,,843700,0.34,,,,,
2026-05-08,6425,ユニバーサルエンターテインメント,842.0,764.2,758.0,742.1,,830800,2.3,,,,,
2026-05-08,9041,近鉄グループホールディングス,3455.0,3427.6,3373.2,3302.3,,826900,0.9,,,,,
2026-05-08,2489,アドウェイズ,294.0,283.6,281.5,277.6,,817500,1.86,,,,,
2026-05-08,4419,Ｆｉｎａｔｅｘｔホールディングス,1281.0,1159.0,1118.7,972.9,,814700,2.17,,,,,
2026-05-08,4368,扶桑化学工業,3250.0,3254.0,3083.0,2995.1,,809700,1.58,,,,,
2026-05-08,3994,マネーフォワード,4736.0,4705.6,4593.8,3742.4,,808200,0.87,,,,,
2026-05-08,8060,キヤノンマーケティングジャパン,3765.0,3659.6,3611.8,3509.0,,758800,1.11,,,,,
2026-05-08,6135,牧野フライス製作所,13200.0,12642.0,11827.0,11665.2,,745300,1.35,,,,,
2026-05-08,5563,新日本電工,456.0,441.8,438.8,429.4,,736000,1.17,,,,,
2026-05-08,4021,日産化学,6892.0,6818.6,6580.4,6449.4,,735700,1.25,,,,,
2026-05-08,4061,デンカ,4368.0,4203.4,3884.8,3540.6,,735300,0.75,,,,,
2026-05-08,1721,コムシスホールディングス,5826.0,5749.4,5463.9,5366.6,,726900,0.81,,,,,
2026-05-08,6999,ＫＯＡ,2031.0,1915.6,1882.8,1747.8,,720900,0.83,,,,,
2026-05-08,8354,ふくおかフィナンシャルグループ,6371.0,6469.8,6423.6,6418.3,,709700,1.11,,,,,
2026-05-08,1407,ウエストホールディングス,2980.0,2871.4,2327.9,1927.3,,708400,0.6,,,,,
2026-05-08,6143,ソディック,1759.0,1623.0,1488.8,1392.5,,704200,1.88,,,,,
2026-05-08,7609,ダイトロン,3840.0,3232.6,2951.3,2866.3,,694400,6.09,,,,,
2026-05-08,6103,オークマ,5010.0,4639.0,4302.2,4184.0,,686500,1.62,,,,,
2026-05-08,6072,地盤ネットホールディングス,1046.0,1061.4,1059.1,947.0,,673200,0.51,,,,,
2026-05-08,4022,ラサ工業,2300.0,2187.8,1884.4,1809.3,,671800,0.53,,,,,
2026-05-08,3984,ユーザーローカル,1793.0,1607.2,1551.1,1550.7,,659700,8.56,,,,,
2026-05-08,4478,フリー,2435.0,2305.2,2275.5,2182.1,,659500,0.81,,,,,
2026-05-08,7826,フルヤ金属,8500.0,7708.0,7331.5,6893.0,,643100,1.93,,,,,
2026-05-08,4588,オンコリスバイオファーマ,2918.0,2834.0,2749.6,2567.5,,639800,0.77,,,,,
2026-05-08,4651,サニックスホールディングス,241.0,238.2,235.3,219.1,,620800,0.15,,,,,
2026-05-08,2491,バリューコマース,488.0,476.4,470.6,450.8,,609600,1.48,,,,,
2026-05-08,2175,エス・エム・エス,1759.0,1751.8,1749.5,1718.6,,602800,1.15,,,,,
2026-05-08,6136,オーエスジー,3428.0,3308.8,3023.4,2797.3,,589500,0.87,,,,,
2026-05-08,3776,ブロードバンドタワー,260.0,247.8,236.5,226.7,,583000,0.77,,,,,
2026-05-08,9517,イーレックス,1029.0,1048.8,984.4,868.0,,582100,1.37,,,,,
2026-05-08,6958,日本シイエムケイ,656.0,641.0,609.6,594.9,,576200,0.8,,,,,
2026-05-08,1951,エクシオグループ,2986.0,2924.5,2844.2,2799.2,,574400,1.04,,,,,
2026-05-08,6134,ＦＵＪＩ,6615.0,6208.4,5792.8,5394.0,,572900,1.14,,,,,
2026-05-08,6407,ＣＫＤ,6650.0,6212.0,5697.0,5088.8,,572000,1.2,,,,,
2026-05-08,8386,百十四銀行,2360.0,2395.8,2362.6,2288.5,,541300,1.51,,,,,
2026-05-08,6217,津田駒工業,1835.0,1659.0,1204.0,755.8,,538200,0.36,,,,,
2026-05-08,6875,メガチップス,11700.0,10442.0,9541.5,9019.3,,534700,3.14,,,,,
2026-05-08,5727,東邦チタニウム,3785.0,3507.0,3323.7,2716.2,,532300,1.17,,,,,
2026-05-08,3186,ネクステージ,3650.0,3497.0,3496.0,3407.7,,531000,1.16,,,,,
2026-05-08,4449,ギフティ,1200.0,1163.4,1123.5,1099.7,,530500,1.16,,,,,
2026-05-08,2222,寿スピリッツ,1971.5,2004.9,1991.2,1961.6,,527600,0.99,,,,,
2026-05-08,8336,武蔵野銀行,2390.0,2411.0,2375.8,2175.4,,524400,1.32,,,,,
2026-05-08,6925,ウシオ電機,3366.0,3235.2,3212.6,3050.3,,515800,0.85,,,,,
2026-05-08,2980,ＳＲＥホールディングス,4015.0,3718.0,3536.2,3024.4,,514500,1.43,,,,,
2026-05-08,5597,ブルーイノベーション,2118.0,1889.6,1781.0,1644.4,,508500,1.03,,,,,
2026-05-08,8609,岡三証券グループ,890.0,911.0,900.8,900.2,,506800,1.22,,,,,
2026-05-08,6522,アスタリスク,1263.0,1195.0,1131.9,803.8,,503500,0.22,,,,,
2026-05-08,6656,インスペック,808.0,753.0,659.2,629.8,,500600,4.17,,,,,
2026-05-11,8918,ランド,11.0,10.2,10.0,9.6,,217689000,0.91,,,,,
2026-05-11,9984,ソフトバンクグループ,5743.0,5788.2,5022.6,4295.0,,83351500,0.8,,,,,
2026-05-11,9434,ソフトバンク,221.8,221.2,219.7,215.9,,74500200,1.06,,,,,
2026-05-11,5016,ＪＸ金属,5720.0,5194.4,4860.6,4066.9,,47812700,1.76,,,,,
2026-05-11,4689,ＬＩＮＥヤフー,448.8,432.1,422.0,401.6,,46457600,2.71,,,,,
2026-05-11,5803,フジクラ,6832.0,6338.2,5910.7,4766.4,,40738700,0.91,,,,,
2026-05-11,3350,メタプラネット,347.0,340.8,333.7,329.6,,34650600,1.15,,,,,
2026-05-11,3436,ＳＵＭＣＯ,3613.0,3046.6,2390.4,1914.8,,24780600,1.58,,,,,
2026-05-11,6723,ルネサスエレクトロニクス,3500.0,3414.0,3002.5,2756.1,,18399000,0.77,,,,,
2026-05-11,6526,ソシオネクスト,2380.0,2084.2,1942.1,1921.8,,16067100,1.34,,,,,
2026-05-11,6981,村田製作所,5960.0,5550.4,4813.1,4046.7,,14052700,0.98,,,,,
2026-05-11,2802,味の素,5499.0,5091.8,4782.1,4614.5,,12969600,2.53,,,,,
2026-05-11,8316,三井住友フィナンシャルグループ,5661.0,5589.8,5547.4,5521.0,,12531400,1.06,,,,,
2026-05-11,6613,ＱＤレーザ,1688.0,1577.0,1426.3,1130.0,,12306600,1.15,,,,,
2026-05-11,6752,パナソニック　ホールディングス,3334.0,3305.6,3040.9,2720.2,,11236300,1.02,,,,,
2026-05-11,6762,ＴＤＫ,2936.0,2884.3,2582.9,2314.1,,10494200,0.64,,,,,
2026-05-11,7162,アストマックス,417.0,353.8,261.4,233.4,,9485400,13.05,,,,,
2026-05-11,8411,みずほフィナンシャルグループ,6890.0,6802.6,6753.7,6688.8,,9143400,1.0,,,,,
2026-05-11,8308,りそなホールディングス,1998.0,1962.7,1913.5,1877.1,,9074400,0.88,,,,,
2026-05-11,6954,ファナック,7564.0,7173.8,6569.2,6315.7,,8889100,0.97,,,,,
2026-05-11,6857,アドバンテスト,28780.0,28891.0,27810.8,25673.3,,8727700,0.73,,,,,
2026-05-11,6594,ニデック,2750.0,2549.0,2380.3,2300.6,,8720800,1.48,,,,,
2026-05-11,4063,信越化学工業,7574.0,7423.0,6912.0,6353.8,,8717000,0.91,,,,,
2026-05-11,4062,イビデン,15655.0,14880.0,11581.0,9442.4,,8544200,1.02,,,,,
2026-05-11,3103,ユニチカ,2308.0,2446.4,2372.0,1723.6,,8345300,0.52,,,,,
2026-05-11,6503,三菱電機,6447.0,6331.4,6002.1,5681.5,,7418200,0.94,,,,,
2026-05-11,6976,太陽誘電,6750.0,6515.6,6023.1,4841.8,,7384000,1.87,,,,,
2026-05-11,6315,ＴＯＷＡ,3375.0,3206.0,2802.5,2693.3,,6981600,1.5,,,,,
2026-05-11,6963,ローム,4000.0,3702.6,3672.7,3242.4,,6816600,1.06,,,,,
2026-05-11,6506,安川電機,6574.0,5991.0,5386.9,4978.0,,6630500,1.42,,,,,
2026-05-11,6085,アーキテクツ・スタジオ・ジャパン,580.0,579.0,430.5,300.2,,6384100,0.63,,,,,
2026-05-11,8591,オリックス,5514.0,5305.4,5043.8,5027.5,,5492700,1.38,,,,,
2026-05-11,7256,河西工業,514.0,398.4,332.9,291.2,,5364900,1.19,,,,,
2026-05-11,8766,東京海上ホールディングス,7150.0,7137.0,7112.9,6706.2,,5271300,0.9,,,,,
2026-05-11,6971,京セラ,2858.0,2796.1,2695.5,2610.8,,5021400,0.84,,,,,
2026-05-11,2334,イオレ,561.0,527.0,443.4,410.0,,4812500,1.62,,,,,
2026-05-11,6525,ＫＯＫＵＳＡＩ　ＥＬＥＣＴＲＩＣ,7054.0,6859.4,6751.5,6110.8,,4796200,0.96,,,,,
2026-05-11,5074,テスホールディングス,995.0,894.8,718.3,622.4,,4760600,1.34,,,,,
2026-05-11,5802,住友電気工業,11210.0,10790.0,10318.5,9810.4,,4725400,0.82,,,,,
2026-05-11,6264,マルマエ,2347.0,2233.6,1917.3,1750.4,,4480000,4.84,,,,,
2026-05-11,8053,住友商事,7206.0,6893.2,6207.4,6130.0,,4338400,0.66,,,,,
2026-05-11,6098,リクルートホールディングス,7700.0,7532.2,7417.2,6887.1,,4240800,0.62,,,,,
2026-05-11,4186,東京応化工業,11190.0,9727.8,9265.8,8687.8,,4168800,4.04,,,,,
2026-05-11,4004,レゾナック・ホールディングス,16850.0,15340.0,13859.0,11948.5,,3987800,1.27,,,,,
2026-05-11,6920,レーザーテック,44110.0,43684.0,42800.5,36673.2,,3933100,0.85,,,,,
2026-05-11,6965,浜松ホトニクス,2162.0,2104.9,1990.0,1934.9,,3925900,1.14,,,,,
2026-05-11,4911,資生堂,3348.0,3279.4,3241.4,3158.6,,3872700,1.58,,,,,
2026-05-11,7199,プレミアグループ,2052.0,1889.4,1834.6,1800.3,,3597500,14.63,,,,,
2026-05-11,5301,東海カーボン,1272.5,1180.3,1069.8,1030.2,,3568500,2.12,,,,,
2026-05-11,6361,荏原製作所,5902.0,5596.8,5291.1,5118.2,,3410800,0.98,,,,,
2026-05-11,4883,モダリス,65.0,68.6,58.5,57.9,,3345400,0.25,,,,,
2026-05-11,6724,セイコーエプソン,2431.0,2295.4,2146.9,2068.1,,3273800,1.22,,,,,
2026-05-11,6629,テクノホライゾン,1539.0,1276.4,1091.7,1019.9,,3267100,2.04,,,,,
2026-05-11,3132,マクニカホールディングス,3070.0,2751.8,2495.2,2481.9,,3204100,3.95,,,,,
2026-05-11,8035,東京エレクトロン,52080.0,49618.0,45766.5,42480.8,,2998700,0.84,,,,,
2026-05-11,7868,広済堂ホールディングス,648.0,625.4,540.4,506.1,,2908500,0.81,,,,,
2026-05-11,6383,ダイフク,7578.0,7217.0,6619.2,6153.8,,2886600,1.35,,,,,
2026-05-11,6768,タムラ製作所,900.0,883.0,778.5,708.5,,2791600,2.38,,,,,
2026-05-11,7220,武蔵精密工業,5160.0,4815.0,3953.0,3124.8,,2760300,0.91,,,,,
2026-05-11,7936,アシックス,4769.0,4562.0,4541.8,4460.8,,2670700,0.88,,,,,
2026-05-11,5706,三井金属,51250.0,46544.0,39580.5,33658.3,,2551400,1.29,,,,,
2026-05-11,9412,スカパーＪＳＡＴ,3750.0,3578.0,3295.2,3019.6,,2527900,1.02,,,,,
2026-05-11,6479,ミネベアミツミ,3458.0,3272.0,3040.5,2999.5,,2485800,1.15,,,,,
2026-05-11,6141,ＤＭＧ森精機,3823.0,3416.0,2881.4,2778.1,,2445100,0.96,,,,,
2026-05-11,4565,ネクセラファーマ,1242.0,1086.8,1026.6,949.6,,2442600,1.83,,,,,
2026-05-11,6448,ブラザー工業,3480.0,3157.6,3064.6,3046.1,,2433300,2.99,,,,,
2026-05-11,3110,日東紡績,29090.0,29628.0,27714.5,23637.7,,2418000,1.2,,,,,
2026-05-11,4980,デクセリアルズ,2739.5,2604.8,2458.8,2390.7,,2406700,1.72,,,,,
2026-05-11,3444,菊池製作所,1581.0,1477.4,1251.1,942.0,,2362400,0.66,,,,,
2026-05-11,6323,ローツェ,4040.0,3852.4,3749.6,3282.0,,2289300,1.02,,,,,
2026-05-11,6645,オムロン,6188.0,5927.8,5201.4,4906.9,,2250400,1.19,,,,,
2026-05-11,4385,メルカリ,3888.0,3896.2,3880.8,3664.3,,2234200,1.36,,,,,
2026-05-11,9962,ミスミグループ本社,3426.0,3477.0,3175.3,3013.9,,2169000,1.0,,,,,
2026-05-11,7956,ピジョン,1754.5,1716.7,1697.5,1659.0,,2164500,2.09,,,,,
2026-05-11,6268,ナブテスコ,5701.0,5359.8,4897.6,4609.2,,2063100,1.19,,,,,
2026-05-11,3923,ラクス,900.0,884.3,851.8,810.9,,2054200,0.7,,,,,
2026-05-11,7167,めぶきフィナンシャルグループ,1338.0,1318.1,1312.1,1275.0,,2011400,0.72,,,,,
2026-05-11,5333,ＮＧＫ,5550.0,5270.2,4677.0,4337.4,,1998100,1.09,,,,,
2026-05-11,2371,カカクコム,2773.5,2719.7,2381.1,2034.4,,1989400,0.65,,,,,
2026-05-11,6324,ハーモニック・ドライブ・システムズ,6400.0,5742.0,4699.5,4256.8,,1981700,1.18,,,,,
2026-05-11,2267,ヤクルト本社,2906.0,2922.3,2734.7,2662.8,,1974000,0.6,,,,,
2026-05-11,8334,群馬銀行,2218.5,2184.4,2183.2,2167.6,,1971300,1.38,,,,,
2026-05-11,5332,ＴＯＴＯ,7175.0,6569.6,5745.1,5735.3,,1926500,1.14,,,,,
2026-05-11,6996,ニチコン,2700.0,2494.2,2224.2,2032.5,,1914800,3.0,,,,,
2026-05-11,8309,三井住友トラストグループ,5508.0,5398.2,5316.8,5260.2,,1912900,0.81,,,,,
2026-05-11,8282,ケーズホールディングス,1944.0,1827.3,1795.7,1712.7,,1899700,2.46,,,,,
2026-05-11,9147,ＮＩＰＰＯＮ　ＥＸＰＲＥＳＳホールディングス,4422.0,4263.6,3957.7,3779.5,,1845500,1.09,,,,,
2026-05-11,6113,アマダ,2921.5,2789.9,2562.6,2432.8,,1836300,1.04,,,,,
2026-05-11,4259,エクサウィザーズ,784.0,758.4,738.4,698.3,,1813200,1.42,,,,,
2026-05-11,5334,日本特殊陶業,9203.0,8467.6,8364.0,7783.6,,1810300,1.72,,,,,
2026-05-11,8418,山口フィナンシャルグループ,2899.0,2709.9,2689.0,2621.8,,1808200,2.71,,,,,
2026-05-11,7735,ＳＣＲＥＥＮホールディングス,11410.0,10942.0,10707.5,10289.8,,1802900,0.9,,,,,
2026-05-11,8359,八十二長野銀行,2295.5,2204.1,2111.6,2044.6,,1802400,1.11,,,,,
2026-05-11,6754,アンリツ,4142.0,4072.4,3648.8,3083.4,,1779800,0.64,,,,,
2026-05-11,4055,ティアンドエスグループ,2567.0,2002.0,1761.4,1653.2,,1777500,5.06,,,,,
2026-05-11,6838,多摩川ホールディングス,2172.0,1837.2,1601.2,1257.6,,1706600,3.22,,,,,
2026-05-11,6146,ディスコ,73380.0,74246.0,72193.5,70788.7,,1577900,0.6,,,,,
2026-05-11,9519,レノバ,1225.0,1149.0,1049.4,861.1,,1555200,0.95,,,,,
2026-05-11,9983,ファーストリテイリング,75050.0,74458.0,73020.5,67781.5,,1549200,1.13,,,,,
2026-05-11,6481,ＴＨＫ,6931.0,6264.4,5760.1,5237.1,,1531200,1.51,,,,,
2026-05-11,4684,オービック,4197.0,4163.8,4149.9,4020.4,,1528900,0.59,,,,,
2026-05-11,6890,フェローテック,9610.0,8792.0,7443.0,6661.7,,1518500,1.12,,,,,
2026-05-11,8005,スクロール,1705.0,1445.8,1362.5,1349.9,,1515500,14.49,,,,,
2026-05-11,6779,日本電波工業,2259.0,2066.6,1805.0,1430.6,,1500200,0.77,,,,,
2026-05-11,4592,サンバイオ,2255.0,2091.6,2066.3,2042.4,,1499500,1.33,,,,,
2026-05-11,6504,富士電機,15005.0,14021.0,12405.0,11858.5,,1499400,1.01,,,,,
2026-05-11,4180,Ａｐｐｉｅｒ　Ｇｒｏｕｐ,999.0,947.4,916.6,840.8,,1489900,1.1,,,,,
2026-05-11,6480,日本トムソン,1530.0,1242.2,1071.2,999.8,,1455500,2.33,,,,,
2026-05-11,6862,ミナトホールディングス,3485.0,3406.2,2683.7,2427.5,,1432200,2.33,,,,,
2026-05-11,4182,三菱瓦斯化学,4737.0,4558.2,4331.9,4181.7,,1397900,1.14,,,,,
2026-05-11,3936,グローバルウェイ,169.0,174.2,167.6,144.3,,1379800,0.1,,,,,
2026-05-11,3863,日本製紙,1443.0,1397.8,1380.3,1292.7,,1359100,0.89,,,,,
2026-05-11,6055,ジャパンマテリアル,2077.0,1908.2,1853.8,1852.4,,1322900,2.17,,,,,
2026-05-11,7419,ノジマ,1285.0,1234.4,1186.4,1135.9,,1276600,0.48,,,,,
2026-05-11,3105,日清紡ホールディングス,2065.5,2070.6,1879.1,1691.9,,1257600,0.98,,,,,
2026-05-11,7004,カナデビア,1261.0,1234.8,1212.8,1101.6,,1254000,1.11,,,,,
2026-05-11,6521,オキサイド,6570.0,5467.0,4858.8,4176.6,,1248900,1.67,,,,,
2026-05-11,1942,関電工,7165.0,6961.6,6404.9,6331.9,,1230500,0.56,,,,,
2026-05-11,7762,シチズン時計,2010.0,1907.2,1846.0,1751.0,,1204700,1.24,,,,,
2026-05-11,9301,三菱倉庫,1419.5,1414.3,1402.1,1383.8,,1204000,0.87,,,,,
2026-05-11,4169,ＥＮＥＣＨＡＮＧＥ,383.0,348.4,319.6,283.3,,1188700,0.83,,,,,
2026-05-11,6367,ダイキン工業,24290.0,23692.0,21761.0,20241.0,,1172300,0.79,,,,,
2026-05-11,4368,扶桑化学工業,3290.0,3259.0,3105.5,3007.5,,1140500,2.0,,,,,
2026-05-11,4022,ラサ工業,2465.0,2260.8,1928.6,1825.1,,1136100,0.89,,,,,
2026-05-11,5597,ブルーイノベーション,2618.0,2061.4,1831.0,1661.6,,1133500,2.1,,,,,
2026-05-11,6861,キーエンス,82300.0,78716.0,67886.0,62206.0,,1114000,0.79,,,,,
2026-05-11,5985,サンコール,2010.0,1897.0,1673.3,1542.4,,1095100,0.67,,,,,
2026-05-11,6254,野村マイクロ・サイエンス,4630.0,4102.0,3778.8,3378.3,,1073500,1.46,,,,,
2026-05-11,8367,南都銀行,1644.0,1544.0,1524.1,1480.9,,1057200,1.86,,,,,
2026-05-11,8508,Ｊトラスト,670.0,671.0,628.5,567.4,,1042700,1.27,,,,,
2026-05-11,6674,ジーエス・ユアサ　コーポレーション,6565.0,6455.0,6435.1,5547.0,,1039500,0.91,,,,,
2026-05-11,4578,大塚ホールディングス,10990.0,11179.0,10839.0,10693.0,,1032500,0.67,,,,,
2026-05-11,4588,オンコリスバイオファーマ,2757.0,2810.0,2767.2,2583.8,,1020800,1.32,,,,,
2026-05-11,6871,日本マイクロニクス,13850.0,13496.0,12769.5,11552.5,,1017700,1.2,,,,,
2026-05-11,8358,スルガ銀行,2231.0,2260.0,2259.5,2104.9,,972900,1.03,,,,,
2026-05-11,6997,日本ケミコン,3170.0,2920.2,2317.6,1828.9,,970400,0.98,,,,,
2026-05-11,5563,新日本電工,463.0,447.2,440.1,430.3,,935100,1.44,,,,,
2026-05-11,6235,オプトラン,4610.0,4514.0,3800.8,3115.2,,898300,1.03,,,,,
2026-05-11,3994,マネーフォワード,4441.0,4652.8,4624.4,3758.0,,872700,0.92,,,,,
2026-05-11,4373,シンプレクス・ホールディングス,945.0,915.4,897.4,848.9,,870200,0.83,,,,,
2026-05-11,3774,インターネットイニシアティブ,2903.5,2834.2,2711.9,2452.4,,859700,0.98,,,,,
2026-05-11,6217,津田駒工業,2235.0,1781.0,1293.3,784.4,,848100,0.55,,,,,
2026-05-11,6370,栗田工業,8937.0,8483.2,8156.7,8021.8,,837400,1.24,,,,,
2026-05-11,5844,京都フィナンシャルグループ,4401.0,4400.8,4358.1,4159.4,,826400,0.86,,,,,
2026-05-11,5393,ニチアス,3198.0,3175.4,3113.6,2967.8,,804900,1.42,,,,,
2026-05-11,8368,百五銀行,1813.0,1814.4,1796.1,1634.6,,795200,0.89,,,,,
2026-05-11,7177,ＧＭＯフィナンシャルホールディングス,1050.0,1061.2,1006.0,944.5,,789600,1.61,,,,,
2026-05-11,5727,東邦チタニウム,4000.0,3632.0,3393.7,2751.9,,789100,1.71,,,,,
2026-05-11,5341,ＡＳＡＨＩ　ＥＩＴＯホールディングス,381.0,375.8,340.4,244.4,,786500,0.32,,,,,
2026-05-11,6327,北川精機,3480.0,3246.8,2373.6,1822.2,,778400,1.15,,,,,
2026-05-11,6232,ＡＣＳＬ,3430.0,2729.0,2125.3,1654.0,,767100,0.11,,,,,
2026-05-11,5805,ＳＷＣＣ,17230.0,16400.0,15069.0,14377.5,,766100,1.87,,,,,
2026-05-11,4061,デンカ,4421.0,4281.6,3918.2,3562.3,,749600,0.75,,,,,
2026-05-11,1407,ウエストホールディングス,3115.0,2943.2,2392.1,1952.2,,746600,0.65,,,,,
2026-05-11,4475,ＨＥＮＮＧＥ,1053.0,982.6,972.8,968.8,,725300,1.76,,,,,
2026-05-11,6703,沖電気工業,3470.0,3383.0,3303.0,2989.0,,713600,1.09,,,,,
2026-05-11,8336,武蔵野銀行,2466.0,2412.2,2384.8,2183.5,,703700,1.72,,,,,
2026-05-11,7337,ひろぎんホールディングス,1900.0,1873.3,1871.5,1854.3,,703400,0.94,,,,,
2026-05-11,2170,リンクアンドモチベーション,556.0,564.8,562.5,555.1,,701500,1.46,,,,,
2026-05-11,6222,島精機製作所,897.0,976.2,959.1,954.5,,684600,3.14,,,,,
2026-05-11,5714,ＤＯＷＡホールディングス,10360.0,9871.2,9846.3,9779.5,,672000,1.74,,,,,
2026-05-11,4369,トリケミカル研究所,3410.0,3265.0,3148.8,3140.6,,671600,0.96,,,,,
2026-05-11,9041,近鉄グループホールディングス,3500.0,3456.4,3380.8,3305.7,,661600,0.71,,,,,
2026-05-11,6135,牧野フライス製作所,13680.0,13018.0,11934.0,11698.8,,658600,1.07,,,,,
2026-05-11,1721,コムシスホールディングス,5903.0,5763.2,5501.6,5382.1,,653800,0.75,,,,,
2026-05-11,6136,オーエスジー,3478.0,3360.8,3065.3,2811.4,,652300,0.94,,,,,
2026-05-11,8060,キヤノンマーケティングジャパン,3739.0,3685.2,3619.7,3513.5,,640100,0.89,,,,,
2026-05-11,6425,ユニバーサルエンターテインメント,850.0,787.6,762.6,743.2,,635500,1.58,,,,,
2026-05-11,6407,ＣＫＤ,6680.0,6374.0,5786.0,5130.3,,619700,1.22,,,,,
2026-05-11,1951,エクシオグループ,2992.0,2939.3,2854.1,2806.4,,616800,1.08,,,,,
2026-05-11,6134,ＦＵＪＩ,6721.0,6340.0,5880.9,5441.4,,611200,1.16,,,,,
2026-05-11,6882,三社電機製作所,1262.0,1105.6,1057.1,1030.8,,610700,8.44,,,,,
2026-05-11,6958,日本シイエムケイ,650.0,645.2,614.0,596.3,,596900,0.84,,,,,
2026-05-11,4847,インテリジェント　ウェイブ,1060.0,995.8,984.7,982.8,,590600,24.13,,,,,
2026-05-11,6769,ザインエレクトロニクス,1134.0,1236.2,1070.3,943.2,,587300,1.02,,,,,
2026-05-11,4419,Ｆｉｎａｔｅｘｔホールディングス,1275.0,1192.8,1131.6,980.0,,584900,1.49,,,,,
2026-05-11,1961,三機工業,2608.0,2501.4,2476.8,2420.3,,575000,0.85,,,,,
2026-05-11,7966,リンテック,5470.0,5207.0,5008.0,4942.6,,562400,1.61,,,,,
2026-05-11,4021,日産化学,6982.0,6861.0,6615.9,6470.4,,550400,0.89,,,,,
2026-05-11,8354,ふくおかフィナンシャルグループ,6552.0,6459.6,6429.4,6416.2,,543700,0.82,,,,,
2026-05-11,6143,ソディック,1799.0,1670.8,1514.5,1404.0,,542000,1.27,,,,,
2026-05-11,6986,双葉電子工業,802.0,758.8,714.6,701.3,,523500,1.6,,,,,
2026-05-11,3776,ブロードバンドタワー,258.0,252.0,238.1,227.6,,508200,0.65,,,,,
2026-05-11,6994,指月電機製作所,1340.0,1213.4,1074.5,1009.3,,507900,1.7,,,,,
2026-05-11,3663,セルシス,1471.0,1421.6,1404.5,1363.1,,504200,2.4,,,,,
2026-05-12,8918,ランド,10.0,10.2,10.0,9.6,,223464900,0.93,,,,,
2026-05-12,9434,ソフトバンク,219.3,220.7,219.9,216.0,,123200900,1.72,,,,,
2026-05-12,5803,フジクラ,7624.0,6668.8,6048.1,4831.3,,90480800,2.05,,,,,
2026-05-12,5016,ＪＸ金属,4762.0,5188.8,4887.0,4104.2,,62691700,2.15,,,,,
2026-05-12,9984,ソフトバンクグループ,5987.0,5941.8,5130.9,4328.1,,57247600,0.55,,,,,
2026-05-12,6723,ルネサスエレクトロニクス,3750.0,3521.6,3059.5,2769.3,,31623700,1.32,,,,,
2026-05-12,4689,ＬＩＮＥヤフー,410.1,431.7,422.0,401.4,,31229900,1.55,,,,,
2026-05-12,8306,三菱ＵＦＪフィナンシャル・グループ,2886.0,2842.0,2840.8,2806.7,,28562100,0.79,,,,,
2026-05-12,4392,ＦＩＧ,870.0,500.4,377.5,345.1,,28146000,92.8,,,,,
2026-05-12,3350,メタプラネット,340.0,343.6,334.8,329.6,,23266700,0.74,,,,,
2026-05-12,4062,イビデン,16550.0,15494.0,11918.8,9600.1,,22293100,2.64,,,,,
2026-05-12,3436,ＳＵＭＣＯ,3760.0,3303.4,2483.7,1950.4,,18620400,1.09,,,,,
2026-05-12,6315,ＴＯＷＡ,2675.0,3157.0,2809.0,2688.0,,17262100,3.34,,,,,
2026-05-12,5802,住友電気工業,11650.0,11082.0,10385.2,9878.9,,16821100,2.98,,,,,
2026-05-12,6981,村田製作所,6078.0,5734.8,4917.0,4094.3,,12364000,0.83,,,,,
2026-05-12,8316,三井住友フィナンシャルグループ,5789.0,5645.2,5555.8,5519.0,,12206700,1.01,,,,,
2026-05-12,6526,ソシオネクスト,2265.0,2165.4,1958.8,1925.3,,11250500,0.85,,,,,
2026-05-12,6752,パナソニック　ホールディングス,3405.0,3346.0,3063.4,2736.2,,11139600,0.99,,,,,
2026-05-12,6762,ＴＤＫ,2961.0,2898.4,2621.0,2327.4,,10967100,0.67,,,,,
2026-05-12,6594,ニデック,2829.0,2635.4,2412.4,2309.1,,9778600,1.56,,,,,
2026-05-12,8308,りそなホールディングス,2054.0,1985.8,1920.0,1877.7,,9667900,0.92,,,,,
2026-05-12,8591,オリックス,5986.0,5447.6,5098.2,5045.0,,9097900,2.11,,,,,
2026-05-12,8411,みずほフィナンシャルグループ,6970.0,6852.2,6754.9,6682.5,,8952100,0.96,,,,,
2026-05-12,6954,ファナック,7750.0,7348.8,6660.5,6335.4,,8351500,0.88,,,,,
2026-05-12,6232,ＡＣＳＬ,3165.0,2890.2,2201.8,1687.3,,8017800,1.12,,,,,
2026-05-12,6857,アドバンテスト,28705.0,28980.0,27985.0,25742.9,,7971200,0.65,,,,,
2026-05-12,6506,安川電機,6970.0,6281.0,5502.5,5007.3,,7924400,1.64,,,,,
2026-05-12,2802,味の素,5439.0,5161.6,4815.2,4636.9,,7590600,1.25,,,,,
2026-05-12,5801,古河電気工業,50430.0,45244.0,44426.0,33673.8,,7139800,1.87,,,,,
2026-05-12,6613,ＱＤレーザ,1680.0,1629.2,1454.6,1147.6,,7128600,0.74,,,,,
2026-05-12,4385,メルカリ,3814.0,3904.2,3875.9,3675.6,,6980400,4.22,,,,,
2026-05-12,5074,テスホールディングス,1052.0,950.6,739.4,633.7,,6657200,1.84,,,,,
2026-05-12,6963,ローム,3967.0,3816.4,3689.6,3266.7,,6089400,0.89,,,,,
2026-05-12,2334,イオレ,572.0,540.6,451.1,412.8,,5831300,1.72,,,,,
2026-05-12,6971,京セラ,2847.5,2823.5,2707.6,2615.2,,5780900,0.96,,,,,
2026-05-12,6503,三菱電機,6373.0,6359.8,6039.9,5696.4,,5642700,0.7,,,,,
2026-05-12,6471,日本精工,1379.0,1326.7,1229.0,1226.1,,5642100,2.2,,,,,
2026-05-12,6976,太陽誘電,6502.0,6537.6,6097.1,4891.3,,5505400,1.29,,,,,
2026-05-12,8766,東京海上ホールディングス,7140.0,7124.6,7101.4,6724.5,,5391600,0.93,,,,,
2026-05-12,4063,信越化学工業,7520.0,7477.8,6964.5,6394.1,,5350500,0.56,,,,,
2026-05-12,7936,アシックス,4896.0,4654.8,4564.9,4480.0,,5023500,1.66,,,,,
2026-05-12,2267,ヤクルト本社,2620.0,2899.8,2727.0,2662.6,,4652000,1.36,,,,,
2026-05-12,5713,住友金属鉱山,10725.0,10222.4,10081.6,10049.9,,4429700,1.27,,,,,
2026-05-12,7162,アストマックス,337.0,377.6,266.6,235.6,,4395600,2.63,,,,,
2026-05-12,5301,東海カーボン,1343.5,1225.2,1086.0,1034.2,,4320800,2.26,,,,,
2026-05-12,6480,日本トムソン,1930.0,1407.8,1116.8,1015.7,,4300500,5.9,,,,,
2026-05-12,4004,レゾナック・ホールディングス,17815.0,16060.0,14111.2,12099.0,,4272400,1.31,,,,,
2026-05-12,6479,ミネベアミツミ,3566.0,3360.4,3081.2,3004.7,,4164300,1.85,,,,,
2026-05-12,6098,リクルートホールディングス,7573.0,7586.2,7429.2,6895.7,,4143200,0.62,,,,,
2026-05-12,6525,ＫＯＫＵＳＡＩ　ＥＬＥＣＴＲＩＣ,7078.0,6999.4,6815.3,6128.2,,4055800,0.79,,,,,
2026-05-12,6965,浜松ホトニクス,2177.0,2135.7,2000.6,1943.2,,3855200,1.05,,,,,
2026-05-12,7256,河西工業,477.0,424.8,342.7,296.5,,3614200,0.73,,,,,
2026-05-12,6481,ＴＨＫ,7489.0,6587.6,5869.6,5278.5,,3577200,3.23,,,,,
2026-05-12,8053,住友商事,7428.0,7210.8,6266.2,6151.3,,3488200,0.52,,,,,
2026-05-12,4911,資生堂,3304.0,3304.0,3231.4,3167.8,,3429700,1.28,,,,,
2026-05-12,9412,スカパーＪＳＡＴ,4030.0,3694.0,3340.0,3043.9,,3347000,1.28,,,,,
2026-05-12,2693,ＹＫＴ,355.0,285.8,256.8,250.8,,3272300,47.86,,,,,
2026-05-12,6920,レーザーテック,43490.0,43844.0,42978.0,36894.8,,3176900,0.68,,,,,
2026-05-12,6619,ダブル・スコープ,252.0,236.8,234.8,205.6,,3083200,1.74,,,,,
2026-05-12,6724,セイコーエプソン,2499.0,2375.9,2165.9,2075.3,,2916300,1.0,,,,,
2026-05-12,6754,アンリツ,4016.0,4067.8,3684.7,3110.3,,2888600,1.05,,,,,
2026-05-12,3105,日清紡ホールディングス,2227.5,2103.5,1907.8,1700.7,,2856000,2.25,,,,,
2026-05-12,5393,ニチアス,3780.0,3312.0,3152.3,2984.8,,2813400,4.96,,,,,
2026-05-12,8439,東京センチュリー,2460.0,2254.3,2150.8,2144.8,,2773400,4.32,,,,,
2026-05-12,6958,日本シイエムケイ,646.0,649.0,616.5,597.5,,2738500,3.8,,,,,
2026-05-12,7868,広済堂ホールディングス,684.0,641.0,548.7,509.0,,2719400,0.71,,,,,
2026-05-12,6383,ダイフク,7744.0,7409.8,6697.9,6186.0,,2699400,1.17,,,,,
2026-05-12,4186,東京応化工業,11395.0,10189.6,9398.2,8753.7,,2652900,1.94,,,,,
2026-05-12,3444,菊池製作所,1460.0,1464.4,1285.9,950.8,,2604900,0.85,,,,,
2026-05-12,6840,ＡＫＩＢＡホールディングス,837.0,705.8,575.8,528.1,,2583400,3.69,,,,,
2026-05-12,6361,荏原製作所,5841.0,5699.6,5330.3,5133.3,,2567100,0.7,,,,,
2026-05-12,2371,カカクコム,2925.0,2780.5,2413.6,2052.3,,2566100,0.82,,,,,
2026-05-12,3923,ラクス,847.9,882.6,853.2,811.9,,2504500,0.86,,,,,
2026-05-12,4883,モダリス,67.0,66.0,59.1,58.0,,2382600,0.18,,,,,
2026-05-12,6268,ナブテスコ,5750.0,5468.6,4953.1,4629.9,,2367200,1.28,,,,,
2026-05-12,6645,オムロン,6094.0,6032.0,5274.6,4933.0,,2315400,1.17,,,,,
2026-05-12,4259,エクサウィザーズ,762.0,767.4,741.2,696.8,,2204300,1.66,,,,,
2026-05-12,6323,ローツェ,3995.0,3917.4,3789.3,3293.9,,2166900,0.99,,,,,
2026-05-12,7220,武蔵精密工業,5210.0,4998.0,4060.5,3162.6,,2129000,0.7,,,,,
2026-05-12,3132,マクニカホールディングス,3061.0,2834.3,2531.3,2490.8,,2098500,1.96,,,,,
2026-05-12,5706,三井金属,50850.0,48244.0,40373.0,34159.4,,2098100,1.01,,,,,
2026-05-12,8309,三井住友トラストグループ,5613.0,5485.2,5329.5,5263.6,,2087700,0.89,,,,,
2026-05-12,3110,日東紡績,29000.0,29720.0,27922.0,23839.3,,2079800,1.0,,,,,
2026-05-12,6085,アーキテクツ・スタジオ・ジャパン,547.0,565.4,445.1,308.3,,2040500,0.2,,,,,
2026-05-12,7167,めぶきフィナンシャルグループ,1362.5,1330.9,1312.5,1276.5,,2010300,0.73,,,,,
2026-05-12,7762,シチズン時計,2089.0,1962.4,1859.0,1762.5,,2004100,1.97,,,,,
2026-05-12,6141,ＤＭＧ森精機,3774.0,3584.2,2937.4,2791.3,,1963500,0.72,,,,,
2026-05-12,8035,東京エレクトロン,52160.0,51172.0,46254.0,42666.3,,1931800,0.54,,,,,
2026-05-12,9962,ミスミグループ本社,3382.0,3435.6,3196.8,3018.9,,1816000,0.79,,,,,
2026-05-12,6143,ソディック,1865.0,1732.2,1538.3,1416.7,,1809800,4.05,,,,,
2026-05-12,5711,三菱マテリアル,5817.0,5476.6,5454.6,5296.4,,1799900,1.78,,,,,
2026-05-12,5563,新日本電工,455.0,452.6,440.1,431.2,,1798500,2.59,,,,,
2026-05-12,4203,住友ベークライト,6691.0,5914.4,5433.2,5420.9,,1776700,1.83,,,,,
2026-05-12,6629,テクノホライゾン,1316.0,1303.6,1112.0,1022.5,,1769500,1.12,,,,,
2026-05-12,5332,ＴＯＴＯ,6896.0,6863.8,5804.4,5757.3,,1763500,0.98,,,,,
2026-05-12,6890,フェローテック,9620.0,9210.0,7583.5,6723.8,,1740400,1.21,,,,,
2026-05-12,6324,ハーモニック・ドライブ・システムズ,6600.0,6018.0,4821.7,4309.3,,1716200,0.97,,,,,
2026-05-12,4980,デクセリアルズ,2681.0,2652.7,2474.7,2387.3,,1701300,1.11,,,,,
2026-05-12,8334,群馬銀行,2171.5,2186.8,2177.5,2167.5,,1674400,1.11,,,,,
2026-05-12,4182,三菱瓦斯化学,4855.0,4649.2,4363.9,4208.1,,1648500,1.35,,,,,
2026-05-12,6113,アマダ,2977.5,2859.6,2593.4,2445.4,,1643700,0.9,,,,,
2026-05-12,6768,タムラ製作所,896.0,894.8,789.4,713.1,,1631200,1.17,,,,,
2026-05-12,5333,ＮＧＫ,5614.0,5400.8,4738.9,4364.5,,1621100,0.83,,,,,
2026-05-12,4592,サンバイオ,2237.0,2164.0,2072.7,2048.8,,1595700,1.39,,,,,
2026-05-12,7912,大日本印刷,3180.0,3151.1,3023.1,3020.1,,1570800,0.98,,,,,
2026-05-12,7735,ＳＣＲＥＥＮホールディングス,11430.0,11182.0,10777.8,10312.3,,1566300,0.77,,,,,
2026-05-12,6055,ジャパンマテリアル,2173.0,1987.2,1871.9,1861.2,,1565800,2.2,,,,,
2026-05-12,7707,プレシジョン・システム・サイエンス,251.0,243.6,225.6,225.3,,1562900,2.07,,,,,
2026-05-12,9983,ファーストリテイリング,72220.0,74184.0,73243.5,67926.8,,1487100,1.05,,,,,
2026-05-12,9519,レノバ,1245.0,1175.8,1065.3,870.4,,1475100,0.89,,,,,
2026-05-12,5597,ブルーイノベーション,2159.0,2138.8,1855.7,1669.3,,1470600,2.27,,,,,
2026-05-12,1942,関電工,7346.0,7063.2,6457.2,6358.4,,1450100,0.65,,,,,
2026-05-12,4022,ラサ工業,2432.0,2321.6,1967.2,1839.9,,1414100,1.09,,,,,
2026-05-12,8359,八十二長野銀行,2338.5,2247.5,2122.0,2048.7,,1412900,0.85,,,,,
2026-05-12,4180,Ａｐｐｉｅｒ　Ｇｒｏｕｐ,1002.0,970.6,920.8,841.9,,1401700,1.0,,,,,
2026-05-12,5384,フジミインコーポレーテッド,3700.0,3439.0,3117.6,3024.3,,1334400,3.6,,,,,
2026-05-12,6779,日本電波工業,2195.0,2127.6,1846.2,1449.6,,1322800,0.83,,,,,
2026-05-12,6504,富士電機,14925.0,14389.0,12594.8,11927.7,,1289900,0.84,,,,,
2026-05-12,6146,ディスコ,72800.0,74004.0,72461.0,70905.3,,1262500,0.49,,,,,
2026-05-12,7564,ワークマン,7120.0,7522.0,6957.0,6843.0,,1238200,3.69,,,,,
2026-05-12,5334,日本特殊陶業,9419.0,8669.2,8438.6,7830.4,,1211700,1.08,,,,,
2026-05-12,6448,ブラザー工業,3451.0,3251.0,3083.4,3049.2,,1190100,1.17,,,,,
2026-05-12,6367,ダイキン工業,24110.0,24121.0,21948.2,20342.7,,1175600,0.79,,,,,
2026-05-12,5341,ＡＳＡＨＩ　ＥＩＴＯホールディングス,328.0,366.4,343.3,246.4,,1170500,0.57,,,,,
2026-05-12,4055,ティアンドエスグループ,2390.0,2141.0,1804.5,1664.5,,1169200,2.59,,,,,
2026-05-12,1721,コムシスホールディングス,5401.0,5714.0,5506.6,5386.7,,1168100,1.36,,,,,
2026-05-12,6871,日本マイクロニクス,14640.0,13832.0,12908.0,11647.3,,1166300,1.32,,,,,
2026-05-12,6521,オキサイド,6530.0,5854.0,4952.0,4245.6,,1160100,1.68,,,,,
2026-05-12,1407,ウエストホールディングス,2950.0,2957.8,2447.7,1974.4,,1153700,1.02,,,,,
2026-05-12,4565,ネクセラファーマ,1212.0,1135.0,1036.5,956.0,,1132600,0.75,,,,,
2026-05-12,6861,キーエンス,79260.0,80308.0,68823.0,62639.3,,1113700,0.77,,,,,
2026-05-12,6264,マルマエ,2406.0,2332.8,1956.3,1765.2,,1113600,0.84,,,,,
2026-05-12,6923,スタンレー電気,3206.0,3102.1,3027.2,3019.6,,1094400,1.8,,,,,
2026-05-12,6217,津田駒工業,2029.0,1870.2,1371.5,809.5,,1093800,0.67,,,,,
2026-05-12,9235,売れるネット広告社グループ,696.0,689.8,601.5,599.6,,1087500,2.04,,,,,
2026-05-12,7956,ピジョン,1742.0,1727.7,1699.7,1660.4,,1076200,0.89,,,,,
2026-05-12,7199,プレミアグループ,1938.0,1908.6,1840.2,1803.1,,1061800,1.82,,,,,
2026-05-12,9301,三菱倉庫,1444.0,1423.6,1403.0,1386.1,,1061000,0.74,,,,,
2026-05-12,3863,日本製紙,1510.0,1437.4,1390.2,1299.0,,1048000,0.69,,,,,
2026-05-12,9147,ＮＩＰＰＯＮ　ＥＸＰＲＥＳＳホールディングス,4428.0,4329.0,3988.3,3792.1,,1024700,0.58,,,,,
2026-05-12,4222,児玉化学工業,1266.0,1189.6,1154.7,1120.0,,1022100,4.33,,,,,
2026-05-12,5985,サンコール,2085.0,1976.4,1703.5,1560.5,,1018400,0.65,,,,,
2026-05-12,6674,ジーエス・ユアサ　コーポレーション,6710.0,6533.6,6461.8,5589.8,,1017100,0.93,,,,,
2026-05-12,7004,カナデビア,1268.0,1249.6,1217.4,1104.8,,1016900,0.91,,,,,
2026-05-12,6862,ミナトホールディングス,3630.0,3564.0,2747.2,2463.8,,992200,1.35,,,,,
2026-05-12,5727,東邦チタニウム,3335.0,3628.0,3412.5,2777.6,,981000,1.95,,,,,
2026-05-12,8418,山口フィナンシャルグループ,2795.0,2731.5,2694.8,2624.0,,970900,1.22,,,,,
2026-05-12,3433,トーカロ,3260.0,3237.0,3020.8,2862.9,,966600,3.43,,,,,
2026-05-12,6254,野村マイクロ・サイエンス,4490.0,4269.0,3831.8,3396.8,,963800,1.29,,,,,
2026-05-12,4169,ＥＮＥＣＨＡＮＧＥ,355.0,358.0,321.9,284.4,,919600,0.61,,,,,
2026-05-12,4373,シンプレクス・ホールディングス,957.0,931.0,902.5,850.6,,888600,0.83,,,,,
2026-05-12,8368,百五銀行,1813.0,1822.0,1801.0,1639.5,,873100,1.02,,,,,
2026-05-12,4478,フリー,2310.0,2364.8,2301.2,2185.2,,863700,1.11,,,,,
2026-05-12,4061,デンカ,4390.0,4339.6,3942.8,3583.6,,855900,0.85,,,,,
2026-05-12,8282,ケーズホールディングス,1912.5,1848.0,1799.0,1717.9,,843500,0.92,,,,,
2026-05-12,7412,アトム,685.0,655.4,653.1,634.5,,841300,1.81,,,,,
2026-05-12,5805,ＳＷＣＣ,18340.0,16900.0,15281.5,14473.3,,821400,1.78,,,,,
2026-05-12,4419,Ｆｉｎａｔｅｘｔホールディングス,1255.0,1220.4,1140.8,987.6,,812800,1.95,,,,,
2026-05-12,1436,グリーンエナジー＆カンパニー,1648.0,1460.0,1366.6,1216.3,,806700,5.85,,,,,
2026-05-12,8508,Ｊトラスト,671.0,671.6,632.4,570.7,,805400,0.9,,,,,
2026-05-12,1951,エクシオグループ,2950.0,2954.5,2859.2,2810.6,,792400,1.37,,,,,
2026-05-12,3774,インターネットイニシアティブ,2950.0,2869.7,2727.7,2465.1,,785900,0.89,,,,,
2026-05-12,6728,アルバック,11320.0,10608.4,10032.9,9693.3,,778800,2.43,,,,,
2026-05-12,4588,オンコリスバイオファーマ,2858.0,2817.6,2780.8,2600.3,,778800,1.0,,,,,
2026-05-12,2810,ハウス食品グループ本社,3248.0,3107.7,3069.6,3057.7,,774200,3.25,,,,,
2026-05-12,7419,ノジマ,1276.0,1245.8,1192.1,1139.2,,770500,0.38,,,,,
2026-05-12,5844,京都フィナンシャルグループ,4419.0,4417.4,4354.5,4169.3,,760200,0.81,,,,,
2026-05-12,4369,トリケミカル研究所,3485.0,3322.0,3173.7,3144.0,,738900,1.03,,,,,
2026-05-12,6586,マキタ,5798.0,5822.6,5600.9,5593.8,,733900,0.68,,,,,
2026-05-12,6996,ニチコン,2781.0,2566.2,2263.6,2050.8,,728000,0.9,,,,,
2026-05-12,6327,北川精機,2990.0,3271.4,2431.2,1855.0,,718800,1.02,,,,,
2026-05-12,6407,ＣＫＤ,6810.0,6528.0,5872.5,5172.7,,713100,1.34,,,,,
2026-05-12,6986,双葉電子工業,690.0,758.6,714.2,701.2,,693900,1.87,,,,,
2026-05-12,6235,オプトラン,4600.0,4619.0,3875.8,3157.2,,683800,0.74,,,,,
2026-05-12,8005,スクロール,1655.0,1511.8,1377.3,1355.2,,677500,2.73,,,,,
2026-05-12,3776,ブロードバンドタワー,259.0,254.6,239.1,228.7,,672700,0.83,,,,,
2026-05-12,4578,大塚ホールディングス,10990.0,11097.0,10836.0,10720.5,,667100,0.43,,,,,
2026-05-12,7806,ＭＴＧ,6610.0,6374.0,6299.5,5954.2,,641700,5.06,,,,,
2026-05-12,6838,多摩川ホールディングス,1973.0,1895.0,1629.9,1277.5,,640700,1.14,,,,,
2026-05-12,4021,日産化学,7100.0,6926.0,6649.9,6493.4,,633200,1.06,,,,,
2026-05-12,3046,ジンズホールディングス,7800.0,6958.0,6510.5,5697.8,,618800,2.17,,,,,
2026-05-12,9041,近鉄グループホールディングス,3490.0,3487.8,3384.5,3308.1,,616100,0.67,,,,,
2026-05-12,6370,栗田工業,9036.0,8604.6,8202.8,8043.6,,611800,0.86,,,,,
2026-05-12,8346,東邦銀行,693.0,688.8,686.9,683.6,,608500,0.75,,,,,
2026-05-12,1961,三機工業,2646.0,2548.8,2481.0,2423.2,,595100,0.86,,,,,
2026-05-12,6622,ダイヘン,17720.0,17056.0,14895.5,13639.2,,587900,2.15,,,,,
2026-05-12,7826,フルヤ金属,8430.0,8146.0,7525.5,7033.8,,583000,1.55,,,,,
2026-05-12,9517,イーレックス,1025.0,1044.0,993.3,881.2,,576200,1.21,,,,,
2026-05-12,6278,ユニオンツール,18660.0,17222.0,16804.5,15163.0,,574300,1.45,,,,,
2026-05-12,6101,ツガミ,5860.0,5371.0,4588.8,3964.8,,568200,1.25,,,,,
2026-05-12,1417,ミライト・ワン,4104.0,4105.2,3910.8,3821.2,,560300,1.68,,,,,
2026-05-12,5331,ノリタケ,3460.0,3515.0,3356.2,3301.3,,557200,2.62,,,,,
2026-05-12,6925,ウシオ電機,3492.0,3364.8,3245.2,3069.2,,551400,0.87,,,,,
2026-05-12,2531,宝ホールディングス,1810.5,1801.4,1798.2,1655.8,,550800,1.02,,,,,
2026-05-12,8550,栃木銀行,959.0,964.2,963.7,946.9,,548000,0.82,,,,,
2026-05-12,3661,エムアップホールディングス,719.0,730.6,725.4,698.8,,547600,1.18,,,,,
2026-05-12,6997,日本ケミコン,3200.0,3028.2,2394.2,1856.1,,540600,0.55,,,,,
2026-05-12,4047,関東電化工業,1971.0,1851.0,1700.7,1597.6,,537800,2.11,,,,,
2026-05-12,8060,キヤノンマーケティングジャパン,3770.0,3724.2,3623.4,3518.2,,535700,0.72,,,,,
2026-05-12,7337,ひろぎんホールディングス,1920.5,1887.5,1872.8,1854.7,,534800,0.72,,,,,
2026-05-12,6103,オークマ,5100.0,4882.0,4415.8,4209.2,,530600,1.14,,,,,
2026-05-12,3186,ネクステージ,3510.0,3563.0,3498.5,3414.2,,517800,1.2,,,,,
2026-05-12,8354,ふくおかフィナンシャルグループ,6621.0,6502.4,6427.1,6412.1,,516500,0.79,,,,,
2026-05-12,8377,ほくほくフィナンシャルグループ,6464.0,6207.0,6128.4,6052.1,,514100,1.08,,,,,
2026-05-12,7725,インターアクション,2057.0,1994.8,1761.0,1538.6,,513200,3.06,,,,,
2026-05-12,6136,オーエスジー,3507.0,3408.6,3105.5,2825.4,,513100,0.74,,,,,
2026-05-12,6769,ザインエレクトロニクス,1061.0,1210.8,1074.3,947.2,,510000,0.82,,,,,
2026-05-12,6498,キッツ,2296.0,2211.4,2141.6,2043.9,,505800,1.24,,,,,
2026-05-12,2170,リンクアンドモチベーション,547.0,563.0,557.9,555.9,,503500,0.99,,,,,
2026-05-12,6134,ＦＵＪＩ,6913.0,6509.0,5961.4,5491.4,,503300,0.95,,,,,
2026-05-12,6777,ｓａｎｔｅｃ　Ｈｏｌｄｉｎｇｓ,31000.0,28402.0,27112.0,22375.3,,503200,1.8,,,,,
2026-05-13,8918,ランド,10.0,10.2,10.0,9.6,,219234400,0.9,,,,,
2026-05-13,9434,ソフトバンク,222.8,221.1,220.2,216.2,,92545500,1.18,,,,,
2026-05-13,5803,フジクラ,7855.0,7078.2,6189.5,4901.2,,62691200,1.28,,,,,
2026-05-13,5016,ＪＸ金属,4651.0,5165.0,4897.7,4136.8,,54451100,1.64,,,,,
2026-05-13,9984,ソフトバンクグループ,6012.0,6059.4,5242.7,4357.5,,46400500,0.5,,,,,
2026-05-13,8306,三菱ＵＦＪフィナンシャル・グループ,2926.5,2867.7,2845.0,2806.2,,34802100,1.0,,,,,
2026-05-13,6594,ニデック,2435.0,2642.8,2421.9,2310.3,,30421500,4.58,,,,,
2026-05-13,3350,メタプラネット,327.0,344.0,335.8,329.1,,30156100,0.96,,,,,
2026-05-13,3436,ＳＵＭＣＯ,3505.0,3497.8,2561.5,1980.5,,26238200,1.49,,,,,
2026-05-13,6472,ＮＴＮ,479.4,432.1,373.7,368.4,,23830300,4.19,,,,,
2026-05-13,6525,ＫＯＫＵＳＡＩ　ＥＬＥＣＴＲＩＣ,6170.0,6933.4,6811.1,6124.2,,19061200,4.12,,,,,
2026-05-13,4689,ＬＩＮＥヤフー,414.7,430.7,422.3,401.3,,18616300,0.85,,,,,
2026-05-13,7733,オリンパス,1846.0,1608.7,1576.0,1520.8,,17900200,3.8,,,,,
2026-05-13,7936,アシックス,4600.0,4706.6,4574.6,4491.6,,17765800,5.45,,,,,
2026-05-13,4392,ＦＩＧ,735.0,578.4,398.1,351.8,,15030000,4.9,,,,,
2026-05-13,6752,パナソニック　ホールディングス,3275.0,3336.2,3080.9,2749.6,,14747200,1.26,,,,,
2026-05-13,6723,ルネサスエレクトロニクス,3575.0,3595.6,3108.5,2777.2,,14465100,0.56,,,,,
2026-05-13,5802,住友電気工業,12775.0,11657.0,10503.5,9952.4,,12494700,1.88,,,,,
2026-05-13,6981,村田製作所,6089.0,5925.0,5022.0,4141.3,,12340800,0.8,,,,,
2026-05-13,5801,古河電気工業,58130.0,48632.0,45100.5,34351.0,,12098100,2.9,,,,,
2026-05-13,8316,三井住友フィナンシャルグループ,5852.0,5707.4,5570.8,5516.8,,12087700,0.97,,,,,
2026-05-13,4592,サンバイオ,2026.0,2175.2,2072.1,2051.2,,12005600,10.46,,,,,
2026-05-13,8308,りそなホールディングス,2061.5,2012.7,1928.6,1876.9,,10331200,0.97,,,,,
2026-05-13,4901,富士フイルムホールディングス,3282.0,3118.8,3061.6,3051.5,,9668000,1.3,,,,,
2026-05-13,6471,日本精工,1263.5,1327.3,1233.9,1226.2,,9557000,3.22,,,,,
2026-05-13,6963,ローム,4000.0,3919.0,3708.3,3290.3,,9478000,1.33,,,,,
2026-05-13,6762,ＴＤＫ,2916.5,2926.6,2655.8,2338.2,,9120600,0.58,,,,,
2026-05-13,4062,イビデン,17060.0,16231.0,12281.3,9754.6,,8687100,0.88,,,,,
2026-05-13,4259,エクサウィザーズ,911.0,805.6,752.5,697.0,,8003500,5.54,,,,,
2026-05-13,6526,ソシオネクスト,2235.0,2226.9,1979.1,1927.4,,7793400,0.56,,,,,
2026-05-13,2371,カカクコム,3425.0,2949.2,2475.7,2079.0,,7534200,2.34,,,,,
2026-05-13,6315,ＴＯＷＡ,2688.0,3084.6,2817.0,2684.5,,7431900,1.11,,,,,
2026-05-13,4911,資生堂,3101.0,3292.2,3212.8,3171.8,,7088000,2.48,,,,,
2026-05-13,8411,みずほフィナンシャルグループ,7050.0,6921.4,6770.9,6674.0,,7008000,0.74,,,,,
2026-05-13,4063,信越化学工業,7417.0,7540.4,7010.1,6429.8,,6777500,0.71,,,,,
2026-05-13,7220,武蔵精密工業,6210.0,5390.0,4221.0,3224.3,,6703700,2.43,,,,,
2026-05-13,3810,サイバーステップホールディングス,345.0,318.6,251.4,250.0,,6654800,1.31,,,,,
2026-05-13,4651,サニックスホールディングス,258.0,242.8,239.2,219.9,,6385200,6.86,,,,,
2026-05-13,7162,アストマックス,379.0,393.8,274.1,238.5,,6373900,3.02,,,,,
2026-05-13,6479,ミネベアミツミ,3914.0,3521.6,3140.3,3011.6,,5903700,2.35,,,,,
2026-05-13,6857,アドバンテスト,28290.0,29075.0,28159.5,25758.5,,5799400,0.48,,,,,
2026-05-13,8766,東京海上ホールディングス,7369.0,7179.8,7107.3,6745.2,,5780900,1.0,,,,,
2026-05-13,6954,ファナック,7680.0,7520.8,6749.7,6351.2,,5749400,0.59,,,,,
2026-05-13,6590,芝浦メカトロニクス,5070.0,4988.0,4937.0,4866.7,,5000300,2.51,,,,,
2026-05-13,7004,カナデビア,1407.0,1291.0,1226.9,1110.0,,4995900,4.38,,,,,
2026-05-13,6971,京セラ,2881.5,2850.5,2723.1,2618.7,,4893700,0.78,,,,,
2026-05-13,4004,レゾナック・ホールディングス,17815.0,16814.0,14350.5,12242.2,,4870500,1.54,,,,,
2026-05-13,6480,日本トムソン,1920.0,1562.8,1163.8,1031.3,,4702500,4.21,,,,,
2026-05-13,6506,安川電機,6980.0,6572.8,5617.8,5036.2,,4650800,0.89,,,,,
2026-05-13,2802,味の素,5483.0,5281.8,4853.8,4654.9,,4630900,0.7,,,,,
2026-05-13,6098,リクルートホールディングス,7800.0,7674.0,7460.2,6906.4,,4579200,0.71,,,,,
2026-05-13,8591,オリックス,6018.0,5609.4,5157.0,5061.5,,4551800,0.91,,,,,
2026-05-13,6503,三菱電機,6468.0,6439.2,6081.3,5708.3,,4512200,0.55,,,,,
2026-05-13,6965,浜松ホトニクス,2162.5,2167.0,2011.2,1950.7,,4178000,1.08,,,,,
2026-05-13,8053,住友商事,7699.0,7382.6,6339.6,6174.0,,4103900,0.6,,,,,
2026-05-13,5074,テスホールディングス,1103.0,1009.6,764.3,645.6,,3996000,0.99,,,,,
2026-05-13,7868,広済堂ホールディングス,698.0,659.0,558.3,512.2,,3994200,0.98,,,,,
2026-05-13,6232,ＡＣＳＬ,3010.0,2991.8,2273.6,1717.9,,3926300,0.53,,,,,
2026-05-13,3110,日東紡績,25790.0,29246.0,27947.0,23972.3,,3827200,1.8,,,,,
2026-05-13,7167,めぶきフィナンシャルグループ,1366.5,1345.0,1313.4,1277.4,,3722500,1.39,,,,,
2026-05-13,6085,アーキテクツ・スタジオ・ジャパン,483.0,559.0,456.3,315.1,,3642000,0.37,,,,,
2026-05-13,5713,住友金属鉱山,10820.0,10480.0,10126.5,10072.6,,3612200,0.99,,,,,
2026-05-13,5991,日本発條,3593.0,3147.0,2791.2,2779.8,,3601800,3.54,,,,,
2026-05-13,4385,メルカリ,4195.0,3972.2,3895.8,3691.8,,3594400,1.63,,,,,
2026-05-13,3099,三越伊勢丹ホールディングス,3200.0,3100.8,3083.2,3018.2,,3563400,1.93,,,,,
2026-05-13,4061,デンカ,4245.0,4354.0,3966.6,3605.4,,3466300,3.38,,,,,
2026-05-13,5706,三井金属,54900.0,51012.0,41379.5,34697.8,,3317800,1.57,,,,,
2026-05-13,6619,ダブル・スコープ,260.0,242.8,233.8,207.2,,3219100,1.67,,,,,
2026-05-13,6613,ＱＤレーザ,1641.0,1673.6,1485.0,1164.5,,3198400,0.35,,,,,
2026-05-13,9412,スカパーＪＳＡＴ,4205.0,3832.0,3393.2,3068.2,,3162100,1.15,,,,,
2026-05-13,6324,ハーモニック・ドライブ・システムズ,6970.0,6382.0,4973.2,4366.0,,3123000,1.7,,,,,
2026-05-13,6920,レーザーテック,42490.0,43756.0,43167.5,37081.3,,2977300,0.66,,,,,
2026-05-13,8368,百五銀行,1994.0,1858.6,1812.0,1646.4,,2942300,3.45,,,,,
2026-05-13,6367,ダイキン工業,25780.0,24706.0,22223.2,20463.2,,2850900,1.87,,,,,
2026-05-13,8015,豊田通商,7397.0,7020.2,6495.9,6471.1,,2832700,0.79,,,,,
2026-05-13,2267,ヤクルト本社,2800.5,2842.5,2731.9,2664.4,,2639800,0.7,,,,,
2026-05-13,7256,河西工業,500.0,455.8,354.1,302.1,,2565700,0.49,,,,,
2026-05-13,4368,扶桑化学工業,4410.0,3655.0,3223.7,3058.6,,2541600,3.85,,,,,
2026-05-13,5711,三菱マテリアル,6100.0,5680.6,5481.4,5318.5,,2487800,2.25,,,,,
2026-05-13,3105,日清紡ホールディングス,2418.0,2185.3,1946.8,1712.0,,2472700,1.72,,,,,
2026-05-13,4419,Ｆｉｎａｔｅｘｔホールディングス,1287.0,1252.6,1151.5,996.2,,2436800,5.18,,,,,
2026-05-13,5301,東海カーボン,1338.0,1263.7,1102.6,1038.0,,2431000,1.08,,,,,
2026-05-13,6976,太陽誘電,6544.0,6617.8,6181.2,4935.4,,2367200,0.51,,,,,
2026-05-13,7735,ＳＣＲＥＥＮホールディングス,11215.0,11347.0,10831.0,10321.4,,2359000,1.2,,,,,
2026-05-13,6923,スタンレー電気,3543.0,3212.2,3055.8,3026.7,,2332500,3.48,,,,,
2026-05-13,4980,デクセリアルズ,2648.5,2686.2,2490.4,2379.9,,2317200,1.44,,,,,
2026-05-13,8035,東京エレクトロン,51340.0,51950.0,46711.5,42845.3,,2301000,0.65,,,,,
2026-05-13,6674,ジーエス・ユアサ　コーポレーション,6339.0,6545.8,6471.0,5624.6,,2288300,2.15,,,,,
2026-05-13,3863,日本製紙,1474.0,1458.0,1398.9,1304.6,,2236200,1.5,,,,,
2026-05-13,6361,荏原製作所,5740.0,5799.2,5363.3,5142.4,,2217500,0.64,,,,,
2026-05-13,8331,千葉銀行,2269.5,2216.8,2165.6,2162.6,,2170700,0.85,,,,,
2026-05-13,6323,ローツェ,3946.0,3965.8,3823.2,3301.7,,2075600,0.95,,,,,
2026-05-13,1945,東京エネシス,2479.0,2095.0,1875.0,1847.5,,2066100,5.73,,,,,
2026-05-13,6724,セイコーエプソン,2490.0,2454.9,2185.9,2081.6,,2037200,0.66,,,,,
2026-05-13,2334,イオレ,560.0,552.2,459.1,415.2,,2020200,0.53,,,,,
2026-05-13,6703,沖電気工業,3465.0,3436.0,3331.8,3019.5,,2009300,3.25,,,,,
2026-05-13,9502,中部電力,2738.5,2739.0,2729.7,2639.4,,1992800,0.63,,,,,
2026-05-13,6383,ダイフク,7749.0,7604.2,6774.7,6216.1,,1972200,0.81,,,,,
2026-05-13,6113,アマダ,2949.0,2923.4,2622.7,2455.9,,1941700,1.05,,,,,
2026-05-13,6644,大崎電気工業,1755.0,2060.2,1983.0,1802.1,,1869700,5.98,,,,,
2026-05-13,5341,ＡＳＡＨＩ　ＥＩＴＯホールディングス,307.0,356.8,345.7,248.1,,1823400,1.23,,,,,
2026-05-13,8359,八十二長野銀行,2357.0,2300.0,2134.2,2052.4,,1821500,1.11,,,,,
2026-05-13,7912,大日本印刷,3264.0,3211.8,3036.7,3023.2,,1816200,1.11,,,,,
2026-05-13,9962,ミスミグループ本社,3289.0,3407.8,3212.3,3020.8,,1800900,0.75,,,,,
2026-05-13,5333,ＮＧＫ,5731.0,5522.8,4805.6,4391.6,,1776800,0.87,,,,,
2026-05-13,4182,三菱瓦斯化学,4920.0,4759.6,4403.0,4234.2,,1754000,1.37,,,,,
2026-05-13,9147,ＮＩＰＰＯＮ　ＥＸＰＲＥＳＳホールディングス,4363.0,4377.4,4015.9,3802.7,,1685100,0.96,,,,,
2026-05-13,7337,ひろぎんホールディングス,2035.5,1926.1,1880.2,1856.5,,1635100,2.29,,,,,
2026-05-13,6645,オムロン,6272.0,6168.8,5358.6,4955.5,,1617600,0.78,,,,,
2026-05-13,5393,ニチアス,3667.0,3423.2,3182.0,2998.9,,1606200,2.02,,,,,
2026-05-13,7762,シチズン時計,2096.0,2023.6,1873.7,1773.8,,1599500,1.41,,,,,
2026-05-13,8309,三井住友トラストグループ,5660.0,5551.6,5347.5,5265.8,,1593600,0.66,,,,,
2026-05-13,6141,ＤＭＧ森精機,3775.0,3739.2,2996.7,2802.4,,1583500,0.57,,,,,
2026-05-13,4180,Ａｐｐｉｅｒ　Ｇｒｏｕｐ,1001.0,991.4,925.4,842.5,,1560400,1.12,,,,,
2026-05-13,7322,三十三フィナンシャルグループ,1793.0,1697.4,1641.5,1558.9,,1536000,4.7,,,,,
2026-05-13,3923,ラクス,877.8,885.8,857.4,813.1,,1527300,0.51,,,,,
2026-05-13,6440,ＪＵＫＩ,622.0,781.0,745.4,702.0,,1499000,3.62,,,,,
2026-05-13,3905,データセクション,2279.0,2133.4,1654.2,1624.8,,1438900,0.68,,,,,
2026-05-13,6055,ジャパンマテリアル,2146.0,2056.4,1890.5,1868.1,,1436600,1.73,,,,,
2026-05-13,5985,サンコール,1917.0,2016.2,1726.8,1575.5,,1436400,0.95,,,,,
2026-05-13,3132,マクニカホールディングス,3194.0,2954.3,2575.1,2501.3,,1416100,1.17,,,,,
2026-05-13,6481,ＴＨＫ,7495.0,6929.2,5978.6,5318.7,,1410800,1.01,,,,,
2026-05-13,9519,レノバ,1220.0,1197.6,1077.4,878.7,,1402800,0.83,,,,,
2026-05-13,4186,東京応化工業,11265.0,10656.4,9525.6,8800.9,,1376600,0.9,,,,,
2026-05-13,9514,エフオン,424.0,384.0,375.5,366.3,,1376100,9.91,,,,,
2026-05-13,4588,オンコリスバイオファーマ,2746.0,2823.4,2792.3,2610.0,,1367600,1.76,,,,,
2026-05-13,9301,三菱倉庫,1444.5,1430.7,1404.5,1388.1,,1365700,0.94,,,,,
2026-05-13,6952,カシオ計算機,1711.5,1677.7,1674.4,1565.2,,1355600,0.66,,,,,
2026-05-13,6728,アルバック,10440.0,10732.0,10076.4,9722.5,,1325800,3.64,,,,,
2026-05-13,8282,ケーズホールディングス,2016.0,1896.9,1806.6,1724.1,,1317400,1.39,,,,,
2026-05-13,6754,アンリツ,4189.0,4134.0,3730.3,3139.0,,1283300,0.44,,,,,
2026-05-13,5334,日本特殊陶業,9700.0,9016.8,8522.8,7879.7,,1278300,1.12,,,,,
2026-05-13,6146,ディスコ,72840.0,74122.0,72873.0,70915.5,,1272800,0.52,,,,,
2026-05-13,7419,ノジマ,1267.0,1257.0,1197.6,1142.4,,1231500,0.78,,,,,
2026-05-13,1721,コムシスホールディングス,5675.0,5716.8,5522.6,5394.9,,1224100,1.38,,,,,
2026-05-13,4883,モダリス,66.0,66.0,59.7,58.1,,1219300,0.09,,,,,
2026-05-13,8334,群馬銀行,2191.0,2193.6,2173.2,2167.0,,1202700,0.82,,,,,
2026-05-13,9006,京浜急行電鉄,1565.0,1552.9,1551.6,1545.7,,1197300,1.57,,,,,
2026-05-13,6768,タムラ製作所,912.0,908.8,800.8,717.5,,1188800,0.8,,,,,
2026-05-13,6268,ナブテスコ,5737.0,5607.8,5007.5,4649.4,,1186100,0.59,,,,,
2026-05-13,8439,東京センチュリー,2372.5,2295.4,2165.3,2147.9,,1183400,1.38,,,,,
2026-05-13,5563,新日本電工,465.0,458.2,441.1,432.3,,1181400,1.46,,,,,
2026-05-13,6890,フェローテック,9430.0,9478.0,7712.5,6782.2,,1176400,0.76,,,,,
2026-05-13,4819,デジタルガレージ,2779.0,2640.2,2443.4,2180.6,,1167900,2.06,,,,,
2026-05-13,6101,ツガミ,6260.0,5666.0,4712.2,4010.8,,1138100,2.53,,,,,
2026-05-13,6254,野村マイクロ・サイエンス,4325.0,4399.0,3876.8,3411.7,,1135600,1.47,,,,,
2026-05-13,6584,三櫻工業,908.0,837.6,756.3,753.0,,1129200,2.09,,,,,
2026-05-13,6504,富士電機,15470.0,14847.0,12813.0,12001.5,,1104400,0.71,,,,,
2026-05-13,9517,イーレックス,911.0,1012.0,992.6,885.8,,1081200,2.13,,,,,
2026-05-13,6356,日本ギア工業,1403.0,1482.6,1429.3,1404.8,,1067700,0.72,,,,,
2026-05-13,4203,住友ベークライト,6658.0,6159.4,5507.3,5438.2,,1065700,0.97,,,,,
2026-05-13,6448,ブラザー工業,3450.0,3345.0,3103.2,3054.9,,1063500,0.99,,,,,
2026-05-13,6143,ソディック,1747.0,1767.6,1554.1,1426.8,,1037900,1.72,,,,,
2026-05-13,6871,日本マイクロニクス,14500.0,14220.0,13023.5,11724.0,,1035900,1.11,,,,,
2026-05-13,6103,オークマ,4760.0,4936.0,4454.0,4214.9,,1023300,2.13,,,,,
2026-05-13,4043,トクヤマ,4700.0,4442.8,3997.6,3981.6,,997400,0.78,,,,,
2026-05-13,6958,日本シイエムケイ,653.0,651.4,619.5,598.0,,985000,1.03,,,,,
2026-05-13,3793,ドリコム,458.0,422.2,416.0,406.5,,977100,16.29,,,,,
2026-05-13,7915,ＮＩＳＳＨＡ,1453.0,1330.8,1310.8,1294.4,,955700,4.92,,,,,
2026-05-13,1951,エクシオグループ,2974.5,2973.3,2865.0,2813.7,,948500,1.54,,,,,
2026-05-13,7707,プレシジョン・システム・サイエンス,261.0,254.2,227.6,225.7,,945800,1.05,,,,,
2026-05-13,7717,ブイ・テクノロジー,5570.0,4962.0,4907.7,4537.0,,936300,3.43,,,,,
2026-05-13,8141,新光商事,1575.0,1671.2,1555.0,1282.5,,929500,3.55,,,,,
2026-05-13,6264,マルマエ,2547.0,2434.0,2003.7,1781.8,,925400,0.67,,,,,
2026-05-13,6840,ＡＫＩＢＡホールディングス,792.0,746.4,591.3,533.2,,921200,0.98,,,,,
2026-05-13,4565,ネクセラファーマ,1177.0,1180.0,1044.1,961.4,,913400,0.6,,,,,
2026-05-13,1942,関電工,7267.0,7169.8,6501.4,6380.0,,898200,0.39,,,,,
2026-05-13,9983,ファーストリテイリング,72500.0,74106.0,73496.0,68004.3,,898200,0.62,,,,,
2026-05-13,1436,グリーンエナジー＆カンパニー,1888.0,1600.0,1393.8,1234.0,,889200,4.11,,,,,
2026-05-13,5727,東邦チタニウム,3260.0,3608.0,3421.2,2800.5,,884100,1.58,,,,,
2026-05-13,3774,インターネットイニシアティブ,3008.0,2921.5,2749.1,2478.3,,878100,0.99,,,,,
2026-05-13,4369,トリケミカル研究所,3510.0,3407.0,3204.2,3146.9,,873800,1.16,,,,,
2026-05-13,4971,メック,11480.0,10816.0,9145.5,7677.2,,865500,2.6,,,,,
2026-05-13,3661,エムアップホールディングス,708.0,726.0,725.0,697.4,,860300,1.74,,,,,
2026-05-13,7537,丸文,1605.0,1367.6,1225.8,1202.9,,850900,8.79,,,,,
2026-05-13,5844,京都フィナンシャルグループ,4484.0,4439.6,4358.1,4178.4,,823400,0.88,,,,,
2026-05-13,6986,双葉電子工業,635.0,738.8,712.1,700.0,,819700,2.14,,,,,
2026-05-13,6996,ニチコン,2808.0,2660.8,2305.4,2067.1,,810200,0.95,,,,,
2026-05-13,7180,九州フィナンシャルグループ,1333.5,1302.1,1291.6,1255.9,,797900,0.67,,,,,
2026-05-13,5332,ＴＯＴＯ,6906.0,6960.0,5863.1,5776.1,,795100,0.42,,,,,
2026-05-13,8386,百十四銀行,2500.0,2407.6,2379.1,2290.1,,786800,2.39,,,,,
2026-05-13,5805,ＳＷＣＣ,19030.0,17642.0,15529.0,14570.0,,786300,1.64,,,,,
2026-05-13,4578,大塚ホールディングス,11145.0,11082.0,10846.8,10746.0,,785100,0.52,,,,,
2026-05-13,2491,バリューコマース,504.0,484.8,473.0,451.7,,780500,1.76,,,,,
2026-05-13,7956,ピジョン,1709.0,1734.3,1701.3,1661.3,,778000,0.62,,,,,
2026-05-13,2810,ハウス食品グループ本社,3349.0,3176.7,3081.8,3061.7,,762900,2.52,,,,,
2026-05-13,4816,東映アニメーション,2820.0,2739.4,2722.0,2590.6,,753500,1.75,,,,,
2026-05-13,6629,テクノホライゾン,1305.0,1331.6,1133.0,1025.7,,753400,0.46,,,,,
2026-05-13,7826,フルヤ金属,9130.0,8522.0,7641.5,7102.7,,744500,1.84,,,,,
2026-05-13,8346,東邦銀行,705.0,696.6,687.0,683.7,,742600,0.93,,,,,
2026-05-13,4373,シンプレクス・ホールディングス,953.0,937.4,908.2,852.5,,735600,0.68,,,,,
2026-05-13,4047,関東電化工業,2112.0,1932.2,1727.3,1610.2,,721900,2.47,,,,,
2026-05-13,4022,ラサ工業,2435.0,2382.4,2007.9,1853.7,,715800,0.53,,,,,
2026-05-13,4344,ソースネクスト,134.0,130.8,127.4,127.2,,714100,0.94,,,,,
2026-05-13,6779,日本電波工業,2190.0,2186.6,1885.2,1467.9,,708300,0.46,,,,,
2026-05-13,8544,京葉銀行,2347.0,2196.6,2193.9,2136.0,,707800,2.06,,,,,
2026-05-13,1407,ウエストホールディングス,3015.0,2984.0,2507.3,1997.6,,694600,0.58,,,,,
2026-05-13,6327,北川精機,2760.0,3244.0,2478.3,1884.3,,686900,0.92,,,,,
2026-05-13,8508,Ｊトラスト,661.0,671.4,634.3,573.8,,672200,0.71,,,,,
2026-05-13,6235,オプトラン,4570.0,4661.0,3952.8,3197.6,,663100,0.7,,,,,
2026-05-13,3968,セグエグループ,640.0,554.4,532.8,519.7,,648200,3.32,,,,,
2026-05-13,6136,オーエスジー,3565.0,3470.4,3150.0,2839.4,,647200,0.96,,,,,
2026-05-13,6861,キーエンス,79440.0,80904.0,69715.5,63041.3,,642400,0.43,,,,,
2026-05-13,8418,山口フィナンシャルグループ,2811.5,2765.8,2702.1,2625.1,,630000,0.75,,,,,
2026-05-13,4478,フリー,2355.0,2381.0,2314.5,2185.9,,623600,0.86,,,,,
2026-05-13,8354,ふくおかフィナンシャルグループ,6731.0,6565.6,6437.4,6406.2,,613400,0.94,,,,,
2026-05-13,4169,ＥＮＥＣＨＡＮＧＥ,363.0,364.4,324.9,286.1,,603100,0.42,,,,,
2026-05-13,7412,アトム,691.0,662.6,655.2,635.6,,593600,1.15,,,,,
2026-05-13,4572,カルナバイオサイエンス,468.0,430.6,413.5,369.6,,592900,2.9,,,,,
2026-05-13,6521,オキサイド,6330.0,6184.0,5045.0,4309.4,,592700,0.83,,,,,
2026-05-13,6407,ＣＫＤ,6870.0,6696.0,5960.0,5213.4,,574900,1.04,,,,,
2026-05-13,2693,ＹＫＴ,316.0,299.6,259.7,252.1,,572400,1.45,,,,,
2026-05-13,6586,マキタ,5786.0,5831.6,5612.0,5590.9,,561400,0.51,,,,,
2026-05-13,8060,キヤノンマーケティングジャパン,3772.0,3753.2,3631.6,3522.3,,560000,0.75,,,,,
2026-05-13,7380,十六フィナンシャルグループ,2182.0,2108.0,2069.5,1940.7,,553700,0.91,,,,,
2026-05-13,6925,ウシオ電機,3439.0,3417.6,3257.2,3077.0,,551700,0.83,,,,,
2026-05-13,6997,日本ケミコン,3180.0,3134.0,2470.8,1882.2,,548800,0.57,,,,,
2026-05-13,4021,日産化学,7194.0,7014.8,6690.3,6515.5,,536700,0.87,,,,,
2026-05-13,6999,ＫＯＡ,1975.0,2009.2,1934.8,1770.1,,532500,0.61,,,,,
2026-05-13,1982,日比谷総合設備,3435.0,3187.0,3018.7,3014.7,,530500,4.93,,,,,
2026-05-13,1417,ミライト・ワン,4151.0,4131.0,3930.9,3823.2,,526800,1.48,,,,,
2026-05-13,4704,トレンドマイクロ,5607.0,5605.2,5596.4,5456.0,,525800,0.53,,,,,
2026-05-13,6134,ＦＵＪＩ,6988.0,6701.8,6043.8,5541.2,,522000,0.97,,,,,
2026-05-13,7199,プレミアグループ,1947.0,1925.2,1847.5,1805.9,,520900,0.78,,,,,
2026-05-13,3964,オークネット,1450.0,1265.6,1228.0,1208.3,,515900,3.28,,,,,
2026-05-13,8377,ほくほくフィナンシャルグループ,6349.0,6289.0,6122.2,6055.1,,508800,1.03,,,,,
2026-05-13,3776,ブロードバンドタワー,254.0,257.0,239.9,229.3,,506500,0.6,,,,,
2026-05-13,2531,宝ホールディングス,1734.5,1801.3,1796.2,1657.8,,502300,0.91,,,,,
2026-05-14,8918,ランド,10.0,10.2,10.1,9.6,,212189600,0.89,,,,,
2026-05-14,9434,ソフトバンク,221.9,221.2,220.8,216.3,,71239600,0.9,,,,,
2026-05-14,9984,ソフトバンクグループ,5770.0,5928.6,5342.3,4375.2,,69800200,0.83,,,,,
2026-05-14,5803,フジクラ,6355.0,7049.6,6225.7,4943.1,,57118100,1.16,,,,,
2026-05-14,5016,ＪＸ金属,4447.0,4999.2,4891.2,4164.6,,36603000,1.03,,,,,
2026-05-14,8306,三菱ＵＦＪフィナンシャル・グループ,2877.0,2870.5,2846.8,2803.5,,34334700,0.98,,,,,
2026-05-14,6723,ルネサスエレクトロニクス,3854.0,3641.8,3168.3,2791.7,,28673600,1.19,,,,,
2026-05-14,4392,ＦＩＧ,760.0,660.6,419.9,358.8,,20723200,4.59,,,,,
2026-05-14,4689,ＬＩＮＥヤフー,404.8,423.7,422.3,401.0,,20198800,0.91,,,,,
2026-05-14,8316,三井住友フィナンシャルグループ,5675.0,5704.6,5577.8,5509.2,,18642900,1.51,,,,,
2026-05-14,6594,ニデック,2687.0,2661.6,2441.4,2315.3,,18041000,1.94,,,,,
2026-05-14,3436,ＳＵＭＣＯ,3427.0,3576.6,2631.2,2008.3,,17349500,0.91,,,,,
2026-05-14,6954,ファナック,8036.0,7709.0,6839.1,6371.8,,16737500,1.72,,,,,
2026-05-14,6963,ローム,4357.0,4044.6,3743.7,3320.1,,14265800,1.84,,,,,
2026-05-14,6752,パナソニック　ホールディングス,3377.0,3341.8,3106.7,2764.0,,13884900,1.13,,,,,
2026-05-14,6762,ＴＤＫ,3072.0,2961.8,2693.9,2350.7,,13646200,0.88,,,,,
2026-05-14,6981,村田製作所,6339.0,6063.2,5131.6,4191.7,,11802500,0.76,,,,,
2026-05-14,6525,ＫＯＫＵＳＡＩ　ＥＬＥＣＴＲＩＣ,6452.0,6822.4,6790.8,6127.7,,11729300,1.93,,,,,
2026-05-14,5802,住友電気工業,12105.0,11809.0,10579.7,10008.6,,11321600,1.58,,,,,
2026-05-14,6472,ＮＴＮ,456.1,441.7,379.2,369.0,,11269900,1.5,,,,,
2026-05-14,7733,オリンパス,1809.0,1663.6,1588.1,1518.1,,11002400,1.78,,,,,
2026-05-14,3936,グローバルウェイ,200.0,180.6,176.7,146.7,,10752400,2.08,,,,,
2026-05-14,6857,アドバンテスト,28615.0,28855.0,28340.8,25774.2,,9547900,0.82,,,,,
2026-05-14,4062,イビデン,16960.0,16348.0,12634.9,9905.3,,8973700,0.89,,,,,
2026-05-14,5301,東海カーボン,1585.0,1345.8,1131.8,1045.8,,8896200,3.79,,,,,
2026-05-14,8411,みずほフィナンシャルグループ,6984.0,6933.0,6780.8,6660.1,,8531800,0.9,,,,,
2026-05-14,8308,りそなホールディングス,2047.0,2020.1,1936.5,1875.0,,8320400,0.85,,,,,
2026-05-14,4901,富士フイルムホールディングス,3226.0,3177.2,3067.1,3054.4,,8213400,1.03,,,,,
2026-05-14,6526,ソシオネクスト,2295.0,2275.8,2003.8,1930.5,,8108000,0.67,,,,,
2026-05-14,4004,レゾナック・ホールディングス,18690.0,17434.0,14614.8,12395.1,,7539400,2.32,,,,,
2026-05-14,2371,カカクコム,3400.0,3087.6,2546.2,2104.9,,7197300,1.89,,,,,
2026-05-14,5801,古河電気工業,57220.0,50816.0,45671.5,34946.3,,7181700,1.47,,,,,
2026-05-14,6506,安川電機,7006.0,6779.4,5723.4,5062.1,,7171200,1.34,,,,,
2026-05-14,6098,リクルートホールディングス,7780.0,7735.0,7493.4,6913.4,,7107100,1.17,,,,,
2026-05-14,6503,三菱電機,6436.0,6436.8,6112.4,5718.7,,6838400,0.87,,,,,
2026-05-14,6315,ＴＯＷＡ,2769.0,2977.4,2818.5,2683.1,,6792400,0.95,,,,,
2026-05-14,4063,信越化学工業,7476.0,7493.4,7056.1,6463.6,,6194100,0.65,,,,,
2026-05-14,5706,三井金属,50660.0,51532.0,42052.5,35151.7,,6185500,2.7,,,,,
2026-05-14,5074,テスホールディングス,1028.0,1033.2,786.1,656.1,,6061200,1.46,,,,,
2026-05-14,7735,ＳＣＲＥＥＮホールディングス,12205.0,11528.0,10904.0,10348.3,,6055300,3.07,,,,,
2026-05-14,4259,エクサウィザーズ,967.0,844.8,766.8,698.1,,6011700,2.88,,,,,
2026-05-14,7936,アシックス,4496.0,4680.2,4571.0,4500.1,,5909800,1.23,,,,,
2026-05-14,6471,日本精工,1267.0,1320.8,1238.6,1226.1,,5830100,1.57,,,,,
2026-05-14,4180,Ａｐｐｉｅｒ　Ｇｒｏｕｐ,1057.0,1011.2,935.3,843.3,,5755700,4.17,,,,,
2026-05-14,6971,京セラ,2935.0,2867.3,2740.9,2622.4,,5732700,0.91,,,,,
2026-05-14,2802,味の素,5542.0,5398.6,4898.2,4675.5,,5720800,0.85,,,,,
2026-05-14,6324,ハーモニック・ドライブ・システムズ,6430.0,6526.0,5095.2,4409.8,,5545500,2.7,,,,,
2026-05-14,3810,サイバーステップホールディングス,345.0,345.4,257.2,250.7,,5460400,0.96,,,,,
2026-05-14,6590,芝浦メカトロニクス,5710.0,5118.0,4981.5,4877.9,,5346800,2.45,,,,,
2026-05-14,4911,資生堂,3063.0,3240.6,3197.7,3176.5,,5055600,1.51,,,,,
2026-05-14,6976,太陽誘電,6910.0,6673.8,6278.9,4983.6,,4989600,1.11,,,,,
2026-05-14,6085,アーキテクツ・スタジオ・ジャパン,530.0,542.0,469.5,322.5,,4924100,0.52,,,,,
2026-05-14,3099,三越伊勢丹ホールディングス,3363.0,3164.8,3092.7,3023.0,,4796500,2.35,,,,,
2026-05-14,7868,広済堂ホールディングス,737.0,682.8,569.8,515.9,,4717300,1.08,,,,,
2026-05-14,6845,アズビル,1545.5,1439.9,1439.2,1410.6,,4655300,3.44,,,,,
2026-05-14,9412,スカパーＪＳＡＴ,4145.0,3964.0,3447.5,3090.0,,4393500,1.52,,,,,
2026-05-14,6965,浜松ホトニクス,2157.0,2170.4,2021.9,1957.2,,4349300,1.08,,,,,
2026-05-14,4592,サンバイオ,1819.0,2119.0,2063.8,2048.7,,4312400,1.91,,,,,
2026-05-14,4883,モダリス,68.0,66.8,60.4,58.3,,4253500,0.31,,,,,
2026-05-14,6479,ミネベアミツミ,3978.0,3659.2,3196.9,3020.3,,4083300,1.4,,,,,
2026-05-14,6619,ダブル・スコープ,278.0,251.4,235.8,208.9,,4075900,1.98,,,,,
2026-05-14,8766,東京海上ホールディングス,7362.0,7210.2,7120.7,6763.5,,3937400,0.69,,,,,
2026-05-14,5711,三菱マテリアル,5362.0,5685.0,5471.6,5325.6,,3907200,3.1,,,,,
2026-05-14,7762,シチズン時計,2263.0,2088.8,1897.0,1787.7,,3866300,3.29,,,,,
2026-05-14,7912,大日本印刷,2895.5,3150.9,3031.4,3019.4,,3820200,2.26,,,,,
2026-05-14,7220,武蔵精密工業,5780.0,5556.0,4352.0,3277.8,,3814300,1.3,,,,,
2026-05-14,8053,住友商事,7540.0,7410.6,6412.4,6190.6,,3789200,0.55,,,,,
2026-05-14,6613,ＱＤレーザ,1579.0,1688.2,1509.7,1180.3,,3773000,0.47,,,,,
2026-05-14,8591,オリックス,5787.0,5716.4,5202.4,5067.4,,3688600,0.71,,,,,
2026-05-14,4182,三菱瓦斯化学,5002.0,4819.2,4444.1,4260.5,,3574400,2.67,,,,,
2026-05-14,4042,東ソー,2618.0,2670.0,2485.4,2478.4,,3381000,1.51,,,,,
2026-05-14,5713,住友金属鉱山,10565.0,10576.0,10155.4,10078.2,,3379600,0.91,,,,,
2026-05-14,5985,サンコール,1875.0,2002.2,1749.0,1589.3,,3378400,2.28,,,,,
2026-05-14,7180,九州フィナンシャルグループ,1403.5,1324.3,1297.0,1256.6,,3280000,2.81,,,,,
2026-05-14,9519,レノバ,1302.0,1230.4,1095.2,888.1,,3271700,1.98,,,,,
2026-05-14,6645,オムロン,5914.0,6143.0,5420.8,4972.9,,3238700,1.55,,,,,
2026-05-14,6361,荏原製作所,5729.0,5792.4,5393.6,5148.8,,3227300,0.97,,,,,
2026-05-14,2432,ディー・エヌ・エー,2630.0,2637.6,2633.2,2607.5,,3210800,1.59,,,,,
2026-05-14,3968,セグエグループ,552.0,561.4,534.4,519.9,,3208600,13.35,,,,,
2026-05-14,6871,日本マイクロニクス,16570.0,14718.0,13211.5,11828.7,,3123500,3.28,,,,,
2026-05-14,3923,ラクス,846.7,876.8,862.1,813.0,,3010300,1.08,,,,,
2026-05-14,4588,オンコリスバイオファーマ,2910.0,2837.8,2812.8,2622.2,,2839600,3.53,,,,,
2026-05-14,7167,めぶきフィナンシャルグループ,1370.5,1350.2,1314.3,1278.3,,2772200,0.99,,,,,
2026-05-14,8015,豊田通商,7370.0,7126.2,6533.9,6484.0,,2687000,0.73,,,,,
2026-05-14,6232,ＡＣＳＬ,2931.0,3092.6,2339.7,1747.2,,2649800,0.4,,,,,
2026-05-14,8331,千葉銀行,2245.5,2221.6,2167.3,2160.3,,2619800,1.03,,,,,
2026-05-14,9147,ＮＩＰＰＯＮ　ＥＸＰＲＥＳＳホールディングス,4588.0,4433.8,4055.7,3816.7,,2526100,1.4,,,,,
2026-05-14,8309,三井住友トラストグループ,5636.0,5564.6,5362.5,5265.4,,2454000,1.02,,,,,
2026-05-14,2334,イオレ,531.0,551.4,465.5,417.1,,2397100,0.61,,,,,
2026-05-14,3110,日東紡績,26190.0,28094.0,27885.0,24095.7,,2389100,1.06,,,,,
2026-05-14,6383,ダイフク,7502.0,7630.0,6825.0,6240.7,,2304700,0.93,,,,,
2026-05-14,9502,中部電力,2715.5,2732.6,2726.3,2642.0,,2275800,0.73,,,,,
2026-05-14,7004,カナデビア,1348.0,1311.8,1233.7,1114.1,,2254900,1.48,,,,,
2026-05-14,6113,アマダ,2964.0,2941.7,2646.3,2466.8,,2069300,1.09,,,,,
2026-05-14,6480,日本トムソン,1889.0,1699.8,1208.6,1045.0,,2052000,1.33,,,,,
2026-05-14,4385,メルカリ,4193.0,4026.4,3924.8,3702.2,,2051700,0.85,,,,,
2026-05-14,8035,東京エレクトロン,51200.0,51846.0,47069.5,43007.0,,2051400,0.59,,,,,
2026-05-14,7162,アストマックス,299.0,378.0,277.4,239.9,,2036700,0.74,,,,,
2026-05-14,6862,ミナトホールディングス,2975.0,3381.0,2822.8,2512.6,,2008500,2.55,,,,,
2026-05-14,7911,ＴＯＰＰＡＮホールディングス,5372.0,5397.0,4844.6,4826.9,,1949100,0.98,,,,,
2026-05-14,8283,ＰＡＬＴＡＣ,6630.0,5524.8,4877.7,4845.5,,1948500,19.42,,,,,
2026-05-14,6855,日本電子材料,8510.0,8156.0,7092.0,7053.5,,1945900,2.41,,,,,
2026-05-14,6890,フェローテック,9800.0,9608.0,7853.5,6843.8,,1927400,1.27,,,,,
2026-05-14,6268,ナブテスコ,5704.0,5698.0,5056.2,4665.3,,1903500,0.94,,,,,
2026-05-14,5332,ＴＯＴＯ,7235.0,7059.0,5938.3,5802.0,,1886400,1.01,,,,,
2026-05-14,6674,ジーエス・ユアサ　コーポレーション,6286.0,6504.0,6468.8,5654.8,,1883500,1.62,,,,,
2026-05-14,5334,日本特殊陶業,9757.0,9351.6,8598.5,7929.5,,1849500,1.58,,,,,
2026-05-14,6141,ＤＭＧ森精機,3632.0,3747.8,3043.2,2808.9,,1795700,0.64,,,,,
2026-05-14,6724,セイコーエプソン,2496.0,2471.6,2207.2,2087.2,,1760800,0.56,,,,,
2026-05-14,5333,ＮＧＫ,5787.0,5611.2,4872.9,4419.2,,1649100,0.79,,,,,
2026-05-14,5805,ＳＷＣＣ,16990.0,17704.0,15681.5,14622.8,,1637400,3.22,,,,,
2026-05-14,4651,サニックスホールディングス,254.0,245.0,241.3,220.3,,1618700,1.25,,,,,
2026-05-14,4478,フリー,2151.0,2347.2,2324.1,2181.7,,1609300,2.51,,,,,
2026-05-14,4419,Ｆｉｎａｔｅｘｔホールディングス,1160.0,1251.6,1157.5,1001.9,,1587300,2.35,,,,,
2026-05-14,4344,ソースネクスト,132.0,131.4,127.8,126.9,,1577600,2.08,,,,,
2026-05-14,4368,扶桑化学工業,4200.0,3828.0,3281.2,3081.6,,1557700,1.82,,,,,
2026-05-14,6481,ＴＨＫ,7675.0,7215.4,6076.9,5361.2,,1533200,1.04,,,,,
2026-05-14,6134,ＦＵＪＩ,7201.0,6887.6,6131.5,5591.9,,1532400,2.82,,,,,
2026-05-14,6055,ジャパンマテリアル,2012.0,2072.2,1901.1,1872.0,,1529800,1.71,,,,,
2026-05-14,9962,ミスミグループ本社,3374.0,3392.2,3230.1,3024.2,,1507500,0.61,,,,,
2026-05-14,6323,ローツェ,3997.0,3975.2,3824.6,3309.6,,1479100,0.67,,,,,
2026-05-14,6754,アンリツ,4144.0,4144.8,3767.6,3166.2,,1471700,0.51,,,,,
2026-05-14,6779,日本電波工業,2290.0,2224.4,1925.5,1487.3,,1460100,1.06,,,,,
2026-05-14,4449,ギフティ,1040.0,1173.2,1131.9,1094.9,,1458500,2.82,,,,,
2026-05-14,8359,八十二長野銀行,2325.0,2303.5,2145.2,2055.5,,1445200,0.87,,,,,
2026-05-14,6768,タムラ製作所,954.0,919.2,813.4,722.6,,1442600,0.97,,,,,
2026-05-14,6235,オプトラン,4325.0,4585.0,4010.2,3233.3,,1413900,1.65,,,,,
2026-05-14,2267,ヤクルト本社,2784.5,2807.1,2738.8,2667.0,,1391500,0.36,,,,,
2026-05-14,8368,百五銀行,1933.0,1872.4,1818.3,1652.2,,1382200,1.33,,,,,
2026-05-14,3105,日清紡ホールディングス,2266.5,2216.1,1977.8,1724.5,,1360900,0.85,,,,,
2026-05-14,6298,ワイエイシイホールディングス,1441.0,1268.4,1209.7,1132.2,,1356700,8.09,,,,,
2026-05-14,6367,ダイキン工業,25025.0,24751.0,22442.8,20567.7,,1355600,0.78,,,,,
2026-05-14,5563,新日本電工,483.0,464.4,443.4,433.5,,1354400,1.58,,,,,
2026-05-14,6703,沖電気工業,3165.0,3387.0,3336.0,3026.2,,1342700,1.87,,,,,
2026-05-14,5702,大紀アルミニウム工業所,1787.0,1637.2,1539.5,1449.7,,1315400,5.33,,,,,
2026-05-14,3774,インターネットイニシアティブ,2959.5,2959.3,2770.3,2489.5,,1295600,1.53,,,,,
2026-05-14,3563,ＦＯＯＤ　＆　ＬＩＦＥ　ＣＯＭＰＡＮＩＥＳ,10695.0,10496.0,9609.9,9581.1,,1263900,0.69,,,,,
2026-05-14,6923,スタンレー電気,3446.0,3289.0,3078.9,3031.9,,1251700,1.47,,,,,
2026-05-14,5991,日本発條,3500.0,3275.5,2837.9,2785.9,,1251200,1.01,,,,,
2026-05-14,6952,カシオ計算機,1690.5,1686.5,1676.2,1566.3,,1219600,0.61,,,,,
2026-05-14,4061,デンカ,4256.0,4336.0,3988.8,3625.7,,1190500,0.95,,,,,
2026-05-14,1942,関電工,6929.0,7150.6,6531.1,6395.1,,1185500,0.52,,,,,
2026-05-14,1951,エクシオグループ,2863.5,2953.2,2867.1,2815.3,,1180000,1.83,,,,,
2026-05-14,4186,東京応化工業,11545.0,11016.6,9648.0,8856.3,,1177900,0.77,,,,,
2026-05-14,5393,ニチアス,3577.0,3480.2,3205.9,3013.2,,1164500,1.27,,,,,
2026-05-14,3905,データセクション,2149.0,2225.4,1693.3,1628.5,,1153000,0.52,,,,,
2026-05-14,6941,山一電機,9890.0,10722.0,10382.0,9156.5,,1101700,3.45,,,,,
2026-05-14,4022,ラサ工業,2443.0,2415.0,2045.3,1866.3,,1084100,0.81,,,,,
2026-05-14,6264,マルマエ,2594.0,2491.8,2042.8,1799.0,,1082200,0.77,,,,,
2026-05-14,5232,住友大阪セメント,5180.0,4384.8,4119.8,4115.4,,1076200,4.1,,,,,
2026-05-14,9301,三菱倉庫,1410.0,1429.1,1405.2,1389.2,,1045300,0.7,,,,,
2026-05-14,6997,日本ケミコン,3415.0,3225.0,2558.6,1913.4,,1043000,1.16,,,,,
2026-05-14,7419,ノジマ,1315.0,1278.4,1207.3,1146.0,,1033900,0.72,,,,,
2026-05-14,4043,トクヤマ,4865.0,4576.6,4048.8,3993.3,,1017200,0.77,,,,,
2026-05-14,4203,住友ベークライト,6700.0,6366.2,5577.9,5456.6,,994600,0.85,,,,,
2026-05-14,7256,河西工業,500.0,485.0,365.6,307.7,,993800,0.22,,,,,
2026-05-14,8439,東京センチュリー,2402.5,2336.4,2180.9,2151.1,,992100,1.07,,,,,
2026-05-14,7729,東京精密,17765.0,18613.0,17307.8,16043.2,,986600,2.55,,,,,
2026-05-14,6629,テクノホライゾン,1311.0,1356.2,1153.5,1028.8,,972500,0.6,,,,,
2026-05-14,1721,コムシスホールディングス,5809.0,5722.8,5550.1,5402.9,,957700,1.03,,,,,
2026-05-14,5844,京都フィナンシャルグループ,4400.0,4419.8,4361.6,4185.8,,946800,1.04,,,,,
2026-05-14,6644,大崎電気工業,1734.0,1987.2,1974.7,1805.3,,922800,1.91,,,,,
2026-05-14,7337,ひろぎんホールディングス,2015.5,1945.8,1884.5,1857.8,,920800,1.14,,,,,
2026-05-14,6999,ＫＯＡ,2113.0,2031.6,1954.6,1778.1,,919900,1.09,,,,,
2026-05-14,4816,東映アニメーション,2600.0,2722.6,2715.0,2590.0,,914600,1.98,,,,,
2026-05-14,4369,トリケミカル研究所,3640.0,3475.0,3238.7,3150.4,,914400,1.15,,,,,
2026-05-14,3863,日本製紙,1476.0,1470.8,1406.6,1310.0,,912500,0.62,,,,,
2026-05-14,8354,ふくおかフィナンシャルグループ,6552.0,6565.4,6437.1,6397.5,,906300,1.38,,,,,
2026-05-14,6958,日本シイエムケイ,661.0,653.2,623.0,598.7,,898900,0.89,,,,,
2026-05-14,8334,群馬銀行,2179.0,2184.8,2168.7,2165.6,,869400,0.61,,,,,
2026-05-14,6861,キーエンス,77310.0,80496.0,70459.0,63386.0,,866400,0.59,,,,,
2026-05-14,6254,野村マイクロ・サイエンス,4355.0,4456.0,3916.2,3425.1,,853200,1.05,,,,,
2026-05-14,9041,近鉄グループホールディングス,3567.0,3502.4,3403.9,3313.6,,845800,1.01,,,,,
2026-05-14,6370,栗田工業,8809.0,8869.4,8280.2,8076.2,,845700,1.19,,,,,
2026-05-14,9006,京浜急行電鉄,1551.5,1552.9,1550.0,1544.8,,843200,1.03,,,,,
2026-05-14,4021,日産化学,7406.0,7114.8,6743.0,6524.5,,826500,1.37,,,,,
2026-05-14,3132,マクニカホールディングス,3234.0,3064.8,2621.9,2511.9,,826500,0.65,,,,,
2026-05-14,8508,Ｊトラスト,664.0,669.4,637.0,576.9,,822800,0.84,,,,,
2026-05-14,1961,三機工業,2646.0,2602.6,2473.2,2425.9,,822200,1.2,,,,,
2026-05-14,6586,マキタ,5606.0,5792.0,5611.9,5582.7,,814400,0.76,,,,,
2026-05-14,6584,三櫻工業,878.0,859.2,765.5,752.7,,804100,1.3,,,,,
2026-05-14,8282,ケーズホールディングス,2066.0,1958.9,1819.1,1730.9,,799300,0.78,,,,,
2026-05-14,3237,イントランス,74.0,72.0,66.1,65.5,,793200,2.1,,,,,
2026-05-14,7322,三十三フィナンシャルグループ,1718.0,1704.6,1645.0,1563.1,,782500,1.74,,,,,
2026-05-14,6407,ＣＫＤ,7000.0,6802.0,6031.5,5255.0,,778800,1.39,,,,,
2026-05-14,7380,十六フィナンシャルグループ,2068.0,2097.0,2070.2,1943.7,,778500,1.39,,,,,
2026-05-14,4578,大塚ホールディングス,11405.0,11111.0,10884.5,10771.9,,778000,0.52,,,,,
2026-05-14,6504,富士電機,15435.0,15127.0,13015.0,12064.1,,776700,0.51,,,,,
2026-05-14,6273,ＳＭＣ,79470.0,82692.0,75350.0,70348.8,,768900,1.7,,,,,
2026-05-14,4772,ＳＭ　ＥＮＴＥＲＴＡＩＮＭＥＮＴ　ＪＡＰＡＮ,90.0,94.4,93.5,93.4,,763900,0.35,,,,,
2026-05-14,1945,東京エネシス,2385.0,2185.6,1904.5,1855.5,,760200,1.39,,,,,
2026-05-14,7956,ピジョン,1730.0,1736.0,1704.3,1662.5,,752800,0.61,,,,,
2026-05-14,6840,ＡＫＩＢＡホールディングス,764.0,761.4,604.8,536.8,,723800,0.71,,,,,
2026-05-14,6728,アルバック,10030.0,10641.0,10083.3,9742.7,,720800,1.54,,,,,
2026-05-14,1407,ウエストホールディングス,3070.0,3026.0,2568.4,2021.3,,714300,0.62,,,,,
2026-05-14,4565,ネクセラファーマ,1188.0,1197.2,1052.5,966.4,,712000,0.49,,,,,
2026-05-14,9069,センコーグループホールディングス,2006.0,1882.2,1875.7,1871.1,,701300,2.17,,,,,
2026-05-14,8032,日本紙パルプ商事,1200.0,1143.8,1109.9,1090.1,,693700,2.54,,,,,
2026-05-14,6103,オークマ,4900.0,4962.0,4493.5,4220.3,,692700,1.27,,,,,
2026-05-14,3444,菊池製作所,1397.0,1471.8,1350.3,968.4,,692500,0.3,,,,,
2026-05-14,8346,東邦銀行,700.0,697.6,687.0,683.2,,690200,0.85,,,,,
2026-05-14,6800,ヨコオ,5310.0,4795.0,4465.8,3605.7,,678200,2.68,,,,,
2026-05-14,6448,ブラザー工業,3486.0,3418.4,3124.8,3059.9,,674400,0.61,,,,,
2026-05-14,7707,プレシジョン・システム・サイエンス,233.0,256.4,228.4,225.6,,668800,0.68,,,,,
2026-05-14,4980,デクセリアルズ,3149.0,2787.5,2529.8,2390.9,,668100,0.39,,,,,
2026-05-14,4373,シンプレクス・ホールディングス,931.0,944.6,914.0,853.5,,666900,0.61,,,,,
2026-05-14,6996,ニチコン,2867.0,2730.0,2348.8,2081.8,,664400,0.74,,,,,
2026-05-14,6327,北川精機,2672.0,3102.4,2514.2,1912.2,,653300,0.81,,,,,
2026-05-14,6507,シンフォニアテクノロジー,15680.0,14970.0,14015.5,12660.3,,649600,3.92,,,,,
2026-05-14,6521,オキサイド,6460.0,6420.0,5133.8,4373.8,,643500,0.9,,,,,
2026-05-14,8600,トモニホールディングス,908.0,905.2,902.0,900.1,,637500,1.18,,,,,
2026-05-14,4169,ＥＮＥＣＨＡＮＧＥ,355.0,367.4,328.2,287.7,,628300,0.46,,,,,
2026-05-14,6994,指月電機製作所,1283.0,1326.2,1121.8,1034.6,,627900,1.71,,,,,
2026-05-14,5714,ＤＯＷＡホールディングス,10025.0,10314.0,9926.9,9824.7,,618700,1.38,,,,,
2026-05-14,2180,サニーサイドアップグループ,1315.0,1088.2,979.5,961.1,,618300,10.75,,,,,
2026-05-14,6101,ツガミ,5920.0,5804.0,4796.2,4049.4,,616300,1.17,,,,,
2026-05-14,5384,フジミインコーポレーテッド,3755.0,3610.0,3196.8,3050.0,,600900,1.2,,,,,
2026-05-14,8051,山善,1668.0,1578.6,1557.8,1513.5,,599600,2.84,,,,,
2026-05-14,6135,牧野フライス製作所,13960.0,13640.0,12262.5,11804.0,,597000,1.16,,,,,
2026-05-14,6368,オルガノ,18905.0,18324.0,16478.8,15785.2,,587000,2.28,,,,,
2026-05-14,6498,キッツ,2139.0,2226.4,2156.7,2042.9,,584400,1.43,,,,,
2026-05-14,4047,関東電化工業,2175.0,2004.6,1754.8,1623.6,,583500,1.72,,,,,
2026-05-14,6524,湖北工業,7010.0,6768.0,5576.8,4785.5,,573100,1.47,,,,,
2026-05-14,6356,日本ギア工業,1438.0,1474.0,1439.3,1413.3,,572700,0.46,,,,,
2026-05-14,8050,セイコーグループ,6240.0,6238.0,6216.0,6074.4,,567900,2.42,,,,,
2026-05-14,7915,ＮＩＳＳＨＡ,1534.0,1375.8,1323.6,1296.9,,562100,2.12,,,,,
2026-05-14,6986,双葉電子工業,654.0,716.8,710.5,698.3,,556200,1.31,,,,,
2026-05-14,5727,東邦チタニウム,3120.0,3500.0,3417.0,2819.9,,555000,0.95,,,,,
2026-05-14,5703,日本軽金属ホールディングス,3040.0,2956.2,2937.4,2910.0,,551900,2.2,,,,,
2026-05-14,8544,京葉銀行,2364.0,2242.0,2198.9,2137.8,,549600,1.39,,,,,
2026-05-14,4055,ティアンドエスグループ,2130.0,2329.6,1879.3,1677.8,,549000,0.96,,,,,
2026-05-14,6143,ソディック,1692.0,1772.4,1564.9,1435.3,,548800,0.81,,,,,
2026-05-14,8386,百十四銀行,2412.0,2402.2,2383.6,2289.8,,545800,1.5,,,,,
2026-05-14,7199,プレミアグループ,1884.0,1933.0,1850.7,1807.3,,542000,0.78,,,,,
2026-05-14,7381,ＣＣＩグループ,1045.0,1021.4,988.0,986.4,,531000,0.67,,,,,
2026-05-14,8078,阪和興業,1761.0,1717.4,1660.8,1656.2,,530700,0.97,,,,,
2026-05-14,9514,エフオン,433.0,394.6,378.6,367.6,,514700,1.96,,,,,
2026-05-14,6136,オーエスジー,3491.0,3493.8,3187.0,2851.9,,509600,0.8,,,,,
2026-05-14,7717,ブイ・テクノロジー,5450.0,5117.0,4940.2,4568.2,,504200,1.45,,,,,
2026-05-14,4819,デジタルガレージ,2772.0,2688.4,2475.1,2188.4,,503700,0.78,,,,,
2026-05-14,4222,児玉化学工業,1194.0,1224.4,1164.8,1130.0,,501500,1.54,,,,,
2026-05-15,8918,ランド,10.0,10.2,10.1,9.6,,218909200,0.93,,,,,
2026-05-15,5803,フジクラ,5819.0,6897.0,6231.8,4976.0,,128904500,2.53,,,,,
2026-05-15,9434,ソフトバンク,225.0,222.2,221.1,216.5,,85367500,1.06,,,,,
2026-05-15,9984,ソフトバンクグループ,5745.0,5851.4,5441.4,4390.7,,69924000,0.85,,,,,
2026-05-15,8306,三菱ＵＦＪフィナンシャル・グループ,2929.0,2895.0,2850.2,2800.9,,47220900,1.31,,,,,
2026-05-15,4005,住友化学,623.6,561.5,526.8,524.7,,30518900,2.04,,,,,
2026-05-15,6723,ルネサスエレクトロニクス,3647.0,3665.2,3224.2,2802.2,,19071900,0.81,,,,,
2026-05-15,6526,ソシオネクスト,2426.0,2320.2,2036.2,1937.3,,19064500,1.61,,,,,
2026-05-15,3436,ＳＵＭＣＯ,3090.0,3479.0,2678.0,2032.8,,17626900,0.89,,,,,
2026-05-15,8316,三井住友フィナンシャルグループ,5702.0,5735.8,5584.0,5500.8,,15463800,1.15,,,,,
2026-05-15,6752,パナソニック　ホールディングス,3293.0,3336.8,3127.4,2776.3,,14918100,1.16,,,,,
2026-05-15,6954,ファナック,8228.0,7851.6,6941.4,6397.1,,14410600,1.33,,,,,
2026-05-15,6762,ＴＤＫ,2993.0,2975.7,2730.2,2363.2,,13723700,0.89,,,,,
2026-05-15,6594,ニデック,2573.0,2654.8,2458.1,2318.2,,13620200,1.29,,,,,
2026-05-15,6472,ＮＴＮ,410.8,440.7,382.6,369.0,,13443900,1.64,,,,,
2026-05-15,6613,ＱＤレーザ,1727.0,1663.0,1535.0,1198.5,,13178900,1.68,,,,,
2026-05-15,6981,村田製作所,6151.0,6123.4,5230.7,4239.3,,13040900,0.82,,,,,
2026-05-15,8411,みずほフィナンシャルグループ,6912.0,6961.2,6789.6,6644.2,,10413100,1.08,,,,,
2026-05-15,5802,住友電気工業,10980.0,11744.0,10632.4,10045.5,,10409100,1.33,,,,,
2026-05-15,8308,りそなホールディングス,2042.0,2040.5,1944.6,1872.9,,10223500,1.03,,,,,
2026-05-15,6503,三菱電機,6416.0,6428.0,6142.6,5728.6,,8906700,1.09,,,,,
2026-05-15,4901,富士フイルムホールディングス,3110.0,3194.6,3066.7,3055.3,,8770700,1.11,,,,,
2026-05-15,6098,リクルートホールディングス,7825.0,7735.6,7534.8,6930.4,,8557900,1.38,,,,,
2026-05-15,3810,サイバーステップホールディングス,375.0,362.2,264.8,252.2,,8538400,1.37,,,,,
2026-05-15,4062,イビデン,15660.0,16377.0,12948.6,10024.5,,8307900,0.84,,,,,
2026-05-15,7733,オリンパス,1720.0,1693.3,1597.3,1514.1,,7977800,1.16,,,,,
2026-05-15,6965,浜松ホトニクス,2657.0,2263.1,2057.3,1973.0,,7842200,1.82,,,,,
2026-05-15,4902,コニカミノルタ,583.3,557.5,553.6,548.3,,7698500,1.93,,,,,
2026-05-15,8766,東京海上ホールディングス,7568.0,7317.8,7149.1,6785.5,,7584600,1.36,,,,,
2026-05-15,4063,信越化学工業,7105.0,7418.4,7078.2,6486.4,,7528300,0.78,,,,,
2026-05-15,6315,ＴＯＷＡ,2579.0,2817.2,2814.8,2678.2,,7143200,0.94,,,,,
2026-05-15,6506,安川電機,6987.0,6903.4,5810.8,5089.3,,6836600,1.18,,,,,
2026-05-15,5801,古河電気工業,54480.0,52738.0,46130.0,35485.2,,6507600,1.22,,,,,
2026-05-15,6971,京セラ,2884.0,2881.2,2756.4,2625.8,,6408300,0.98,,,,,
2026-05-15,6963,ローム,4180.0,4100.8,3772.0,3346.8,,6322400,0.73,,,,,
2026-05-15,7868,広済堂ホールディングス,633.0,680.0,576.3,518.0,,6307200,1.31,,,,,
2026-05-15,1963,日揮ホールディングス,2710.5,2479.3,2458.4,2370.4,,6228100,2.7,,,,,
2026-05-15,7911,ＴＯＰＰＡＮホールディングス,4480.0,5233.6,4840.2,4817.4,,6030400,3.0,,,,,
2026-05-15,6361,荏原製作所,5533.0,5749.0,5415.9,5150.6,,5374800,1.58,,,,,
2026-05-15,6471,日本精工,1211.0,1296.1,1240.7,1224.7,,5084900,1.22,,,,,
2026-05-15,4883,モダリス,64.0,66.0,61.0,58.4,,5082900,0.42,,,,,
2026-05-15,4004,レゾナック・ホールディングス,17200.0,17674.0,14809.8,12512.9,,4930400,1.37,,,,,
2026-05-15,7936,アシックス,4506.0,4653.4,4571.9,4507.7,,4929100,0.94,,,,,
2026-05-15,4022,ラサ工業,2048.0,2364.6,2058.3,1870.0,,4589200,4.02,,,,,
2026-05-15,2802,味の素,5269.0,5446.4,4931.4,4690.7,,4499600,0.65,,,,,
2026-05-15,5301,東海カーボン,1530.0,1413.8,1157.8,1052.3,,4269000,1.36,,,,,
2026-05-15,6113,アマダ,2813.0,2925.0,2663.6,2475.1,,4252300,2.14,,,,,
2026-05-15,5074,テスホールディングス,797.0,995.0,795.6,662.6,,4174500,0.95,,,,,
2026-05-15,5713,住友金属鉱山,10275.0,10508.0,10175.8,10069.6,,4067900,1.06,,,,,
2026-05-15,6952,カシオ計算機,1694.0,1694.6,1678.0,1567.3,,3911200,2.07,,,,,
2026-05-15,8309,三井住友トラストグループ,5623.0,5608.0,5376.4,5262.9,,3861900,1.52,,,,,
2026-05-15,6232,ＡＣＳＬ,3115.0,3130.2,2405.1,1779.8,,3731300,0.74,,,,,
2026-05-15,7162,アストマックス,330.0,352.4,282.4,241.8,,3698100,1.25,,,,,
2026-05-15,6976,太陽誘電,6762.0,6693.6,6363.3,5027.5,,3570300,0.78,,,,,
2026-05-15,8591,オリックス,5772.0,5815.4,5249.3,5070.0,,3566600,0.67,,,,,
2026-05-15,2432,ディー・エヌ・エー,2715.5,2645.6,2638.7,2607.0,,3409600,1.58,,,,,
2026-05-15,7956,ピジョン,1855.0,1758.1,1713.4,1665.9,,3355000,2.77,,,,,
2026-05-15,8331,千葉銀行,2280.0,2246.7,2170.8,2158.1,,3334200,1.28,,,,,
2026-05-15,6383,ダイフク,7197.0,7554.0,6864.6,6261.2,,3327400,1.28,,,,,
2026-05-15,7256,河西工業,443.0,486.8,374.1,312.3,,3324600,1.21,,,,,
2026-05-15,6254,野村マイクロ・サイエンス,4950.0,4550.0,3985.5,3446.1,,3298800,3.85,,,,,
2026-05-15,6085,アーキテクツ・スタジオ・ジャパン,504.0,528.8,479.0,329.2,,3280400,0.37,,,,,
2026-05-15,6324,ハーモニック・ドライブ・システムズ,7100.0,6700.0,5242.5,4463.0,,3213500,1.27,,,,,
2026-05-15,7735,ＳＣＲＥＥＮホールディングス,11335.0,11519.0,10936.0,10359.1,,3181900,1.32,,,,,
2026-05-15,6479,ミネベアミツミ,3944.0,3772.0,3251.0,3027.7,,3164100,1.0,,,,,
2026-05-15,6619,ダブル・スコープ,278.0,260.8,237.6,210.6,,3152100,1.35,,,,,
2026-05-15,7912,大日本印刷,2910.0,3100.7,3029.8,3015.0,,3126600,1.59,,,,,
2026-05-15,5706,三井金属,46640.0,50860.0,42563.0,35495.8,,2997400,1.09,,,,,
2026-05-15,8035,東京エレクトロン,50290.0,51414.0,47461.0,43156.8,,2986000,0.87,,,,,
2026-05-15,8015,豊田通商,7387.0,7255.0,6584.0,6491.9,,2944300,0.77,,,,,
2026-05-15,3099,三越伊勢丹ホールディングス,3301.0,3209.4,3100.1,3025.5,,2930400,1.23,,,,,
2026-05-15,9412,スカパーＪＳＡＴ,4180.0,4062.0,3505.7,3110.9,,2897500,0.91,,,,,
2026-05-15,4169,ＥＮＥＣＨＡＮＧＥ,294.0,350.0,327.5,288.1,,2853200,2.37,,,,,
2026-05-15,4259,エクサウィザーズ,956.0,876.0,781.0,699.2,,2816400,1.11,,,,,
2026-05-15,8053,住友商事,7510.0,7476.6,6486.1,6203.5,,2812200,0.4,,,,,
2026-05-15,4182,三菱瓦斯化学,4641.0,4831.0,4466.8,4269.1,,2780200,1.78,,,,,
2026-05-15,6134,ＦＵＪＩ,7993.0,7163.2,6255.8,5644.0,,2780000,4.19,,,,,
2026-05-15,5463,丸一鋼管,1922.5,1638.3,1513.7,1503.9,,2739700,4.21,,,,,
2026-05-15,6958,日本シイエムケイ,648.0,651.6,626.1,599.0,,2691800,2.58,,,,,
2026-05-15,4180,Ａｐｐｉｅｒ　Ｇｒｏｕｐ,967.0,1005.2,942.0,842.7,,2643700,1.45,,,,,
2026-05-15,6645,オムロン,5700.0,6033.6,5467.6,4987.6,,2612300,1.13,,,,,
2026-05-15,9502,中部電力,2715.5,2736.1,2722.9,2643.2,,2546700,0.8,,,,,
2026-05-15,6779,日本電波工業,2242.0,2235.2,1959.0,1507.9,,2505900,1.83,,,,,
2026-05-15,6590,芝浦メカトロニクス,5160.0,5144.0,4998.0,4878.4,,2474000,0.98,,,,,
2026-05-15,2371,カカクコム,3528.0,3210.3,2621.0,2134.3,,2458700,0.75,,,,,
2026-05-15,6855,日本電子材料,7220.0,8044.0,7123.0,7038.3,,2372900,2.45,,,,,
2026-05-15,7180,九州フィナンシャルグループ,1417.5,1356.0,1302.9,1256.9,,2364300,1.68,,,,,
2026-05-15,8508,Ｊトラスト,708.0,674.8,641.7,580.6,,2360300,2.3,,,,,
2026-05-15,6754,アンリツ,4239.0,4146.0,3809.9,3196.3,,2351200,0.8,,,,,
2026-05-15,7826,フルヤ金属,10080.0,9362.0,7966.5,7240.2,,2329600,5.5,,,,,
2026-05-15,6890,フェローテック,9460.0,9584.0,7979.5,6900.7,,2302900,1.43,,,,,
2026-05-15,6845,アズビル,1510.5,1456.2,1441.8,1414.4,,2274200,1.31,,,,,
2026-05-15,5844,京都フィナンシャルグループ,4413.0,4423.4,4363.6,4192.9,,2254500,2.4,,,,,
2026-05-15,3905,データセクション,2343.0,2276.2,1742.3,1633.2,,2238800,0.98,,,,,
2026-05-15,5334,日本特殊陶業,9679.0,9551.6,8676.6,7978.2,,2196000,1.69,,,,,
2026-05-15,7167,めぶきフィナンシャルグループ,1377.5,1363.0,1316.0,1278.9,,2181400,0.78,,,,,
2026-05-15,5985,サンコール,1619.0,1901.2,1755.5,1597.1,,2152000,1.3,,,,,
2026-05-15,8714,池田泉州ホールディングス,955.0,937.2,932.4,896.8,,2143100,1.85,,,,,
2026-05-15,5333,ＮＧＫ,5696.0,5675.6,4937.1,4444.4,,2140600,0.99,,,,,
2026-05-15,7762,シチズン時計,2256.0,2142.8,1920.2,1800.5,,2133500,1.43,,,,,
2026-05-15,8524,北洋銀行,995.0,994.0,993.1,992.1,,2130300,0.85,,,,,
2026-05-15,4385,メルカリ,4173.0,4052.6,3953.3,3710.6,,2084700,0.83,,,,,
2026-05-15,6480,日本トムソン,1800.0,1813.8,1248.7,1056.3,,1987500,1.15,,,,,
2026-05-15,9147,ＮＩＰＰＯＮ　ＥＸＰＲＥＳＳホールディングス,4710.0,4502.2,4098.3,3832.3,,1967600,1.0,,,,,
2026-05-15,5563,新日本電工,498.0,472.8,446.6,435.0,,1963000,2.07,,,,,
2026-05-15,8359,八十二長野銀行,2388.0,2340.8,2160.2,2059.0,,1960900,1.15,,,,,
2026-05-15,7004,カナデビア,1402.0,1337.2,1243.2,1118.7,,1948700,1.19,,,,,
2026-05-15,6323,ローツェ,3739.0,3943.4,3808.6,3313.3,,1938700,0.87,,,,,
2026-05-15,9301,三菱倉庫,1425.0,1428.6,1405.8,1390.3,,1931200,1.29,,,,,
2026-05-15,6724,セイコーエプソン,2488.0,2480.8,2228.3,2092.9,,1912900,0.64,,,,,
2026-05-15,4061,デンカ,3876.0,4237.6,3993.6,3638.3,,1901300,1.65,,,,,
2026-05-15,4042,東ソー,2627.0,2668.4,2497.8,2478.0,,1876900,0.75,,,,,
2026-05-15,7220,武蔵精密工業,5440.0,5560.0,4465.5,3327.9,,1866000,0.61,,,,,
2026-05-15,4776,サイボウズ,2392.0,2205.4,2152.4,2135.6,,1779700,2.69,,,,,
2026-05-15,4324,電通グループ,3035.0,3042.0,3039.2,2894.9,,1744000,1.15,,,,,
2026-05-15,5711,三菱マテリアル,5428.0,5658.2,5469.9,5328.5,,1744000,1.1,,,,,
2026-05-15,3863,日本製紙,1450.0,1470.6,1413.2,1314.5,,1738300,1.18,,,,,
2026-05-15,6994,指月電機製作所,1008.0,1275.0,1119.7,1037.0,,1716200,4.19,,,,,
2026-05-15,4246,ダイキョーニシカワ,1069.0,954.2,886.5,882.8,,1669100,3.64,,,,,
2026-05-15,9962,ミスミグループ本社,3229.0,3340.0,3242.4,3025.0,,1634000,0.64,,,,,
2026-05-15,6871,日本マイクロニクス,15300.0,14972.0,13373.0,11907.8,,1632600,1.36,,,,,
2026-05-15,6997,日本ケミコン,2996.0,3192.2,2620.3,1937.4,,1608000,1.78,,,,,
2026-05-15,6481,ＴＨＫ,7572.0,7432.4,6173.9,5400.7,,1605900,1.02,,,,,
2026-05-15,6268,ナブテスコ,5657.0,5709.8,5105.9,4680.9,,1598800,0.74,,,,,
2026-05-15,9519,レノバ,1346.0,1267.6,1112.7,898.0,,1571100,0.92,,,,,
2026-05-15,4222,児玉化学工業,894.0,1170.2,1153.5,1129.0,,1565300,4.5,,,,,
2026-05-15,6141,ＤＭＧ森精機,3569.0,3714.6,3085.8,2816.5,,1563200,0.54,,,,,
2026-05-15,5714,ＤＯＷＡホールディングス,11640.0,10606.0,10025.0,9849.2,,1539600,3.23,,,,,
2026-05-15,5332,ＴＯＴＯ,7127.0,7067.8,6028.6,5825.6,,1517200,0.78,,,,,
2026-05-15,2267,ヤクルト本社,2761.5,2774.5,2745.0,2668.7,,1514400,0.51,,,,,
2026-05-15,6504,富士電機,15135.0,15194.0,13202.5,12124.7,,1511400,0.98,,,,,
2026-05-15,5741,ＵＡＣＪ,3115.0,2903.6,2884.7,2659.3,,1463100,1.82,,,,,
2026-05-15,6584,三櫻工業,773.0,855.6,769.2,752.0,,1444300,2.13,,,,,
2026-05-15,7419,ノジマ,1325.0,1293.6,1218.0,1149.9,,1406600,1.04,,,,,
2026-05-15,6258,平田機工,3050.0,3519.0,3237.0,2863.8,,1390000,3.61,,,,,
2026-05-15,4186,東京応化工業,10760.0,11231.0,9733.5,8896.8,,1389100,0.91,,,,,
2026-05-15,7276,小糸製作所,2850.0,2739.2,2605.9,2602.7,,1386000,1.19,,,,,
2026-05-15,6768,タムラ製作所,929.0,918.2,823.4,726.9,,1349900,0.91,,,,,
2026-05-15,6473,ジェイテクト,2027.0,2013.2,1843.8,1838.8,,1345900,0.71,,,,,
2026-05-15,8358,スルガ銀行,2336.0,2288.2,2277.1,2117.1,,1345400,1.37,,,,,
2026-05-15,6235,オプトラン,3980.0,4417.0,4041.5,3263.1,,1328600,1.45,,,,,
2026-05-15,4043,トクヤマ,4645.0,4643.0,4092.9,3999.7,,1280700,0.93,,,,,
2026-05-15,8439,東京センチュリー,2294.0,2355.8,2191.9,2151.7,,1263000,1.29,,,,,
2026-05-15,4980,デクセリアルズ,3849.0,3013.4,2606.0,2414.8,,1252400,0.75,,,,,
2026-05-15,3105,日清紡ホールディングス,2232.5,2242.0,2007.3,1735.4,,1243600,0.77,,,,,
2026-05-15,4392,ＦＩＧ,910.0,756.8,449.5,368.2,,1215800,0.19,,,,,
2026-05-15,4819,デジタルガレージ,2332.0,2631.4,2485.6,2190.6,,1209000,2.25,,,,,
2026-05-15,8346,東邦銀行,705.0,700.0,687.2,682.3,,1192000,1.42,,,,,
2026-05-15,6367,ダイキン工業,25370.0,24915.0,22699.5,20667.2,,1190800,0.67,,,,,
2026-05-15,2334,イオレ,543.0,553.4,473.1,419.2,,1179300,0.29,,,,,
2026-05-15,8368,百五銀行,1953.0,1901.2,1825.3,1657.4,,1171800,1.05,,,,,
2026-05-15,6273,ＳＭＣ,67880.0,79696.0,75155.0,70284.5,,1165400,2.3,,,,,
2026-05-15,4368,扶桑化学工業,4045.0,3987.0,3334.9,3100.3,,1162700,1.23,,,,,
2026-05-15,6448,ブラザー工業,3527.0,3478.8,3149.0,3066.2,,1159700,1.09,,,,,
2026-05-15,6787,メイコー,36200.0,33750.0,30787.0,26487.0,,1154400,2.83,,,,,
2026-05-15,5597,ブルーイノベーション,2218.0,2230.8,1927.2,1691.2,,1146800,2.1,,,,,
2026-05-15,6923,スタンレー電気,3487.0,3364.2,3105.3,3037.7,,1117500,1.2,,,,,
2026-05-15,5384,フジミインコーポレーテッド,3290.0,3591.0,3213.7,3052.8,,1096600,2.07,,,,,
2026-05-15,9041,近鉄グループホールディングス,3622.0,3535.8,3419.1,3317.9,,1094100,1.27,,,,,
2026-05-15,8283,ＰＡＬＴＡＣ,6631.0,5919.2,4972.1,4872.6,,1066200,3.71,,,,,
2026-05-15,2222,寿スピリッツ,2121.5,2034.3,2026.4,1961.0,,1061600,1.87,,,,,
2026-05-15,6363,酉島製作所,2841.0,3289.2,3234.6,2957.1,,1057500,6.43,,,,,
2026-05-15,8366,滋賀銀行,2056.0,1977.2,1957.2,1850.3,,1035300,1.36,,,,,
2026-05-15,6370,栗田工業,9000.0,8939.8,8325.7,8088.1,,1030400,1.4,,,,,
2026-05-15,4565,ネクセラファーマ,1172.0,1198.2,1060.3,971.3,,1027700,0.71,,,,,
2026-05-15,8334,群馬銀行,2232.0,2198.4,2166.6,2164.0,,1025100,0.72,,,,,
2026-05-15,6407,ＣＫＤ,6790.0,6830.0,6088.5,5290.8,,1024100,1.67,,,,,
2026-05-15,6143,ソディック,1664.0,1753.4,1573.1,1443.0,,1017100,1.43,,,,,
2026-05-15,3563,ＦＯＯＤ　＆　ＬＩＦＥ　ＣＯＭＰＡＮＩＥＳ,10340.0,10504.0,9647.8,9596.3,,1007400,0.53,,,,,
2026-05-15,7337,ひろぎんホールディングス,2053.5,1985.0,1891.9,1859.0,,1002000,1.18,,,,,
2026-05-15,1942,関電工,6845.0,7110.4,6561.2,6402.4,,999100,0.43,,,,,
2026-05-15,7707,プレシジョン・システム・サイエンス,243.0,253.0,229.8,225.7,,976200,0.94,,,,,
2026-05-15,3132,マクニカホールディングス,3241.0,3160.0,2667.7,2521.7,,971500,0.76,,,,,
2026-05-15,3774,インターネットイニシアティブ,3035.0,2971.2,2794.9,2503.0,,970400,1.06,,,,,
2026-05-15,5408,中山製鋼所,670.0,644.0,622.8,622.6,,969900,1.86,,,,,
2026-05-15,4203,住友ベークライト,6572.0,6571.4,5642.9,5468.6,,959700,0.78,,,,,
2026-05-15,5258,トランザクション・メディア・ネットワークス,376.0,343.6,321.9,319.4,,956600,6.84,,,,,
2026-05-15,8600,トモニホールディングス,878.0,903.0,900.1,898.4,,955400,1.68,,,,,
2026-05-15,6862,ミナトホールディングス,2729.0,3149.8,2843.7,2526.1,,952900,1.01,,,,,
2026-05-15,6055,ジャパンマテリアル,1992.0,2080.0,1911.0,1872.4,,948300,0.95,,,,,
2026-05-15,6264,マルマエ,2404.0,2459.6,2069.1,1812.0,,942400,0.68,,,,,
2026-05-15,6914,オプテックスグループ,4400.0,3563.0,3091.0,2919.7,,921500,5.5,,,,,
2026-05-15,4578,大塚ホールディングス,11235.0,11153.0,10922.0,10794.6,,917100,0.62,,,,,
2026-05-15,6278,ユニオンツール,20160.0,19436.0,17386.0,15575.0,,909800,2.43,,,,,
2026-05-15,4047,関東電化工業,2050.0,2043.4,1775.6,1633.8,,906100,2.36,,,,,
2026-05-15,4651,サニックスホールディングス,254.0,247.6,242.4,220.6,,902800,0.69,,,,,
2026-05-15,5805,ＳＷＣＣ,15590.0,17436.0,15757.0,14641.5,,884400,1.39,,,,,
2026-05-15,3993,ＰＫＳＨＡ　Ｔｅｃｈｎｏｌｏｇｙ,2902.0,3215.4,3200.2,3034.2,,871300,2.96,,,,,
2026-05-15,5381,マイポックス,1030.0,1221.4,1187.1,1012.3,,866700,3.03,,,,,
2026-05-15,5698,エンビプロ・ホールディングス,962.0,1141.0,1058.7,980.4,,859900,2.41,,,,,
2026-05-15,6586,マキタ,5650.0,5751.0,5620.2,5575.1,,830000,0.76,,,,,
2026-05-15,8086,ニプロ,1621.5,1564.8,1560.3,1559.2,,829700,0.74,,,,,
2026-05-15,1945,東京エネシス,2308.0,2246.6,1931.0,1861.3,,827800,1.44,,,,,
2026-05-15,1721,コムシスホールディングス,5681.0,5693.8,5576.0,5407.1,,827100,0.88,,,,,
2026-05-15,7381,ＣＣＩグループ,1044.0,1027.4,989.4,987.1,,826100,1.03,,,,,
2026-05-15,5703,日本軽金属ホールディングス,3120.0,2994.6,2943.5,2909.8,,824000,2.84,,,,,
2026-05-15,8282,ケーズホールディングス,2061.5,2000.0,1832.7,1737.2,,820900,0.79,,,,,
2026-05-15,6834,精工技研,28190.0,32458.0,31274.5,26997.2,,819400,3.09,,,,,
2026-05-15,6728,アルバック,9486.0,10418.2,10063.7,9728.8,,812100,1.58,,,,,
2026-05-15,9880,イノテック,3840.0,3446.0,2985.7,2757.0,,809200,3.29,,,,,
2026-05-15,6996,ニチコン,2742.0,2779.6,2385.9,2095.4,,790700,0.9,,,,,
2026-05-15,4021,日産化学,7234.0,7183.2,6783.5,6534.7,,789500,1.24,,,,,
2026-05-15,9006,京浜急行電鉄,1578.0,1565.7,1550.6,1544.2,,781800,0.9,,,,,
2026-05-15,4293,セプテーニ・ホールディングス,455.0,430.4,429.6,417.8,,779100,1.17,,,,,
2026-05-15,8381,山陰合同銀行,1969.0,1930.6,1918.2,1798.6,,778400,1.58,,,,,
2026-05-15,8354,ふくおかフィナンシャルグループ,6612.0,6613.6,6440.8,6386.1,,761700,1.07,,,,,
2026-05-15,4373,シンプレクス・ホールディングス,951.0,947.4,920.8,855.3,,752200,0.68,,,,,
2026-05-15,5991,日本発條,3541.0,3404.7,2889.5,2791.1,,749700,0.59,,,,,
2026-05-15,4449,ギフティ,1068.0,1146.8,1131.6,1092.0,,747300,1.18,,,,,
2026-05-15,3104,富士紡ホールディングス,4370.0,4234.0,3947.0,3698.4,,742900,2.77,,,,,
2026-05-15,5423,東京製鐵,1825.0,1737.8,1732.5,1668.5,,729700,1.09,,,,,
2026-05-15,3968,セグエグループ,570.0,568.4,536.8,520.7,,720700,1.31,,,,,
2026-05-15,7729,東京精密,16515.0,18163.0,17348.5,16033.1,,719700,1.59,,,,,
2026-05-15,1961,三機工業,2575.0,2614.2,2465.5,2425.1,,708900,0.99,,,,,
2026-05-15,7380,十六フィナンシャルグループ,2045.0,2094.0,2069.3,1944.8,,708300,1.19,,,,,
2026-05-15,4344,ソースネクスト,129.0,131.0,128.0,126.6,,704800,0.82,,,,,
2026-05-15,5393,ニチアス,3487.0,3541.8,3224.5,3025.1,,703900,0.71,,,,,
2026-05-15,9274,ＫＰＰグループホールディングス,971.0,1001.6,974.5,923.0,,685000,2.47,,,,,
2026-05-15,6376,日機装,2911.0,2708.4,2665.1,2521.3,,677400,2.44,,,,,
2026-05-15,2175,エス・エム・エス,1841.0,1769.4,1765.4,1717.5,,673300,1.09,,,,,
2026-05-15,6861,キーエンス,77180.0,79098.0,71142.0,63723.0,,666600,0.45,,,,,
2026-05-15,6941,山一電機,9660.0,10498.0,10403.0,9170.0,,659800,1.63,,,,,
2026-05-15,6298,ワイエイシイホールディングス,1401.0,1304.8,1223.8,1136.7,,655100,2.25,,,,,
2026-05-15,6521,オキサイド,6030.0,6384.0,5182.8,4425.0,,649600,0.89,,,,,
2026-05-15,3673,ブロードリーフ,950.0,905.8,898.2,870.4,,646100,1.28,,,,,
2026-05-15,8032,日本紙パルプ商事,1219.0,1164.2,1115.7,1091.6,,639300,1.96,,,,,
2026-05-15,6856,堀場製作所,25525.0,24438.0,22320.2,20282.2,,629700,3.39,,,,,
2026-05-15,4369,トリケミカル研究所,3430.0,3495.0,3264.1,3149.9,,627600,0.74,,,,,
2026-05-15,6629,テクノホライゾン,1294.0,1353.0,1171.4,1031.3,,625400,0.37,,,,,
2026-05-15,4425,Ｋｕｄａｎ,2404.0,2856.0,2687.6,2302.4,,623100,1.99,,,,,
2026-05-15,1951,エクシオグループ,2917.0,2939.4,2873.9,2817.1,,618800,0.88,,,,,
2026-05-15,6136,オーエスジー,3530.0,3514.2,3221.5,2864.3,,617300,0.98,,,,,
2026-05-15,8418,山口フィナンシャルグループ,2813.0,2826.6,2713.4,2625.7,,616000,0.71,,,,,
2026-05-15,5702,大紀アルミニウム工業所,1848.0,1684.2,1553.7,1455.9,,611800,1.69,,,,,
2026-05-15,1407,ウエストホールディングス,3005.0,3031.0,2625.9,2042.7,,609400,0.56,,,,,
2026-05-15,6962,大真空,764.0,797.0,750.9,676.3,,607900,1.66,,,,,
2026-05-15,8051,山善,1735.0,1612.0,1564.2,1517.6,,600600,2.35,,,,,
2026-05-15,8078,阪和興業,1752.0,1731.0,1667.4,1655.9,,599600,1.06,,,,,
2026-05-15,6840,ＡＫＩＢＡホールディングス,738.0,777.6,615.6,538.7,,597500,0.69,,,,,
2026-05-15,4192,スパイダープラス,273.0,323.0,312.8,280.1,,585200,2.04,,,,,
2026-05-15,4099,四国化成ホールディングス,5880.0,5790.0,5109.2,4976.9,,584500,2.52,,,,,
2026-05-15,4816,東映アニメーション,2758.0,2737.4,2715.3,2592.9,,583500,1.13,,,,,
2026-05-15,7318,セレンディップ・ホールディングス,1884.0,2068.8,2018.2,1743.8,,582000,2.58,,,,,
2026-05-15,8609,岡三証券グループ,930.0,908.0,902.9,896.6,,570500,1.3,,,,,
2026-05-15,7322,三十三フィナンシャルグループ,1697.0,1712.2,1647.8,1565.3,,568100,1.12,,,,,
2026-05-15,3444,菊池製作所,1421.0,1452.8,1375.5,977.6,,543300,0.29,,,,,
2026-05-15,6999,ＫＯＡ,2061.0,2037.6,1970.2,1784.6,,542700,0.63,,,,,
2026-05-15,6005,三浦工業,3381.0,3328.4,3312.8,3211.3,,532400,1.76,,,,,
2026-05-15,4971,メック,10470.0,11062.0,9465.0,7824.7,,532200,1.36,,,,,
2026-05-15,4419,Ｆｉｎａｔｅｘｔホールディングス,1142.0,1223.8,1164.8,1004.8,,526600,0.65,,,,,
2026-05-15,9766,コナミグループ,19650.0,20143.0,20099.5,19776.8,,522600,0.77,,,,,
2026-05-15,8060,キヤノンマーケティングジャパン,3779.0,3762.2,3663.8,3529.4,,512100,0.83,,,,,
2026-05-15,8544,京葉銀行,2368.0,2293.4,2205.3,2139.1,,510000,1.19,,,,,
2026-05-15,9069,センコーグループホールディングス,2031.5,1914.7,1883.9,1871.7,,501900,1.38,,,,,
2026-05-18,5803,フジクラ,5653.0,6661.2,6217.7,5009.7,,86555100,1.48,,,,,
2026-05-18,9434,ソフトバンク,225.0,222.8,221.4,216.7,,68096600,0.82,,,,,
2026-05-18,8306,三菱ＵＦＪフィナンシャル・グループ,2995.0,2922.7,2857.5,2800.8,,66978500,1.77,,,,,
2026-05-18,9984,ソフトバンクグループ,5593.0,5821.4,5508.9,4410.7,,48158000,0.6,,,,,
2026-05-18,6098,リクルートホールディングス,9122.0,8020.0,7639.4,6979.9,,21985000,3.29,,,,,
2026-05-18,8411,みずほフィナンシャルグループ,6525.0,6888.2,6776.4,6624.9,,21432700,2.2,,,,,
2026-05-18,4005,住友化学,603.8,579.8,531.0,525.4,,17874700,1.04,,,,,
2026-05-18,3436,ＳＵＭＣＯ,2992.0,3354.8,2718.9,2057.3,,17205300,0.84,,,,,
2026-05-18,6965,浜松ホトニクス,2867.0,2404.1,2103.8,1992.5,,15774000,3.46,,,,,
2026-05-18,8316,三井住友フィナンシャルグループ,5732.0,5750.0,5593.7,5495.3,,14734800,1.05,,,,,
2026-05-18,6613,ＱＤレーザ,2127.0,1750.8,1568.2,1223.7,,14634700,1.78,,,,,
2026-05-18,6723,ルネサスエレクトロニクス,3700.0,3705.2,3272.5,2814.9,,13901300,0.61,,,,,
2026-05-18,4980,デクセリアルズ,4187.0,3302.9,2696.7,2447.3,,12340900,7.61,,,,,
2026-05-18,6981,村田製作所,6171.0,6165.6,5322.8,4287.8,,11319900,0.69,,,,,
2026-05-18,6526,ソシオネクスト,2391.5,2322.5,2064.2,1942.2,,9340100,0.73,,,,,
2026-05-18,5802,住友電気工業,11380.0,11778.0,10697.7,10091.9,,8641400,1.02,,,,,
2026-05-18,8308,りそなホールディングス,2020.0,2044.9,1952.3,1870.8,,8484200,0.81,,,,,
2026-05-18,6762,ＴＤＫ,2977.5,2984.0,2765.5,2375.9,,8178800,0.53,,,,,
2026-05-18,6752,パナソニック　ホールディングス,3348.0,3339.6,3148.9,2791.6,,7607300,0.59,,,,,
2026-05-18,6472,ＮＴＮ,396.2,435.5,385.2,368.8,,7529400,0.82,,,,,
2026-05-18,6954,ファナック,7966.0,7932.0,7028.1,6422.4,,7397500,0.7,,,,,
2026-05-18,5074,テスホールディングス,930.0,982.0,810.9,671.0,,7307700,1.58,,,,,
2026-05-18,5801,古河電気工業,54840.0,55020.0,46528.0,36041.0,,7286300,1.29,,,,,
2026-05-18,6503,三菱電機,6350.0,6408.6,6167.1,5741.3,,6997100,0.85,,,,,
2026-05-18,4062,イビデン,15635.0,16373.0,13234.6,10141.1,,6760300,0.69,,,,,
2026-05-18,6594,ニデック,2527.0,2610.2,2473.6,2321.4,,6141500,0.53,,,,,
2026-05-18,6085,アーキテクツ・スタジオ・ジャパン,563.0,525.4,492.5,336.4,,6048100,0.79,,,,,
2026-05-18,6506,安川電機,6682.0,6925.0,5887.4,5113.6,,5649200,0.98,,,,,
2026-05-18,3810,サイバーステップホールディングス,354.0,358.8,271.2,253.6,,5585600,0.79,,,,,
2026-05-18,6963,ローム,4145.0,4129.8,3791.7,3374.2,,5490300,0.69,,,,,
2026-05-18,8766,東京海上ホールディングス,7627.0,7413.2,7184.7,6807.7,,5383800,0.92,,,,,
2026-05-18,4063,信越化学工業,7013.0,7306.2,7094.1,6511.6,,5254300,0.55,,,,,
2026-05-18,6976,太陽誘電,7194.0,6782.4,6459.1,5079.7,,5162200,1.1,,,,,
2026-05-18,4902,コニカミノルタ,590.7,564.7,554.5,548.4,,5025500,1.15,,,,,
2026-05-18,4901,富士フイルムホールディングス,3148.0,3213.2,3068.7,3057.2,,4548600,0.55,,,,,
2026-05-18,6361,荏原製作所,5349.0,5638.4,5424.8,5151.4,,4428300,1.22,,,,,
2026-05-18,2802,味の素,5193.0,5385.2,4960.1,4703.4,,4332700,0.62,,,,,
2026-05-18,6471,日本精工,1174.5,1259.0,1240.0,1222.8,,4327700,0.96,,,,,
2026-05-18,8309,三井住友トラストグループ,5464.0,5599.2,5380.2,5258.3,,4260800,1.56,,,,,
2026-05-18,7936,アシックス,4436.0,4586.8,4565.2,4508.3,,4230100,0.77,,,,,
2026-05-18,6971,京セラ,2834.0,2876.4,2768.9,2629.1,,4198600,0.63,,,,,
2026-05-18,5301,東海カーボン,1600.0,1479.3,1186.8,1061.9,,4174400,1.21,,,,,
2026-05-18,7733,オリンパス,1744.0,1731.9,1605.3,1512.3,,4154400,0.58,,,,,
2026-05-18,2334,イオレ,585.0,558.2,482.8,421.6,,3890700,0.99,,,,,
2026-05-18,5713,住友金属鉱山,9560.0,10389.0,10133.8,10064.1,,3759600,0.95,,,,,
2026-05-18,8331,千葉銀行,2275.0,2258.8,2173.3,2156.1,,3721900,1.38,,,,,
2026-05-18,4004,レゾナック・ホールディングス,16690.0,17642.0,14969.8,12622.0,,3620100,0.94,,,,,
2026-05-18,8591,オリックス,5778.0,5868.2,5289.1,5075.6,,3498200,0.64,,,,,
2026-05-18,7186,横浜フィナンシャルグループ,1594.5,1598.4,1515.5,1515.2,,3497900,0.96,,,,,
2026-05-18,1963,日揮ホールディングス,2594.0,2514.5,2452.9,2374.4,,3296500,1.23,,,,,
2026-05-18,2914,日本たばこ産業,6343.0,6227.2,5938.8,5921.0,,3259100,0.66,,,,,
2026-05-18,9502,中部電力,2727.0,2733.1,2717.6,2645.1,,3238600,0.99,,,,,
2026-05-18,4088,エア・ウォーター,2302.0,2186.2,2169.8,2147.5,,3109400,0.48,,,,,
2026-05-18,7868,広済堂ホールディングス,655.0,681.4,584.3,520.7,,3089100,0.59,,,,,
2026-05-18,6479,ミネベアミツミ,3815.0,3843.4,3298.1,3033.5,,3076500,0.94,,,,,
2026-05-18,6113,アマダ,2658.0,2872.3,2672.0,2478.2,,2897400,1.29,,,,,
2026-05-18,5706,三井金属,47320.0,50074.0,43016.0,35842.2,,2872900,1.01,,,,,
2026-05-18,7911,ＴＯＰＰＡＮホールディングス,4513.0,5070.6,4836.1,4811.1,,2683300,1.09,,,,,
2026-05-18,6952,カシオ計算機,1639.0,1688.5,1673.3,1568.0,,2608000,1.25,,,,,
2026-05-18,8053,住友商事,7257.0,7486.8,6545.5,6214.0,,2584500,0.37,,,,,
2026-05-18,4182,三菱瓦斯化学,4620.0,4807.6,4486.9,4271.5,,2564300,1.49,,,,,
2026-05-18,7735,ＳＣＲＥＥＮホールディングス,10885.0,11414.0,10920.2,10366.9,,2438400,0.96,,,,,
2026-05-18,8035,東京エレクトロン,49260.0,50850.0,47739.0,43278.0,,2434000,0.72,,,,,
2026-05-18,6480,日本トムソン,2008.0,1909.4,1298.4,1072.0,,2420900,1.28,,,,,
2026-05-18,8508,Ｊトラスト,735.0,687.8,647.5,584.9,,2414900,1.97,,,,,
2026-05-18,4022,ラサ工業,2040.0,2279.6,2067.6,1873.1,,2400100,1.67,,,,,
2026-05-18,6268,ナブテスコ,5329.0,5635.4,5139.7,4695.4,,2398800,1.14,,,,,
2026-05-18,9412,スカパーＪＳＡＴ,4040.0,4120.0,3550.0,3131.4,,2381800,0.72,,,,,
2026-05-18,4259,エクサウィザーズ,979.0,915.0,794.8,703.3,,2370500,0.88,,,,,
2026-05-18,8359,八十二長野銀行,2215.5,2324.8,2167.6,2061.2,,2370100,1.32,,,,,
2026-05-18,9042,阪急阪神ホールディングス,4918.0,4676.2,4608.9,4525.2,,2321000,1.84,,,,,
2026-05-18,6383,ダイフク,7076.0,7453.6,6889.5,6273.9,,2290700,0.83,,,,,
2026-05-18,7167,めぶきフィナンシャルグループ,1366.5,1368.7,1317.1,1279.7,,2254100,0.81,,,,,
2026-05-18,4883,モダリス,64.0,65.8,61.5,58.5,,2217600,0.18,,,,,
2026-05-18,8015,豊田通商,7064.0,7269.6,6617.9,6495.3,,2132700,0.55,,,,,
2026-05-18,6645,オムロン,5557.0,5907.4,5506.1,5001.1,,2038200,0.88,,,,,
2026-05-18,6724,セイコーエプソン,2513.5,2497.3,2250.4,2099.9,,1933900,0.64,,,,,
2026-05-18,7220,武蔵精密工業,5360.0,5600.0,4573.5,3380.1,,1925300,0.64,,,,,
2026-05-18,6590,芝浦メカトロニクス,4905.0,5146.0,4981.8,4875.1,,1916100,0.73,,,,,
2026-05-18,6232,ＡＣＳＬ,3040.0,3052.2,2463.7,1811.9,,1907700,0.39,,,,,
2026-05-18,9147,ＮＩＰＰＯＮ　ＥＸＰＲＥＳＳホールディングス,4768.0,4571.4,4142.3,3850.9,,1896500,0.93,,,,,
2026-05-18,4180,Ａｐｐｉｅｒ　Ｇｒｏｕｐ,973.0,1000.0,947.3,843.1,,1890900,0.95,,,,,
2026-05-18,3099,三越伊勢丹ホールディングス,3231.0,3237.0,3104.1,3029.6,,1836700,0.75,,,,,
2026-05-18,4324,電通グループ,3061.0,3056.3,3037.9,2896.7,,1804800,1.13,,,,,
2026-05-18,6619,ダブル・スコープ,282.0,270.0,239.8,212.4,,1783400,0.72,,,,,
2026-05-18,5711,三菱マテリアル,5057.0,5552.8,5438.4,5322.9,,1722400,1.03,,,,,
2026-05-18,7180,九州フィナンシャルグループ,1379.5,1370.6,1305.7,1257.6,,1694200,1.09,,,,,
2026-05-18,6324,ハーモニック・ドライブ・システムズ,6800.0,6780.0,5378.5,4515.9,,1684000,0.68,,,,,
2026-05-18,2432,ディー・エヌ・エー,2720.0,2657.1,2643.0,2607.7,,1680300,0.71,,,,,
2026-05-18,7256,河西工業,463.0,476.6,383.4,317.3,,1678400,0.74,,,,,
2026-05-18,5563,新日本電工,470.0,474.2,448.1,436.1,,1667400,1.55,,,,,
2026-05-18,6754,アンリツ,4205.0,4158.6,3850.4,3227.0,,1634700,0.57,,,,,
2026-05-18,6254,野村マイクロ・サイエンス,4860.0,4596.0,4046.0,3467.4,,1628000,1.44,,,,,
2026-05-18,6407,ＣＫＤ,6230.0,6740.0,6113.0,5316.0,,1627400,2.48,,,,,
2026-05-18,6890,フェローテック,9200.0,9502.0,8093.0,6948.7,,1612500,0.92,,,,,
2026-05-18,5831,しずおかフィナンシャルグループ,2895.5,2899.1,2795.4,2790.2,,1562400,0.85,,,,,
2026-05-18,6996,ニチコン,2872.0,2814.0,2427.7,2110.8,,1543600,1.73,,,,,
2026-05-18,5334,日本特殊陶業,9855.0,9682.0,8745.5,8024.1,,1532200,1.05,,,,,
2026-05-18,6264,マルマエ,2204.0,2431.0,2086.8,1822.0,,1504300,1.1,,,,,
2026-05-18,6481,ＴＨＫ,7198.0,7485.8,6248.5,5445.4,,1503500,0.93,,,,,
2026-05-18,7956,ピジョン,1879.5,1783.1,1724.0,1670.1,,1500400,1.09,,,,,
2026-05-18,7762,シチズン時計,2238.0,2188.4,1942.3,1809.4,,1493400,0.91,,,,,
2026-05-18,7004,カナデビア,1379.0,1360.8,1251.0,1123.6,,1488900,0.87,,,,,
2026-05-18,3863,日本製紙,1474.0,1476.8,1420.2,1319.2,,1487600,1.02,,,,,
2026-05-18,6845,アズビル,1510.5,1472.8,1443.6,1418.2,,1482100,0.79,,,,,
2026-05-18,6134,ＦＵＪＩ,7735.0,7366.0,6352.0,5680.2,,1476700,1.68,,,,,
2026-05-18,4385,メルカリ,4072.0,4089.4,3975.4,3720.6,,1436300,0.57,,,,,
2026-05-18,9519,レノバ,1273.0,1277.2,1125.9,907.1,,1436000,0.85,,,,,
2026-05-18,6141,ＤＭＧ森精機,3396.0,3629.2,3121.1,2824.1,,1421500,0.49,,,,,
2026-05-18,4042,東ソー,2580.0,2654.7,2507.8,2477.1,,1396400,0.53,,,,,
2026-05-18,8714,池田泉州ホールディングス,937.0,939.2,930.1,897.1,,1391300,1.11,,,,,
2026-05-18,9962,ミスミグループ本社,3151.0,3285.0,3252.0,3027.0,,1357400,0.56,,,,,
2026-05-18,5985,サンコール,1676.0,1834.4,1756.0,1605.0,,1349800,0.81,,,,,
2026-05-18,6925,ウシオ電機,4179.0,3777.6,3365.6,3125.8,,1328700,2.05,,,,,
2026-05-18,5991,日本発條,3339.0,3483.6,2929.5,2794.9,,1323100,1.02,,,,,
2026-05-18,8346,東邦銀行,727.0,706.0,688.3,682.1,,1322300,1.47,,,,,
2026-05-18,1942,関電工,6470.0,6971.4,6568.4,6404.5,,1318600,0.57,,,,,
2026-05-18,3105,日清紡ホールディングス,2310.0,2290.9,2039.5,1747.7,,1297800,0.8,,,,,
2026-05-18,4021,日産化学,7355.0,7257.8,6827.9,6548.9,,1278500,1.93,,,,,
2026-05-18,4651,サニックスホールディングス,258.0,251.8,243.8,221.0,,1262100,0.95,,,,,
2026-05-18,4565,ネクセラファーマ,1120.0,1173.8,1065.8,975.5,,1261600,0.84,,,,,
2026-05-18,5333,ＮＧＫ,5609.0,5687.4,4995.1,4469.0,,1248600,0.56,,,,,
2026-05-18,3132,マクニカホールディングス,3353.0,3216.6,2717.6,2533.5,,1239600,0.99,,,,,
2026-05-18,9301,三菱倉庫,1416.5,1428.0,1405.6,1391.4,,1224200,0.77,,,,,
2026-05-18,6871,日本マイクロニクス,15690.0,15340.0,13528.0,11992.3,,1216700,0.98,,,,,
2026-05-18,4061,デンカ,3750.0,4103.4,3994.8,3649.5,,1213500,0.98,,,,,
2026-05-18,6855,日本電子材料,7340.0,7900.0,7154.5,7030.8,,1195100,1.05,,,,,
2026-05-18,9041,近鉄グループホールディングス,3475.0,3530.8,3427.9,3319.6,,1191700,1.32,,,,,
2026-05-18,6055,ジャパンマテリアル,2078.0,2080.2,1919.7,1874.0,,1183600,1.13,,,,,
2026-05-18,6367,ダイキン工業,24020.0,24861.0,22876.0,20744.7,,1175000,0.65,,,,,
2026-05-18,7826,フルヤ金属,10740.0,9802.0,8124.5,7313.8,,1170900,1.88,,,,,
2026-05-18,6323,ローツェ,3672.0,3869.8,3790.5,3317.9,,1168500,0.55,,,,,
2026-05-18,5463,丸一鋼管,1900.0,1720.7,1535.0,1509.4,,1163200,1.32,,,,,
2026-05-18,2371,カカクコム,3427.0,3341.0,2687.3,2164.0,,1156200,0.35,,,,,
2026-05-18,6473,ジェイテクト,1952.5,2011.1,1853.7,1837.4,,1141200,0.61,,,,,
2026-05-18,6779,日本電波工業,2342.0,2251.8,1990.2,1530.6,,1128600,0.81,,,,,
2026-05-18,7162,アストマックス,332.0,335.4,287.6,243.8,,1099700,0.33,,,,,
2026-05-18,7276,小糸製作所,2796.0,2770.4,2617.0,2604.9,,1079800,0.88,,,,,
2026-05-18,4205,日本ゼオン,2167.0,2201.6,1921.3,1909.4,,1064600,0.59,,,,,
2026-05-18,7707,プレシジョン・システム・サイエンス,249.0,247.4,231.6,225.9,,1062500,0.94,,,,,
2026-05-18,4169,ＥＮＥＣＨＡＮＧＥ,281.0,329.6,325.7,288.6,,1059800,0.81,,,,,
2026-05-18,8334,群馬銀行,2238.0,2202.3,2166.5,2164.1,,1052800,0.77,,,,,
2026-05-18,5844,京都フィナンシャルグループ,4374.0,4418.0,4365.5,4201.2,,1044500,0.99,,,,,
2026-05-18,8282,ケーズホールディングス,2020.0,2015.2,1844.7,1742.9,,1032500,0.96,,,,,
2026-05-18,6376,日機装,2991.0,2778.4,2673.8,2533.1,,1019800,3.4,,,,,
2026-05-18,4053,Ｓｕｎ　Ａｓｔｅｒｉｓｋ,504.0,454.4,436.1,422.7,,1011100,8.99,,,,,
2026-05-18,6997,日本ケミコン,2944.0,3147.0,2670.4,1961.3,,1004100,1.04,,,,,
2026-05-18,6071,ＩＢＪ,811.0,757.0,746.9,726.8,,1001800,5.91,,,,,
2026-05-18,8439,東京センチュリー,2280.5,2361.9,2199.8,2152.5,,991800,0.93,,,,,
2026-05-18,4344,ソースネクスト,129.0,131.0,128.3,126.5,,951900,1.07,,,,,
2026-05-18,4186,東京応化工業,10390.0,11071.0,9770.0,8931.2,,937600,0.59,,,,,
2026-05-18,6768,タムラ製作所,957.0,929.6,833.9,731.9,,936600,0.64,,,,,
2026-05-18,5332,ＴＯＴＯ,6929.0,7018.6,6103.9,5847.2,,921200,0.46,,,,,
2026-05-18,6584,三櫻工業,735.0,833.4,770.5,750.7,,919800,1.16,,,,,
2026-05-18,3774,インターネットイニシアティブ,3090.0,3008.5,2821.6,2518.5,,908700,0.97,,,,,
2026-05-18,6586,マキタ,5564.0,5680.8,5621.4,5569.0,,905000,0.82,,,,,
2026-05-18,6958,日本シイエムケイ,671.0,655.8,630.1,600.2,,884200,0.73,,,,,
2026-05-18,5741,ＵＡＣＪ,3050.0,2956.4,2882.7,2665.3,,868100,0.97,,,,,
2026-05-18,8368,百五銀行,1940.0,1926.6,1828.8,1663.8,,852900,0.73,,,,,
2026-05-18,4043,トクヤマ,4418.0,4644.2,4123.1,4004.6,,842700,0.58,,,,,
2026-05-18,4293,セプテーニ・ホールディングス,463.0,441.0,431.1,419.2,,837200,1.2,,,,,
2026-05-18,6544,ジャパンエレベーターサービスホールディングス,1847.5,1716.7,1650.6,1646.1,,831900,1.02,,,,,
2026-05-18,6235,オプトラン,3955.0,4286.0,4055.0,3293.5,,828600,0.85,,,,,
2026-05-18,4816,東映アニメーション,2600.0,2719.8,2704.9,2596.9,,826600,1.53,,,,,
2026-05-18,6370,栗田工業,8720.0,8896.4,8364.4,8099.4,,815800,1.07,,,,,
2026-05-18,1951,エクシオグループ,2808.0,2902.6,2874.7,2817.7,,810200,1.14,,,,,
2026-05-18,4203,住友ベークライト,6468.0,6617.8,5702.1,5482.1,,807600,0.62,,,,,
2026-05-18,4055,ティアンドエスグループ,2307.0,2248.6,1925.7,1689.4,,803700,1.24,,,,,
2026-05-18,4368,扶桑化学工業,3970.0,4123.0,3378.7,3119.5,,801400,0.81,,,,,
2026-05-18,5393,ニチアス,3340.0,3570.2,3235.7,3036.5,,801400,0.79,,,,,
2026-05-18,4578,大塚ホールディングス,11180.0,11191.0,10958.8,10804.5,,795800,0.54,,,,,
2026-05-18,6504,富士電機,14775.0,15148.0,13357.0,12183.2,,792100,0.52,,,,,
2026-05-18,3101,東洋紡,1592.0,1635.6,1505.7,1502.0,,791100,0.88,,,,,
2026-05-18,6923,スタンレー電気,3462.0,3428.8,3127.2,3043.0,,776100,0.79,,,,,
2026-05-18,4776,サイボウズ,2365.0,2242.8,2168.6,2139.7,,774600,0.97,,,,,
2026-05-18,8358,スルガ銀行,2303.0,2302.6,2279.2,2120.2,,774600,0.75,,,,,
2026-05-18,6951,日本電子,6465.0,6824.4,6521.6,6313.2,,759900,2.15,,,,,
2026-05-18,4246,ダイキョーニシカワ,1038.0,984.6,894.4,884.9,,756400,1.29,,,,,
2026-05-18,5989,エイチワン,1678.0,1436.8,1323.0,1317.7,,738500,3.0,,,,,
2026-05-18,8366,滋賀銀行,2067.0,2007.8,1955.5,1855.3,,735600,0.9,,,,,
2026-05-18,1721,コムシスホールディングス,5496.0,5612.4,5591.2,5410.4,,734400,0.77,,,,,
2026-05-18,4419,Ｆｉｎａｔｅｘｔホールディングス,1104.0,1189.6,1167.5,1008.9,,723400,0.88,,,,,
2026-05-18,6521,オキサイド,6780.0,6426.0,5271.2,4491.1,,723000,0.98,,,,,
2026-05-18,6266,タツモ,3895.0,3445.0,3019.7,2609.5,,719500,2.88,,,,,
2026-05-18,6787,メイコー,39800.0,35410.0,31308.5,26825.5,,713300,1.49,,,,,
2026-05-18,6448,ブラザー工業,3511.0,3485.0,3172.4,3072.9,,711600,0.63,,,,,
2026-05-18,4425,Ｋｕｄａｎ,2173.0,2674.6,2672.3,2306.9,,701700,2.06,,,,,
2026-05-18,9006,京浜急行電鉄,1572.5,1573.0,1551.8,1544.9,,680400,0.76,,,,,
2026-05-18,6666,リバーエレテック,972.0,1037.0,1033.7,807.7,,675200,2.4,,,,,
2026-05-18,6862,ミナトホールディングス,2743.0,3001.4,2851.2,2533.1,,671100,0.7,,,,,
2026-05-18,8381,山陰合同銀行,1979.0,1945.4,1916.0,1802.4,,667100,1.28,,,,,
2026-05-18,7685,ＢｕｙＳｅｌｌ　Ｔｅｃｈｎｏｌｏｇｉｅｓ,3345.0,3348.0,3346.5,3217.8,,660800,1.33,,,,,
2026-05-18,3563,ＦＯＯＤ　＆　ＬＩＦＥ　ＣＯＭＰＡＮＩＥＳ,10465.0,10535.0,9691.1,9615.1,,659200,0.34,,,,,
2026-05-18,2874,横浜冷凍,2138.0,1854.6,1714.2,1591.2,,655200,3.38,,,,,
2026-05-18,7381,ＣＣＩグループ,1030.0,1031.8,989.8,987.9,,650700,0.77,,,,,
2026-05-18,1961,三機工業,2414.0,2575.4,2453.2,2425.6,,648200,0.89,,,,,
2026-05-18,6143,ソディック,1693.0,1732.2,1583.0,1449.3,,647900,0.85,,,,,
2026-05-18,3968,セグエグループ,561.0,572.6,538.6,521.5,,644200,1.08,,,,,
2026-05-18,8354,ふくおかフィナンシャルグループ,6494.0,6602.0,6438.0,6375.5,,637300,0.87,,,,,
2026-05-18,6258,平田機工,3110.0,3417.0,3241.7,2868.2,,630100,1.26,,,,,
2026-05-18,4819,デジタルガレージ,2217.0,2556.6,2487.6,2195.1,,628900,1.06,,,,,
2026-05-18,2693,ＹＫＴ,304.0,309.8,266.5,254.9,,626800,1.2,,,,,
2026-05-18,6994,指月電機製作所,994.0,1205.8,1115.3,1039.8,,622800,1.16,,,,,
2026-05-18,3444,菊池製作所,1325.0,1401.6,1398.2,986.0,,622500,0.51,,,,,
2026-05-18,6742,京三製作所,752.0,772.4,724.8,702.3,,621100,2.4,,,,,
2026-05-18,6508,明電舎,10910.0,10056.0,8875.5,8115.0,,620100,2.08,,,,,
2026-05-18,7419,ノジマ,1327.0,1302.0,1229.1,1153.9,,618500,0.47,,,,,
2026-05-18,6118,アイダエンジニアリング,1140.0,1294.2,1240.6,1179.7,,616700,3.42,,,,,
2026-05-18,6861,キーエンス,76830.0,78004.0,71841.0,64077.0,,612500,0.43,,,,,
2026-05-18,6914,オプテックスグループ,4540.0,3829.0,3173.9,2954.3,,604200,2.43,,,,,
2026-05-18,7337,ひろぎんホールディングス,2023.0,2009.6,1897.6,1860.4,,603900,0.67,,,,,
2026-05-18,6838,多摩川ホールディングス,2182.0,2000.0,1772.5,1359.4,,600600,1.14,,,,,
2026-05-18,5384,フジミインコーポレーテッド,3195.0,3536.0,3223.2,3055.0,,599700,1.0,,,,,
2026-05-18,4369,トリケミカル研究所,3415.0,3496.0,3283.3,3148.3,,588100,0.7,,,,,
2026-05-18,8060,キヤノンマーケティングジャパン,3843.0,3783.0,3680.8,3536.6,,585700,0.98,,,,,
2026-05-18,8418,山口フィナンシャルグループ,2789.5,2804.7,2717.7,2626.0,,583300,0.66,,,,,
2026-05-18,2656,ベクターホールディングス,200.0,193.2,189.9,174.0,,580100,3.36,,,,,
2026-05-18,9880,イノテック,4540.0,3677.0,3078.8,2786.5,,575900,1.85,,,,,
2026-05-18,5258,トランザクション・メディア・ネットワークス,368.0,352.4,324.4,318.0,,573200,2.53,,,,,
2026-05-18,4971,メック,10100.0,10956.0,9558.0,7885.0,,572400,1.35,,,,,
2026-05-18,2175,エス・エム・エス,1895.0,1795.4,1773.1,1719.9,,562800,0.87,,,,,
2026-05-18,7380,十六フィナンシャルグループ,2051.0,2087.0,2065.6,1948.5,,556300,0.89,,,,,
2026-05-18,6728,アルバック,9608.0,10176.8,10044.3,9714.2,,556000,0.99,,,,,
2026-05-18,6840,ＡＫＩＢＡホールディングス,888.0,803.8,633.4,543.7,,553900,0.63,,,,,
2026-05-18,5714,ＤＯＷＡホールディングス,11125.0,10759.0,10078.5,9877.0,,550400,0.94,,,,,
2026-05-18,6273,ＳＭＣ,66780.0,76588.0,74929.5,70216.8,,539400,0.97,,,,,
2026-05-18,2222,寿スピリッツ,2060.0,2047.3,2028.5,1962.4,,538000,0.88,,,,,
2026-05-18,5805,ＳＷＣＣ,14810.0,16952.0,15789.5,14656.2,,533600,0.79,,,,,
2026-05-18,7412,アトム,661.0,686.0,662.4,639.0,,533600,0.98,,,,,
2026-05-18,6217,津田駒工業,1893.0,1977.8,1662.2,901.3,,524600,0.67,,,,,
2026-05-18,3673,ブロードリーフ,950.0,916.8,898.7,875.7,,523600,1.01,,,,,
2026-05-18,4373,シンプレクス・ホールディングス,948.0,948.0,925.6,857.8,,523300,0.5,,,,,
2026-05-18,7836,アビックス,83.0,88.2,87.6,87.5,,512500,4.01,,,,,
2026-05-18,6999,ＫＯＡ,2115.0,2052.6,1985.4,1792.7,,512300,0.78,,,,,
2026-05-19,9434,ソフトバンク,229.3,224.8,221.8,217.0,,74187500,0.89,,,,,
2026-05-19,8306,三菱ＵＦＪフィナンシャル・グループ,3108.0,2967.1,2867.2,2804.1,,55685600,1.39,,,,,
2026-05-19,9984,ソフトバンクグループ,5361.0,5696.2,5554.8,4422.0,,53762700,0.72,,,,,
2026-05-19,6613,ＱＤレーザ,2626.0,1940.0,1632.6,1255.6,,31866100,3.43,,,,,
2026-05-19,6758,ソニーグループ,3720.0,3599.2,3355.2,3352.8,,24762000,0.65,,,,,
2026-05-19,8316,三井住友フィナンシャルグループ,5942.0,5780.6,5608.3,5496.7,,21178400,1.52,,,,,
2026-05-19,6098,リクルートホールディングス,9846.0,8474.6,7773.6,7037.9,,16251100,2.11,,,,,
2026-05-19,4005,住友化学,609.7,597.1,534.8,526.0,,14116700,0.77,,,,,
2026-05-19,8411,みずほフィナンシャルグループ,6886.0,6871.4,6772.9,6618.4,,13730800,1.31,,,,,
2026-05-19,6723,ルネサスエレクトロニクス,3509.0,3657.0,3314.4,2824.9,,12947900,0.58,,,,,
2026-05-19,2181,パーソルホールディングス,246.0,239.3,238.3,237.6,,11883300,1.32,,,,,
2026-05-19,6762,ＴＤＫ,2985.5,2988.9,2802.4,2389.5,,10503400,0.71,,,,,
2026-05-19,6981,村田製作所,6180.0,6186.0,5405.8,4336.1,,10166800,0.62,,,,,
2026-05-19,6503,三菱電機,6020.0,6338.0,6177.6,5749.6,,9166700,1.14,,,,,
2026-05-19,6085,アーキテクツ・スタジオ・ジャパン,463.0,508.6,501.3,341.4,,9027300,1.28,,,,,
2026-05-19,3436,ＳＵＭＣＯ,2960.0,3194.8,2754.9,2081.5,,8950000,0.43,,,,,
2026-05-19,8308,りそなホールディングス,2078.0,2049.7,1959.7,1872.6,,8930900,0.93,,,,,
2026-05-19,6965,浜松ホトニクス,2685.5,2505.8,2143.0,2008.6,,8911300,1.59,,,,,
2026-05-19,6976,太陽誘電,7768.0,7035.6,6555.1,5141.0,,8393000,1.69,,,,,
2026-05-19,7733,オリンパス,1875.0,1798.8,1618.3,1516.7,,8139500,1.14,,,,,
2026-05-19,6526,ソシオネクスト,2302.0,2329.9,2087.2,1946.2,,8039100,0.63,,,,,
2026-05-19,6594,ニデック,2675.0,2579.4,2497.0,2326.5,,7456100,0.66,,,,,
2026-05-19,8766,東京海上ホールディングス,7949.0,7575.0,7240.3,6836.0,,7192800,1.25,,,,,
2026-05-19,6472,ＮＴＮ,386.3,425.8,387.2,368.2,,7153700,0.74,,,,,
2026-05-19,4088,エア・ウォーター,2489.0,2270.8,2179.6,2154.3,,6991900,1.03,,,,,
2026-05-19,4062,イビデン,15320.0,16127.0,13531.6,10250.1,,6685700,0.67,,,,,
2026-05-19,6958,日本シイエムケイ,665.0,659.6,633.6,600.9,,6594600,5.61,,,,,
2026-05-19,4980,デクセリアルズ,3872.0,3541.1,2771.7,2473.4,,6417700,2.36,,,,,
2026-05-19,6954,ファナック,7662.0,7914.4,7102.8,6439.3,,6393300,0.64,,,,,
2026-05-19,7186,横浜フィナンシャルグループ,1656.5,1610.0,1521.2,1515.7,,6141200,1.7,,,,,
2026-05-19,6752,パナソニック　ホールディングス,3353.0,3329.2,3170.3,2807.7,,6087000,0.47,,,,,
2026-05-19,5802,住友電気工業,10840.0,11616.0,10762.1,10128.4,,6047200,0.68,,,,,
2026-05-19,6506,安川電機,6338.0,6798.6,5940.4,5129.0,,5789600,0.97,,,,,
2026-05-19,6619,ダブル・スコープ,316.0,282.8,244.0,214.8,,5669000,2.32,,,,,
2026-05-19,6971,京セラ,2911.5,2889.2,2784.3,2634.3,,5625100,0.84,,,,,
2026-05-19,4063,信越化学工業,7032.0,7208.6,7105.3,6535.2,,5504100,0.59,,,,,
2026-05-19,5801,古河電気工業,50250.0,54984.0,46828.5,36525.7,,5244400,0.88,,,,,
2026-05-19,4902,コニカミノルタ,595.0,573.8,554.4,548.6,,4975800,1.09,,,,,
2026-05-19,3810,サイバーステップホールディングス,360.0,355.8,277.6,255.4,,4959300,0.65,,,,,
2026-05-19,2802,味の素,5178.0,5333.0,4985.7,4713.9,,4920400,0.68,,,,,
2026-05-19,6963,ローム,4130.0,4162.4,3811.8,3402.1,,4664800,0.61,,,,,
2026-05-19,4901,富士フイルムホールディングス,3171.0,3187.4,3070.0,3059.1,,4253000,0.52,,,,,
2026-05-19,2914,日本たばこ産業,6453.0,6306.2,5966.6,5928.7,,3702100,0.76,,,,,
2026-05-19,6324,ハーモニック・ドライブ・システムズ,6030.0,6666.0,5462.5,4551.8,,3468300,1.4,,,,,
2026-05-19,8591,オリックス,5914.0,5853.8,5333.1,5085.3,,3428300,0.73,,,,,
2026-05-19,8309,三井住友トラストグループ,5715.0,5619.6,5394.0,5261.2,,3417200,1.2,,,,,
2026-05-19,6232,ＡＣＳＬ,3360.0,3091.2,2541.7,1848.4,,3416700,0.71,,,,,
2026-05-19,4047,関東電化工業,2770.0,2331.4,1873.7,1671.3,,3289100,7.17,,,,,
2026-05-19,9552,クオンツ総研ホールディングス,849.0,688.2,667.5,662.7,,3205000,12.97,,,,,
2026-05-19,6361,荏原製作所,5153.0,5500.8,5432.2,5142.9,,3194200,0.87,,,,,
2026-05-19,4259,エクサウィザーズ,1058.0,974.2,809.9,708.6,,3156700,1.11,,,,,
2026-05-19,2334,イオレ,570.0,557.8,492.0,424.7,,3071300,0.79,,,,,
2026-05-19,4004,レゾナック・ホールディングス,16300.0,17339.0,15141.0,12718.9,,3039700,0.76,,,,,
2026-05-19,5713,住友金属鉱山,9280.0,10100.0,10065.6,10057.7,,2982700,0.74,,,,,
2026-05-19,9502,中部電力,2779.0,2735.1,2712.1,2648.2,,2939100,0.9,,,,,
2026-05-19,8331,千葉銀行,2335.0,2281.0,2177.6,2156.9,,2880100,1.06,,,,,
2026-05-19,6113,アマダ,2613.0,2799.4,2677.8,2481.4,,2727000,1.17,,,,,
2026-05-19,8035,東京エレクトロン,47160.0,49850.0,47922.0,43374.3,,2645700,0.8,,,,,
2026-05-19,5301,東海カーボン,1557.5,1522.1,1213.6,1070.7,,2546800,0.68,,,,,
2026-05-19,7707,プレシジョン・システム・サイエンス,290.0,255.2,235.2,226.7,,2492800,2.03,,,,,
2026-05-19,9519,レノバ,1375.0,1303.2,1141.7,918.1,,2372800,1.44,,,,,
2026-05-19,8053,住友商事,7217.0,7444.6,6603.3,6225.4,,2331200,0.33,,,,,
2026-05-19,3853,アステリア,1787.0,1590.0,1572.5,1418.9,,2313900,2.5,,,,,
2026-05-19,8015,豊田通商,7056.0,7254.8,6657.9,6502.8,,2265200,0.58,,,,,
2026-05-19,4022,ラサ工業,1944.0,2182.0,2075.8,1872.4,,2258800,1.43,,,,,
2026-05-19,9412,スカパーＪＳＡＴ,4045.0,4123.0,3595.0,3150.8,,2249400,0.7,,,,,
2026-05-19,7735,ＳＣＲＥＥＮホールディングス,10520.0,11232.0,10899.8,10368.5,,2201300,0.85,,,,,
2026-05-19,6479,ミネベアミツミ,3878.0,3905.8,3348.8,3040.9,,2137400,0.63,,,,,
2026-05-19,5706,三井金属,44790.0,48862.0,43471.0,36116.0,,2104800,0.73,,,,,
2026-05-19,7167,めぶきフィナンシャルグループ,1365.5,1369.3,1317.7,1281.1,,2100100,0.78,,,,,
2026-05-19,7220,武蔵精密工業,4930.0,5544.0,4666.0,3424.2,,2034700,0.67,,,,,
2026-05-19,6579,ログリー,431.0,328.8,316.1,311.6,,2034500,24.64,,,,,
2026-05-19,6383,ダイフク,7027.0,7310.2,6919.8,6286.2,,2030100,0.72,,,,,
2026-05-19,6845,アズビル,1545.5,1503.5,1448.0,1422.0,,1991800,1.07,,,,,
2026-05-19,3099,三越伊勢丹ホールディングス,3228.0,3264.6,3107.8,3033.9,,1973400,0.81,,,,,
2026-05-19,6590,芝浦メカトロニクス,4700.0,5109.0,4953.8,4872.7,,1956600,0.74,,,,,
2026-05-19,7868,広済堂ホールディングス,633.0,671.2,590.9,522.8,,1942200,0.45,,,,,
2026-05-19,4373,シンプレクス・ホールディングス,1036.0,963.8,932.0,861.4,,1908400,1.86,,,,,
2026-05-19,1963,日揮ホールディングス,2647.0,2559.1,2456.7,2379.4,,1889600,0.68,,,,,
2026-05-19,6724,セイコーエプソン,2520.5,2501.6,2270.6,2107.2,,1885700,0.62,,,,,
2026-05-19,7911,ＴＯＰＰＡＮホールディングス,4395.0,4861.2,4832.6,4807.8,,1853700,0.72,,,,,
2026-05-19,4180,Ａｐｐｉｅｒ　Ｇｒｏｕｐ,1006.0,1000.8,952.9,846.5,,1844100,0.88,,,,,
2026-05-19,4324,電通グループ,3188.0,3076.7,3043.2,2900.4,,1782500,1.05,,,,,
2026-05-19,6480,日本トムソン,1948.0,1913.0,1345.2,1086.7,,1754500,0.84,,,,,
2026-05-19,7180,九州フィナンシャルグループ,1406.0,1388.0,1308.7,1259.3,,1749500,1.12,,,,,
2026-05-19,4427,ＥｄｕＬａｂ,290.0,311.6,273.9,240.8,,1745900,5.14,,,,,
2026-05-19,4182,三菱瓦斯化学,4543.0,4745.2,4504.9,4277.6,,1709200,0.92,,,,,
2026-05-19,6323,ローツェ,3597.0,3790.2,3777.7,3320.8,,1663600,0.82,,,,,
2026-05-19,5333,ＮＧＫ,5493.0,5663.2,5047.5,4491.4,,1654500,0.74,,,,,
2026-05-19,4385,メルカリ,4209.0,4168.4,3994.6,3731.7,,1650900,0.66,,,,,
2026-05-19,9301,三菱倉庫,1441.5,1427.5,1407.2,1392.7,,1638400,1.06,,,,,
2026-05-19,6645,オムロン,5545.0,5797.6,5543.6,5015.1,,1611900,0.68,,,,,
2026-05-19,7762,シチズン時計,2238.0,2218.2,1964.0,1818.0,,1604900,0.94,,,,,
2026-05-19,2432,ディー・エヌ・エー,2757.5,2676.4,2649.2,2609.5,,1524800,0.63,,,,,
2026-05-19,4043,トクヤマ,4337.0,4593.0,4147.1,4007.4,,1517600,1.14,,,,,
2026-05-19,5831,しずおかフィナンシャルグループ,2950.0,2908.9,2801.4,2789.2,,1504400,0.83,,,,,
2026-05-19,8439,東京センチュリー,2318.0,2333.5,2209.6,2153.5,,1503200,1.39,,,,,
2026-05-19,9042,阪急阪神ホールディングス,4945.0,4764.4,4616.6,4532.1,,1500700,1.1,,,,,
2026-05-19,6264,マルマエ,2168.0,2383.4,2103.3,1830.1,,1470500,1.02,,,,,
2026-05-19,4042,東ソー,2609.0,2640.5,2518.8,2477.2,,1434400,0.53,,,,,
2026-05-19,6754,アンリツ,4144.0,4184.2,3887.4,3254.3,,1429900,0.64,,,,,
2026-05-19,8359,八十二長野銀行,2270.0,2311.1,2175.9,2064.9,,1422900,0.76,,,,,
2026-05-19,7956,ピジョン,1879.5,1810.6,1734.1,1674.2,,1409900,1.0,,,,,
2026-05-19,4704,トレンドマイクロ,6113.0,5726.6,5692.9,5461.1,,1367200,1.37,,,,,
2026-05-19,5074,テスホールディングス,1080.0,987.6,834.0,681.1,,1347400,0.26,,,,,
2026-05-19,4443,Ｓａｎｓａｎ,1405.0,1321.2,1302.7,1216.1,,1346000,0.97,,,,,
2026-05-19,6840,ＡＫＩＢＡホールディングス,810.0,798.4,647.2,547.9,,1344900,1.5,,,,,
2026-05-19,9147,ＮＩＰＰＯＮ　ＥＸＰＲＥＳＳホールディングス,4816.0,4649.0,4189.1,3871.6,,1316100,0.75,,,,,
2026-05-19,7276,小糸製作所,2721.0,2787.5,2623.9,2606.2,,1315000,1.03,,,,,
2026-05-19,2371,カカクコム,3411.0,3438.2,2749.7,2192.8,,1301000,0.4,,,,,
2026-05-19,4883,モダリス,65.0,65.4,62.0,58.6,,1290800,0.15,,,,,
2026-05-19,4651,サニックスホールディングス,270.0,258.8,245.2,221.8,,1290200,0.97,,,,,
2026-05-19,6871,日本マイクロニクス,14210.0,15254.0,13599.0,12021.8,,1283000,1.01,,,,,
2026-05-19,7747,朝日インテック,3572.0,3427.4,3373.3,3319.3,,1263300,1.12,,,,,
2026-05-19,6235,オプトラン,3910.0,4148.0,4069.2,3314.9,,1263000,1.26,,,,,
2026-05-19,3905,データセクション,3345.0,2591.8,1905.8,1671.4,,1262000,0.51,,,,,
2026-05-19,6140,旭ダイヤモンド工業,1296.0,1332.4,1308.9,1305.4,,1253300,1.16,,,,,
2026-05-19,8714,池田泉州ホールディングス,960.0,944.6,929.1,898.0,,1228100,0.98,,,,,
2026-05-19,7419,ノジマ,1380.0,1322.8,1242.3,1158.7,,1226600,0.98,,,,,
2026-05-19,6779,日本電波工業,2187.0,2250.2,2018.8,1548.2,,1222600,0.88,,,,,
2026-05-19,4186,東京応化工業,10120.0,10816.0,9811.6,8955.2,,1206700,0.75,,,,,
2026-05-19,6481,ＴＨＫ,7129.0,7413.8,6323.8,5485.5,,1192300,0.72,,,,,
2026-05-19,8346,東邦銀行,752.0,717.8,690.5,682.5,,1187300,1.25,,,,,
2026-05-19,6890,フェローテック,8550.0,9288.0,8182.5,6991.0,,1181700,0.68,,,,,
2026-05-19,6997,日本ケミコン,3055.0,3118.0,2720.4,1986.9,,1164000,1.17,,,,,
2026-05-19,8334,群馬銀行,2280.0,2224.0,2167.7,2166.0,,1163800,0.92,,,,,
2026-05-19,6055,ジャパンマテリアル,1972.0,2040.0,1923.3,1873.6,,1158900,1.05,,,,,
2026-05-19,2267,ヤクルト本社,2811.0,2774.1,2753.8,2671.2,,1137500,0.38,,,,,
2026-05-19,6407,ＣＫＤ,5970.0,6572.0,6131.5,5328.8,,1125600,1.45,,,,,
2026-05-19,4205,日本ゼオン,2143.5,2232.3,1938.3,1912.2,,1107100,0.62,,,,,
2026-05-19,6134,ＦＵＪＩ,7576.0,7498.6,6445.0,5714.6,,1103200,1.13,,,,,
2026-05-19,8508,Ｊトラスト,738.0,701.2,652.8,588.6,,1102400,0.81,,,,,
2026-05-19,5463,丸一鋼管,1835.0,1788.7,1553.2,1513.7,,1099600,1.17,,,,,
2026-05-19,3863,日本製紙,1437.0,1462.2,1424.0,1323.4,,1086600,0.73,,,,,
2026-05-19,4368,扶桑化学工業,3915.0,4108.0,3420.2,3137.2,,1086500,1.07,,,,,
2026-05-19,5334,日本特殊陶業,9550.0,9708.2,8812.4,8063.8,,1085200,0.71,,,,,
2026-05-19,8368,百五銀行,1965.0,1957.0,1833.3,1671.0,,1079800,0.93,,,,,
2026-05-19,1942,関電工,6422.0,6786.6,6584.1,6406.8,,1076500,0.73,,,,,
2026-05-19,6521,オキサイド,5820.0,6284.0,5344.8,4536.6,,1073000,1.38,,,,,
2026-05-19,3563,ＦＯＯＤ　＆　ＬＩＦＥ　ＣＯＭＰＡＮＩＥＳ,10725.0,10605.0,9751.5,9638.2,,1062000,0.56,,,,,
2026-05-19,5332,ＴＯＴＯ,6689.0,6977.2,6163.4,5862.5,,1038100,0.51,,,,,
2026-05-19,4021,日産化学,7202.0,7278.2,6866.6,6558.9,,1036400,1.4,,,,,
2026-05-19,7826,フルヤ金属,10250.0,10166.0,8262.0,7372.5,,1035100,1.46,,,,,
2026-05-19,7256,河西工業,435.0,468.2,391.8,321.0,,1012300,0.47,,,,,
2026-05-19,4344,ソースネクスト,133.0,131.4,128.6,126.6,,1011800,1.09,,,,,
2026-05-19,3105,日清紡ホールディングス,2328.5,2311.1,2072.8,1760.4,,989100,0.62,,,,,
2026-05-19,6996,ニチコン,2919.0,2841.6,2469.7,2126.1,,983300,0.98,,,,,
2026-05-19,6276,シリウスビジョン,320.0,286.8,286.1,266.4,,968500,4.28,,,,,
2026-05-19,6473,ジェイテクト,1945.5,2004.6,1863.2,1836.4,,958400,0.6,,,,,
2026-05-19,3132,マクニカホールディングス,3230.0,3250.4,2762.4,2542.9,,956300,0.74,,,,,
2026-05-19,5741,ＵＡＣＪ,3200.0,3039.0,2891.4,2677.0,,948700,1.02,,,,,
2026-05-19,5563,新日本電工,478.0,478.8,449.7,436.9,,932400,0.79,,,,,
2026-05-19,6367,ダイキン工業,23730.0,24785.0,23050.0,20810.3,,932000,0.52,,,,,
2026-05-19,6268,ナブテスコ,5260.0,5537.4,5168.6,4709.4,,927500,0.42,,,,,
2026-05-19,5844,京都フィナンシャルグループ,4407.0,4415.6,4366.2,4211.6,,921400,0.88,,,,,
2026-05-19,6254,野村マイクロ・サイエンス,4675.0,4633.0,4097.2,3488.8,,919900,0.74,,,,,
2026-05-19,5363,東京窯業,674.0,619.2,597.6,588.8,,917000,13.35,,,,,
2026-05-19,5991,日本発條,3230.0,3440.6,2964.4,2797.9,,915500,0.66,,,,,
2026-05-19,6240,ヤマシンフィルタ,594.0,588.2,526.3,524.2,,915200,1.09,,,,,
2026-05-19,6855,日本電子材料,7020.0,7670.0,7165.5,7015.5,,908000,0.76,,,,,
2026-05-19,6768,タムラ製作所,943.0,939.0,843.8,736.5,,903600,0.61,,,,,
2026-05-19,6141,ＤＭＧ森精機,3383.0,3551.0,3159.4,2832.0,,901500,0.32,,,,,
2026-05-19,6923,スタンレー電気,3487.0,3485.0,3152.6,3048.7,,888600,0.88,,,,,
2026-05-19,3774,インターネットイニシアティブ,3133.0,3045.1,2847.7,2533.6,,882400,0.92,,,,,
2026-05-19,4293,セプテーニ・ホールディングス,470.0,452.6,432.9,420.5,,870000,1.19,,,,,
2026-05-19,9006,京浜急行電鉄,1599.5,1573.3,1553.7,1546.0,,864900,0.95,,,,,
2026-05-19,4578,大塚ホールディングス,11125.0,11218.0,10987.8,10811.4,,859100,0.67,,,,,
2026-05-19,7004,カナデビア,1343.0,1375.8,1260.0,1127.7,,855700,0.49,,,,,
2026-05-19,5408,中山製鋼所,678.0,657.4,626.3,624.1,,850500,1.46,,,,,
2026-05-19,6136,オーエスジー,3346.0,3465.2,3269.9,2883.8,,825800,1.33,,,,,
2026-05-19,6143,ソディック,1607.0,1680.6,1590.8,1453.1,,821200,1.05,,,,,
2026-05-19,9041,近鉄グループホールディングス,3520.0,3536.8,3436.5,3324.0,,819300,0.84,,,,,
2026-05-19,6838,多摩川ホールディングス,2024.0,2010.2,1810.7,1379.4,,817000,1.45,,,,,
2026-05-19,6370,栗田工業,8766.0,8842.4,8406.9,8111.4,,815700,1.05,,,,,
2026-05-19,3687,フィックスターズ,1565.0,1502.6,1373.2,1367.6,,810900,1.27,,,,,
2026-05-19,1909,日本ドライケミカル,3755.0,3594.0,3018.4,2953.1,,798500,1.1,,,,,
2026-05-19,6504,富士電機,14605.0,15084.0,13513.8,12236.2,,773300,0.53,,,,,
2026-05-19,6586,マキタ,5682.0,5657.6,5623.6,5564.8,,767300,0.74,,,,,
2026-05-19,7381,ＣＣＩグループ,1026.0,1034.4,989.4,988.8,,758600,0.94,,,,,
2026-05-19,4203,住友ベークライト,6318.0,6543.2,5755.6,5492.2,,749500,0.58,,,,,
2026-05-19,2222,寿スピリッツ,2084.5,2065.2,2031.7,1964.0,,737400,1.22,,,,,
2026-05-19,6103,オークマ,4505.0,4729.0,4560.8,4229.2,,735700,1.32,,,,,
2026-05-19,8282,ケーズホールディングス,2063.0,2045.3,1859.2,1749.5,,734400,0.68,,,,,
2026-05-19,1721,コムシスホールディングス,5447.0,5621.6,5605.6,5411.7,,732000,0.88,,,,,
2026-05-19,2491,バリューコマース,497.0,480.8,474.7,452.7,,731900,1.52,,,,,
2026-05-19,7162,アストマックス,332.0,334.4,293.0,245.8,,727800,0.21,,,,,
2026-05-19,6925,ウシオ電機,3928.0,3864.8,3397.4,3141.2,,723700,1.14,,,,,
2026-05-19,4565,ネクセラファーマ,1141.0,1159.6,1070.6,978.9,,717500,0.46,,,,,
2026-05-19,6448,ブラザー工業,3518.0,3498.4,3193.7,3079.5,,716600,0.64,,,,,
2026-05-19,8354,ふくおかフィナンシャルグループ,6602.0,6598.2,6438.1,6372.1,,709500,1.05,,,,,
2026-05-19,1951,エクシオグループ,2839.5,2880.5,2877.4,2818.5,,705000,0.96,,,,,
2026-05-19,6584,三櫻工業,741.0,807.0,772.2,749.5,,700400,0.82,,,,,
2026-05-19,4776,サイボウズ,2449.0,2305.4,2185.4,2143.8,,697500,0.85,,,,,
2026-05-19,8051,山善,1790.0,1705.2,1585.4,1526.6,,696900,2.21,,,,,
2026-05-19,1407,ウエストホールディングス,3040.0,3022.0,2723.4,2086.7,,684400,0.72,,,,,
2026-05-19,9880,イノテック,4280.0,3859.0,3150.2,2810.1,,678700,1.89,,,,,
2026-05-19,5805,ＳＷＣＣ,13680.0,16020.0,15788.0,14648.2,,676200,0.97,,,,,
2026-05-19,9449,ＧＭＯインターネットグループ,3348.0,3200.0,3174.9,3003.3,,675300,1.53,,,,,
2026-05-19,4369,トリケミカル研究所,3330.0,3465.0,3301.2,3145.9,,674700,0.82,,,,,
2026-05-19,7337,ひろぎんホールディングス,2058.5,2037.2,1905.3,1863.0,,663300,0.78,,,,,
2026-05-19,4419,Ｆｉｎａｔｅｘｔホールディングス,1205.0,1179.6,1171.9,1014.9,,660900,0.76,,,,,
2026-05-19,6266,タツモ,3725.0,3523.0,3069.1,2631.1,,660300,2.14,,,,,
2026-05-19,2702,日本マクドナルドホールディングス,8000.0,8170.0,8106.5,7951.2,,659000,1.13,,,,,
2026-05-19,8366,滋賀銀行,2096.0,2041.8,1956.4,1861.4,,654600,0.82,,,,,
2026-05-19,4246,ダイキョーニシカワ,1035.0,1016.8,902.0,886.8,,650700,1.03,,,,,
2026-05-19,5384,フジミインコーポレーテッド,3160.0,3428.0,3232.2,3056.6,,650200,1.05,,,,,
2026-05-19,8358,スルガ銀行,2320.0,2315.8,2279.2,2124.1,,647600,0.65,,,,,
2026-05-19,7685,ＢｕｙＳｅｌｌ　Ｔｅｃｈｎｏｌｏｇｉｅｓ,3765.0,3466.0,3352.5,3234.2,,639000,1.2,,,,,
2026-05-19,3101,東洋紡,1611.0,1654.4,1510.5,1502.9,,625200,0.68,,,,,
2026-05-19,4971,メック,9400.0,10598.0,9601.5,7932.5,,602700,1.3,,,,,
2026-05-19,8381,山陰合同銀行,1998.0,1961.6,1914.7,1806.8,,600400,1.13,,,,,
2026-05-19,8283,ＰＡＬＴＡＣ,6631.0,6573.4,5163.6,4930.5,,598700,1.42,,,,,
2026-05-19,1961,三機工業,2398.0,2525.8,2451.2,2424.5,,594300,0.82,,,,,
2026-05-19,2121,ＭＩＸＩ,2733.0,2644.6,2608.6,2604.5,,594000,1.77,,,,,
2026-05-19,6544,ジャパンエレベーターサービスホールディングス,1857.0,1768.3,1662.1,1650.3,,586400,0.7,,,,,
2026-05-19,8418,山口フィナンシャルグループ,2850.5,2815.8,2724.1,2628.3,,585700,0.68,,,,,
2026-05-19,5393,ニチアス,3365.0,3487.2,3249.6,3048.6,,585500,0.56,,,,,
2026-05-19,6951,日本電子,6579.0,6771.6,6535.6,6317.8,,580700,1.49,,,,,
2026-05-19,3673,ブロードリーフ,1009.0,940.6,902.3,882.3,,577700,1.12,,,,,
2026-05-19,6258,平田機工,3000.0,3287.0,3243.2,2871.6,,577100,1.11,,,,,
2026-05-19,7380,十六フィナンシャルグループ,2070.0,2083.2,2063.1,1952.3,,572300,0.91,,,,,
2026-05-19,8876,リログループ,2002.5,1957.1,1954.9,1935.7,,566800,1.21,,,,,
2026-05-19,6999,ＫＯＡ,2085.0,2069.8,1997.0,1800.1,,557400,0.91,,,,,
2026-05-19,6994,指月電機製作所,960.0,1127.4,1110.5,1041.2,,557300,0.97,,,,,
2026-05-19,3053,ペッパーフードサービス,194.0,185.4,183.1,180.9,,544400,2.39,,,,,
2026-05-19,6861,キーエンス,75000.0,77152.0,72453.5,64357.7,,543000,0.45,,,,,
2026-05-19,5714,ＤＯＷＡホールディングス,10370.0,10763.0,10094.3,9891.8,,542400,0.91,,,,,
2026-05-19,4187,大阪有機化学工業,5180.0,5140.0,4679.2,4275.4,,536600,2.91,,,,,
2026-05-19,3776,ブロードバンドタワー,250.0,250.8,242.6,231.2,,534700,0.65,,,,,
2026-05-19,8078,阪和興業,1751.0,1743.6,1677.9,1655.5,,532900,0.89,,,,,
2026-05-19,2810,ハウス食品グループ本社,3476.0,3382.2,3143.8,3081.5,,527000,1.17,,,,,
2026-05-19,6629,テクノホライゾン,1230.0,1274.0,1201.4,1035.2,,526700,0.49,,,,,
2026-05-19,6101,ツガミ,5800.0,6020.0,5050.0,4160.7,,521300,0.91,,,,,
2026-05-19,6376,日機装,2887.0,2826.2,2679.5,2539.1,,514000,1.38,,,,,
2026-05-19,4499,Ｓｐｅｅｅ,3470.0,2900.8,2700.8,2674.0,,513900,2.75,,,,,
2026-05-19,4996,クミアイ化学工業,776.0,770.8,761.3,758.7,,511500,1.01,,,,,
2026-05-20,9434,ソフトバンク,226.4,225.5,222.0,217.2,,65664000,0.8,,,,,
2026-05-20,8306,三菱ＵＦＪフィナンシャル・グループ,3030.0,2987.8,2871.4,2806.7,,51809100,1.24,,,,,
2026-05-20,4392,ＦＩＧ,1581.0,1134.2,600.9,417.6,,40920100,6.18,,,,,
2026-05-20,6613,ＱＤレーザ,2645.0,2140.8,1695.8,1288.2,,28690800,2.38,,,,,
2026-05-20,6758,ソニーグループ,3606.0,3588.4,3365.1,3354.8,,21952200,0.58,,,,,
2026-05-20,8316,三井住友フィナンシャルグループ,5882.0,5786.6,5617.9,5499.5,,18145400,1.25,,,,,
2026-05-20,8411,みずほフィナンシャルグループ,6982.0,6857.8,6778.4,6618.1,,15514300,1.43,,,,,
2026-05-20,4005,住友化学,578.6,603.8,537.2,525.9,,15510000,0.83,,,,,
2026-05-20,2181,パーソルホールディングス,241.0,239.8,238.3,237.6,,15046100,1.61,,,,,
2026-05-20,3436,ＳＵＭＣＯ,3020.0,3097.8,2789.6,2106.2,,12795000,0.69,,,,,
2026-05-20,8308,りそなホールディングス,2028.5,2043.1,1965.4,1874.9,,12149200,1.31,,,,,
2026-05-20,6723,ルネサスエレクトロニクス,3500.0,3642.0,3351.1,2833.4,,11620200,0.56,,,,,
2026-05-20,6981,村田製作所,6164.0,6201.0,5474.4,4380.3,,11512000,0.8,,,,,
2026-05-20,6762,ＴＤＫ,2943.0,2994.2,2822.6,2400.5,,11053200,0.88,,,,,
2026-05-20,6503,三菱電機,5747.0,6193.8,6166.1,5754.3,,10679400,1.4,,,,,
2026-05-20,8750,第一ライフグループ,1656.0,1608.6,1486.2,1482.7,,9910000,1.06,,,,,
2026-05-20,7182,ゆうちょ銀行,3075.0,2947.6,2749.6,2746.1,,9882300,1.24,,,,,
2026-05-20,4980,デクセリアルズ,3751.0,3761.6,2838.0,2497.8,,9140000,2.82,,,,,
2026-05-20,5074,テスホールディングス,1151.0,997.2,859.6,691.2,,9091500,1.8,,,,,
2026-05-20,6098,リクルートホールディングス,9653.0,8845.2,7892.5,7096.9,,8907400,1.03,,,,,
2026-05-20,6752,パナソニック　ホールディングス,3207.0,3315.6,3180.9,2822.0,,8845800,0.73,,,,,
2026-05-20,5801,古河電気工業,50860.0,53530.0,47085.5,37021.2,,8837900,1.43,,,,,
2026-05-20,6178,日本郵政,2110.0,2033.0,1886.3,1878.4,,8577200,1.44,,,,,
2026-05-20,8766,東京海上ホールディングス,7817.0,7664.6,7282.6,6862.1,,7978900,1.35,,,,,
2026-05-20,6594,ニデック,2568.0,2606.0,2510.1,2330.1,,7947900,0.69,,,,,
2026-05-20,5802,住友電気工業,10525.0,11166.0,10781.4,10159.6,,7893900,0.87,,,,,
2026-05-20,6954,ファナック,7322.0,7842.8,7152.3,6452.9,,7749300,0.81,,,,,
2026-05-20,6472,ＮＴＮ,387.2,407.3,389.0,367.7,,7679600,0.84,,,,,
2026-05-20,6976,太陽誘電,7861.0,7299.0,6636.2,5197.9,,7523200,1.46,,,,,
2026-05-20,4062,イビデン,15640.0,15843.0,13835.0,10361.7,,6862800,0.7,,,,,
2026-05-20,7186,横浜フィナンシャルグループ,1653.0,1617.0,1527.2,1516.3,,6382100,1.7,,,,,
2026-05-20,6526,ソシオネクスト,2216.5,2326.2,2105.4,1948.2,,6237300,0.53,,,,,
2026-05-20,7733,オリンパス,1872.5,1804.1,1632.6,1521.9,,6011700,0.82,,,,,
2026-05-20,6971,京セラ,2921.0,2897.1,2795.3,2639.5,,5977700,0.92,,,,,
2026-05-20,8591,オリックス,6052.0,5860.6,5382.3,5098.0,,5382800,1.2,,,,,
2026-05-20,6965,浜松ホトニクス,2633.5,2600.0,2176.7,2023.0,,5349500,0.86,,,,,
2026-05-20,8725,ＭＳ＆ＡＤインシュアランスグループホールディングス,4420.0,4426.6,4141.4,4131.5,,5183200,1.2,,,,,
2026-05-20,3905,データセクション,3400.0,2816.0,1998.4,1696.0,,5101700,1.98,,,,,
2026-05-20,6506,安川電機,6076.0,6617.8,5979.8,5141.8,,5051900,0.85,,,,,
2026-05-20,6619,ダブル・スコープ,299.0,290.6,247.5,216.9,,4716500,1.66,,,,,
2026-05-20,6963,ローム,4185.0,4199.4,3833.6,3430.4,,4374300,0.57,,,,,
2026-05-20,4901,富士フイルムホールディングス,3143.0,3159.6,3068.0,3060.0,,4303900,0.55,,,,,
2026-05-20,2802,味の素,5068.0,5250.0,5004.6,4721.0,,4275700,0.61,,,,,
2026-05-20,8053,住友商事,7011.0,7307.0,6649.1,6233.1,,4191600,0.62,,,,,
2026-05-20,4902,コニカミノルタ,576.9,581.4,552.4,548.7,,4086100,0.87,,,,,
2026-05-20,9412,スカパーＪＳＡＴ,4190.0,4120.0,3642.7,3175.0,,3876400,1.23,,,,,
2026-05-20,8309,三井住友トラストグループ,5643.0,5616.2,5402.9,5263.4,,3805700,1.32,,,,,
2026-05-20,6958,日本シイエムケイ,636.0,656.2,635.5,601.3,,3781300,2.13,,,,,
2026-05-20,4883,モダリス,58.0,63.8,62.2,58.6,,3707300,0.75,,,,,
2026-05-20,2914,日本たばこ産業,6346.0,6339.4,5991.5,5936.3,,3702100,0.77,,,,,
2026-05-20,4088,エア・ウォーター,2481.0,2346.8,2188.2,2160.6,,3429800,0.46,,,,,
2026-05-20,1963,日揮ホールディングス,2648.0,2598.4,2461.2,2385.7,,3286900,1.2,,,,,
2026-05-20,6232,ＡＣＳＬ,2786.0,3046.4,2590.5,1875.7,,3268000,0.69,,,,,
2026-05-20,4259,エクサウィザーズ,1094.0,1010.8,825.4,714.9,,3241500,1.05,,,,,
2026-05-20,9502,中部電力,2682.0,2723.8,2700.6,2650.1,,3180100,1.06,,,,,
2026-05-20,6754,アンリツ,4381.0,4222.6,3937.8,3285.3,,3148600,1.58,,,,,
2026-05-20,3810,サイバーステップホールディングス,343.0,355.4,283.1,257.2,,3112300,0.39,,,,,
2026-05-20,8035,東京エレクトロン,46100.0,48802.0,47936.0,43440.2,,3042100,0.96,,,,,
2026-05-20,8331,千葉銀行,2359.0,2298.9,2184.2,2158.5,,2992000,1.13,,,,,
2026-05-20,4004,レゾナック・ホールディングス,15910.0,16958.0,15276.5,12808.9,,2929800,0.71,,,,,
2026-05-20,6724,セイコーエプソン,2456.5,2494.9,2286.3,2113.6,,2921200,0.99,,,,,
2026-05-20,8473,ＳＢＩホールディングス,3068.0,3082.0,3078.9,3074.7,,2697500,0.8,,,,,
2026-05-20,3099,三越伊勢丹ホールディングス,3148.0,3254.2,3106.6,3037.1,,2646400,1.07,,,,,
2026-05-20,6479,ミネベアミツミ,3730.0,3869.0,3384.8,3046.3,,2528700,0.76,,,,,
2026-05-20,4443,Ｓａｎｓａｎ,1390.0,1341.2,1307.7,1220.9,,2514000,1.81,,,,,
2026-05-20,3907,シリコンスタジオ,963.0,952.2,687.8,680.7,,2435700,9.79,,,,,
2026-05-20,6383,ダイフク,6746.0,7109.6,6933.2,6293.6,,2363100,0.87,,,,,
2026-05-20,6113,アマダ,2592.0,2728.0,2682.9,2483.6,,2343600,0.96,,,,,
2026-05-20,8015,豊田通商,6763.0,7128.0,6679.5,6506.3,,2307500,0.67,,,,,
2026-05-20,7167,めぶきフィナンシャルグループ,1385.5,1373.1,1319.2,1283.0,,2293300,0.86,,,,,
2026-05-20,6141,ＤＭＧ森精機,3162.0,3428.4,3182.8,2835.5,,2239800,0.85,,,,,
2026-05-20,7735,ＳＣＲＥＥＮホールディングス,10545.0,11098.0,10863.0,10367.4,,2035000,0.77,,,,,
2026-05-20,5831,しずおかフィナンシャルグループ,2972.0,2924.8,2807.2,2789.1,,1968700,1.08,,,,,
2026-05-20,9519,レノバ,1262.0,1311.6,1150.8,926.6,,1943400,1.13,,,,,
2026-05-20,6845,アズビル,1549.5,1532.3,1452.0,1426.0,,1938400,1.01,,,,,
2026-05-20,4180,Ａｐｐｉｅｒ　Ｇｒｏｕｐ,915.0,983.6,951.6,848.5,,1929100,0.88,,,,,
2026-05-20,7220,武蔵精密工業,4840.0,5270.0,4752.0,3464.8,,1868300,0.61,,,,,
2026-05-20,5301,東海カーボン,1551.0,1564.7,1239.1,1079.4,,1833700,0.5,,,,,
2026-05-20,8508,Ｊトラスト,755.0,720.0,659.7,592.3,,1817500,1.38,,,,,
2026-05-20,7180,九州フィナンシャルグループ,1420.0,1405.3,1312.6,1261.5,,1803600,1.13,,,,,
2026-05-20,9301,三菱倉庫,1478.0,1434.2,1410.3,1395.1,,1787300,1.15,,,,,
2026-05-20,5333,ＮＧＫ,5456.0,5608.2,5092.2,4512.3,,1787300,0.93,,,,,
2026-05-20,7868,広済堂ホールディングス,658.0,663.2,598.8,525.5,,1775800,0.48,,,,,
2026-05-20,5706,三井金属,44360.0,46754.0,43801.5,36397.7,,1759900,0.62,,,,,
2026-05-20,4182,三菱瓦斯化学,4613.0,4683.8,4524.8,4284.8,,1754100,0.92,,,,,
2026-05-20,7762,シチズン時計,2174.0,2233.8,1980.9,1825.5,,1737900,0.97,,,,,
2026-05-20,9147,ＮＩＰＰＯＮ　ＥＸＰＲＥＳＳホールディングス,4818.0,4740.0,4237.6,3892.1,,1737400,1.05,,,,,
2026-05-20,7082,ジモティー,1434.0,1111.6,959.4,840.6,,1728400,38.96,,,,,
2026-05-20,4578,大塚ホールディングス,11405.0,11270.0,11022.8,10829.7,,1712500,1.56,,,,,
2026-05-20,7747,朝日インテック,3685.0,3505.6,3378.9,3331.3,,1682000,1.47,,,,,
2026-05-20,6324,ハーモニック・ドライブ・システムズ,5920.0,6456.0,5523.7,4587.9,,1680400,0.65,,,,,
2026-05-20,6996,ニチコン,3090.0,2898.0,2514.9,2143.5,,1582200,1.53,,,,,
2026-05-20,6645,オムロン,5371.0,5617.4,5563.1,5023.6,,1578100,0.7,,,,,
2026-05-20,6134,ＦＵＪＩ,7220.0,7545.0,6512.6,5746.3,,1571000,1.51,,,,,
2026-05-20,5844,京都フィナンシャルグループ,4385.0,4395.8,4364.4,4224.3,,1557500,1.49,,,,,
2026-05-20,6072,地盤ネットホールディングス,1200.0,1094.4,1092.2,1017.8,,1526700,1.51,,,,,
2026-05-20,6890,フェローテック,8760.0,9154.0,8282.5,7032.3,,1491400,0.86,,,,,
2026-05-20,4651,サニックスホールディングス,253.0,257.8,245.8,222.5,,1483000,1.07,,,,,
2026-05-20,2432,ディー・エヌ・エー,2760.5,2716.7,2649.9,2610.5,,1479500,0.61,,,,,
2026-05-20,6268,ナブテスコ,4970.0,5384.0,5179.1,4717.3,,1468900,0.71,,,,,
2026-05-20,8359,八十二長野銀行,2300.5,2299.8,2184.7,2069.7,,1463800,0.78,,,,,
2026-05-20,6871,日本マイクロニクス,13820.0,15118.0,13644.5,12048.0,,1426400,1.08,,,,,
2026-05-20,4324,電通グループ,3137.0,3081.9,3045.7,2902.7,,1417600,0.8,,,,,
2026-05-20,4373,シンプレクス・ホールディングス,990.0,971.2,936.5,864.2,,1409700,1.28,,,,,
2026-05-20,6227,ＡＩメカテック,6600.0,6732.0,6731.0,6650.4,,1396300,1.35,,,,,
2026-05-20,2433,博報堂ＤＹホールディングス,1203.0,1149.7,1077.5,1076.8,,1390900,0.89,,,,,
2026-05-20,2371,カカクコム,3405.0,3434.2,2813.4,2221.6,,1389600,0.44,,,,,
2026-05-20,4042,東ソー,2542.0,2595.2,2524.8,2475.9,,1365800,0.5,,,,,
2026-05-20,4385,メルカリ,4218.0,4173.0,4007.8,3744.0,,1357100,0.55,,,,,
2026-05-20,7956,ピジョン,1837.0,1836.2,1742.1,1677.5,,1340800,0.96,,,,,
2026-05-20,3853,アステリア,1793.0,1659.0,1582.8,1426.8,,1317300,1.2,,,,,
2026-05-20,6480,日本トムソン,1915.0,1912.0,1389.8,1101.2,,1304200,0.6,,,,,
2026-05-20,9552,クオンツ総研ホールディングス,904.0,740.8,678.1,664.8,,1299000,2.36,,,,,
2026-05-20,2334,イオレ,552.0,556.2,499.9,426.9,,1282600,0.35,,,,,
2026-05-20,5332,ＴＯＴＯ,6399.0,6875.8,6204.4,5868.7,,1278500,0.64,,,,,
2026-05-20,6481,ＴＨＫ,6867.0,7288.2,6387.8,5520.6,,1270500,0.79,,,,,
2026-05-20,7004,カナデビア,1326.0,1359.6,1265.7,1131.7,,1269300,0.73,,,,,
2026-05-20,4205,日本ゼオン,2058.0,2184.0,1950.2,1913.3,,1260200,0.71,,,,,
2026-05-20,8334,群馬銀行,2309.0,2247.6,2169.9,2169.2,,1242000,1.0,,,,,
2026-05-20,3863,日本製紙,1397.0,1446.8,1423.6,1327.0,,1236600,0.86,,,,,
2026-05-20,7419,ノジマ,1399.0,1349.2,1256.2,1163.5,,1228700,0.99,,,,,
2026-05-20,2585,ライフドリンク　カンパニー,1511.0,1424.0,1405.9,1295.1,,1203800,0.86,,,,,
2026-05-20,4047,関東電化工業,2666.0,2442.2,1923.4,1687.2,,1156400,1.5,,,,,
2026-05-20,6407,ＣＫＤ,5920.0,6382.0,6139.5,5336.7,,1148500,1.41,,,,,
2026-05-20,7707,プレシジョン・システム・サイエンス,265.0,256.0,237.4,227.4,,1130300,0.77,,,,,
2026-05-20,9042,阪急阪神ホールディングス,4820.0,4809.4,4618.4,4536.5,,1120600,0.83,,,,,
2026-05-20,6590,芝浦メカトロニクス,4600.0,5015.0,4912.8,4868.4,,1116400,0.41,,,,,
2026-05-20,8714,池田泉州ホールディングス,941.0,945.6,927.3,898.8,,1094100,0.9,,,,,
2026-05-20,5334,日本特殊陶業,9346.0,9637.4,8864.9,8096.0,,1082000,0.7,,,,,
2026-05-20,6473,ジェイテクト,1885.5,1973.9,1869.2,1834.0,,1076500,0.8,,,,,
2026-05-20,8439,東京センチュリー,2346.5,2328.3,2220.2,2155.5,,1075300,0.92,,,,,
2026-05-20,5563,新日本電工,475.0,480.8,451.0,438.0,,1063300,0.88,,,,,
2026-05-20,6103,オークマ,4055.0,4588.0,4542.2,4224.0,,1044600,1.76,,,,,
2026-05-20,3105,日清紡ホールディングス,2292.5,2286.0,2095.7,1771.4,,1043800,0.68,,,,,
2026-05-20,4704,トレンドマイクロ,5944.0,5794.0,5690.1,5466.1,,1028500,1.02,,,,,
2026-05-20,6586,マキタ,5652.0,5630.8,5626.6,5558.8,,1018400,1.2,,,,,
2026-05-20,4186,東京応化工業,9944.0,10551.8,9840.0,8972.3,,997200,0.61,,,,,
2026-05-20,2267,ヤクルト本社,2772.5,2768.5,2759.7,2673.7,,978600,0.33,,,,,
2026-05-20,6861,キーエンス,72910.0,75846.0,72947.5,64603.0,,964400,0.86,,,,,
2026-05-20,6768,タムラ製作所,901.0,936.8,852.0,740.2,,964200,0.68,,,,,
2026-05-20,8283,ＰＡＬＴＡＣ,6630.0,6630.4,5260.2,4959.5,,949600,2.03,,,,,
2026-05-20,6779,日本電波工業,2100.0,2232.2,2040.5,1563.7,,935000,0.67,,,,,
2026-05-20,7256,河西工業,396.0,447.4,397.8,322.7,,926000,0.44,,,,,
2026-05-20,1961,三機工業,2267.0,2460.0,2442.6,2421.4,,915600,1.33,,,,,
2026-05-20,6504,富士電機,14065.0,14803.0,13605.0,12281.4,,906700,0.69,,,,,
2026-05-20,5463,丸一鋼管,1810.0,1852.1,1570.1,1517.5,,898200,0.9,,,,,
2026-05-20,6367,ダイキン工業,23605.0,24350.0,23125.8,20872.3,,897300,0.52,,,,,
2026-05-20,7276,小糸製作所,2677.5,2763.0,2629.2,2606.1,,893900,0.67,,,,,
2026-05-20,4293,セプテーニ・ホールディングス,482.0,465.6,435.1,422.1,,884800,1.13,,,,,
2026-05-20,9006,京浜急行電鉄,1567.0,1573.7,1555.0,1546.5,,881700,0.94,,,,,
2026-05-20,7826,フルヤ金属,9490.0,10238.0,8359.5,7419.7,,850200,1.07,,,,,
2026-05-20,7337,ひろぎんホールディングス,2068.0,2043.7,1912.9,1866.2,,823000,0.97,,,,,
2026-05-20,4272,日本化薬,2029.5,2059.0,1853.4,1843.3,,819900,1.06,,,,,
2026-05-20,9048,名古屋鉄道,1890.0,1858.1,1786.3,1783.3,,814500,0.87,,,,,
2026-05-20,4043,トクヤマ,4164.0,4485.8,4161.8,4007.1,,812500,0.64,,,,,
2026-05-20,3132,マクニカホールディングス,3057.0,3223.0,2796.2,2549.5,,807100,0.62,,,,,
2026-05-20,4565,ネクセラファーマ,1108.0,1145.8,1073.7,982.2,,794800,0.51,,,,,
2026-05-20,1407,ウエストホールディングス,3085.0,3036.0,2761.7,2108.8,,794500,0.92,,,,,
2026-05-20,6370,栗田工業,8388.0,8736.6,8427.7,8116.6,,791300,1.02,,,,,
2026-05-20,6835,アライドテレシスホールディングス,272.0,280.0,274.4,274.2,,768100,1.43,,,,,
2026-05-20,6544,ジャパンエレベーターサービスホールディングス,1828.0,1811.9,1671.5,1653.8,,765800,0.93,,,,,
2026-05-20,8282,ケーズホールディングス,2069.0,2055.9,1874.5,1756.0,,764700,0.71,,,,,
2026-05-20,8354,ふくおかフィナンシャルグループ,6677.0,6587.4,6441.6,6371.9,,762400,1.15,,,,,
2026-05-20,6579,ログリー,352.0,340.4,318.1,312.5,,754500,2.64,,,,,
2026-05-20,6855,日本電子材料,6710.0,7360.0,7157.0,6996.7,,750500,0.64,,,,,
2026-05-20,8346,東邦銀行,755.0,727.8,692.5,683.4,,749500,0.76,,,,,
2026-05-20,2874,横浜冷凍,2562.0,2138.4,1787.3,1622.6,,745000,3.03,,,,,
2026-05-20,6254,野村マイクロ・サイエンス,4415.0,4651.0,4129.5,3510.0,,743700,0.57,,,,,
2026-05-20,3563,ＦＯＯＤ　＆　ＬＩＦＥ　ＣＯＭＰＡＮＩＥＳ,10765.0,10598.0,9815.0,9663.7,,738300,0.39,,,,,
2026-05-20,8358,スルガ銀行,2339.0,2327.2,2280.2,2128.8,,737300,0.78,,,,,
2026-05-20,6240,ヤマシンフィルタ,572.0,588.2,530.1,523.7,,725600,0.8,,,,,
2026-05-20,6448,ブラザー工業,3499.0,3508.2,3214.0,3085.4,,725300,0.66,,,,,
2026-05-20,6997,日本ケミコン,2991.0,3080.2,2756.7,2010.0,,717100,0.73,,,,,
2026-05-20,8368,百五銀行,1955.0,1949.2,1837.2,1678.4,,717000,0.61,,,,,
2026-05-20,5991,日本発條,3113.0,3344.6,2992.3,2799.7,,710100,0.52,,,,,
2026-05-20,8367,南都銀行,1698.0,1655.8,1562.9,1501.6,,706500,1.18,,,,,
2026-05-20,9041,近鉄グループホールディングス,3507.0,3538.2,3444.5,3327.4,,703900,0.71,,,,,
2026-05-20,6055,ジャパンマテリアル,1933.0,1997.4,1924.9,1871.2,,689100,0.59,,,,,
2026-05-20,6951,日本電子,6300.0,6649.2,6534.0,6315.4,,678200,1.6,,,,,
2026-05-20,6840,ＡＫＩＢＡホールディングス,805.0,801.0,660.1,552.0,,671700,0.67,,,,,
2026-05-20,6201,豊田自動織機,20490.0,20447.0,20444.0,20441.1,,669800,0.6,,,,,
2026-05-20,4021,日産化学,7189.0,7277.2,6901.6,6568.1,,653400,0.85,,,,,
2026-05-20,5408,中山製鋼所,653.0,660.2,627.9,624.7,,652100,1.05,,,,,
2026-05-20,7282,豊田合成,4499.0,4651.4,4481.6,4453.7,,643500,1.23,,,,,
2026-05-20,5741,ＵＡＣＪ,3030.0,3066.0,2891.9,2687.8,,630400,0.68,,,,,
2026-05-20,4776,サイボウズ,2452.0,2356.4,2198.7,2148.4,,614500,0.79,,,,,
2026-05-20,4203,住友ベークライト,6310.0,6473.6,5804.8,5502.8,,611600,0.47,,,,,
2026-05-20,3687,フィックスターズ,1524.0,1526.8,1379.6,1368.3,,605100,0.86,,,,,
2026-05-20,4369,トリケミカル研究所,3255.0,3414.0,3309.0,3141.3,,604500,0.77,,,,,
2026-05-20,3774,インターネットイニシアティブ,3047.0,3052.9,2866.7,2548.1,,600400,0.63,,,,,
2026-05-20,7162,アストマックス,313.0,321.2,296.2,247.4,,583300,0.17,,,,,
2026-05-20,4344,ソースネクスト,130.0,130.6,128.7,126.6,,583200,0.61,,,,,
2026-05-20,5393,ニチアス,3260.0,3405.8,3258.8,3057.9,,579200,0.55,,,,,
2026-05-20,6101,ツガミ,5750.0,5918.0,5120.2,4193.1,,576200,1.0,,,,,
2026-05-20,4368,扶桑化学工業,3750.0,3976.0,3450.7,3149.3,,575400,0.54,,,,,
2026-05-20,7317,松屋アールアンドディ,1108.0,1105.8,1100.8,1094.4,,572400,11.22,,,,,
2026-05-20,1909,日本ドライケミカル,3755.0,3740.0,3074.9,2966.3,,563900,0.73,,,,,
2026-05-20,6923,スタンレー電気,3423.0,3461.0,3173.3,3053.5,,552000,0.54,,,,,
2026-05-20,8336,武蔵野銀行,2477.0,2464.2,2409.7,2231.1,,544300,1.28,,,,,
2026-05-20,8078,阪和興業,1728.0,1741.4,1681.2,1655.4,,542700,0.89,,,,,
2026-05-20,9072,ニッコンホールディングス,5772.0,5365.6,5170.1,4626.1,,542200,1.9,,,,,
2026-05-20,6136,オーエスジー,3269.0,3406.0,3283.5,2891.4,,541500,0.86,,,,,
2026-05-20,3632,グリーホールディングス,406.0,406.2,382.2,381.9,,538200,0.62,,,,,
2026-05-20,4765,ＳＢＩグローバルアセットマネジメント,623.0,608.6,602.0,598.1,,537400,2.15,,,,,
2026-05-20,6264,マルマエ,2096.0,2293.2,2114.7,1836.3,,532300,0.35,,,,,
2026-05-20,8051,山善,1706.0,1732.6,1592.9,1530.1,,532200,1.44,,,,,
2026-05-20,8366,滋賀銀行,2085.0,2063.6,1955.4,1868.0,,531700,0.66,,,,,
2026-05-20,6629,テクノホライゾン,1126.0,1238.2,1211.7,1035.0,,529900,0.5,,,,,
2026-05-20,4475,ＨＥＮＮＧＥ,1076.0,1068.8,1007.2,976.3,,523600,1.06,,,,,
2026-05-20,6521,オキサイド,5780.0,6174.0,5412.0,4584.1,,516300,0.6,,,,,
2026-05-20,9880,イノテック,4100.0,4021.0,3210.4,2830.8,,513400,1.24,,,,,
2026-05-20,2531,宝ホールディングス,1921.5,1852.2,1816.0,1680.8,,506600,0.94,,,,,
2026-05-21,9434,ソフトバンク,224.5,226.0,222.1,217.3,,55184600,0.67,,,,,
2026-05-21,8306,三菱ＵＦＪフィナンシャル・グループ,3067.0,3025.8,2881.2,2808.6,,52123700,1.18,,,,,
2026-05-21,6613,ＱＤレーザ,2600.0,2345.0,1761.5,1318.4,,28238900,1.97,,,,,
2026-05-21,6526,ソシオネクスト,2637.0,2394.6,2146.7,1958.4,,21823100,1.91,,,,,
2026-05-21,6758,ソニーグループ,3554.0,3610.4,3373.1,3356.1,,19732200,0.51,,,,,
2026-05-21,6723,ルネサスエレクトロニクス,3785.0,3628.2,3400.6,2847.2,,19001600,0.92,,,,,
2026-05-21,8316,三井住友フィナンシャルグループ,6031.0,5857.8,5639.5,5502.0,,18212600,1.18,,,,,
2026-05-21,8411,みずほフィナンシャルグループ,7301.0,6921.2,6805.1,6622.6,,16998300,1.46,,,,,
2026-05-21,6981,村田製作所,6727.0,6278.6,5580.7,4432.3,,15850200,1.16,,,,,
2026-05-21,6762,ＴＤＫ,3141.0,3008.0,2848.8,2412.3,,11989200,0.98,,,,,
2026-05-21,8308,りそなホールディングス,2120.0,2057.7,1973.1,1877.8,,11942000,1.21,,,,,
2026-05-21,8766,東京海上ホールディングス,7697.0,7731.6,7320.8,6882.4,,11696800,1.86,,,,,
2026-05-21,7182,ゆうちょ銀行,3193.0,3019.1,2772.6,2749.9,,11469000,1.35,,,,,
2026-05-21,3436,ＳＵＭＣＯ,3078.0,3028.0,2838.7,2131.7,,11094300,0.59,,,,,
2026-05-21,7868,広済堂ホールディングス,667.0,649.2,607.0,528.7,,10714900,3.04,,,,,
2026-05-21,5074,テスホールディングス,1270.0,1045.6,890.2,702.9,,10661400,1.96,,,,,
2026-05-21,4392,ＦＩＧ,1981.0,1378.4,683.5,444.6,,10311300,0.96,,,,,
2026-05-21,4005,住友化学,591.2,601.4,540.3,526.0,,9497000,0.49,,,,,
2026-05-21,6752,パナソニック　ホールディングス,3421.0,3324.4,3207.1,2837.7,,9240900,0.79,,,,,
2026-05-21,4062,イビデン,17875.0,16026.0,14267.0,10504.1,,9124900,0.92,,,,,
2026-05-21,6594,ニデック,2630.0,2594.6,2528.2,2335.0,,8958800,0.75,,,,,
2026-05-21,6178,日本郵政,2134.0,2069.6,1899.4,1880.8,,8548200,1.32,,,,,
2026-05-21,8750,第一ライフグループ,1669.0,1642.4,1496.7,1484.4,,8171500,0.84,,,,,
2026-05-21,6954,ファナック,7667.0,7769.0,7224.2,6474.5,,7741100,0.79,,,,,
2026-05-21,6976,太陽誘電,8145.0,7546.0,6733.4,5256.9,,7303800,1.37,,,,,
2026-05-21,2181,パーソルホールディングス,240.0,240.6,238.3,237.6,,6692100,0.64,,,,,
2026-05-21,7272,ヤマハ発動機,1263.5,1266.9,1158.6,1158.0,,6623800,0.69,,,,,
2026-05-21,8725,ＭＳ＆ＡＤインシュアランスグループホールディングス,4350.0,4416.8,4156.2,4131.8,,6554700,1.44,,,,,
2026-05-21,6506,安川電機,6698.0,6556.2,6055.4,5167.6,,6346300,1.03,,,,,
2026-05-21,6472,ＮＴＮ,390.7,394.2,391.0,367.3,,6292300,0.68,,,,,
2026-05-21,5802,住友電気工業,10730.0,10891.0,10819.1,10191.3,,5946400,0.63,,,,,
2026-05-21,6619,ダブル・スコープ,324.0,299.8,252.6,219.4,,5868200,1.84,,,,,
2026-05-21,8591,オリックス,6241.0,5951.4,5443.8,5111.7,,5566600,1.17,,,,,
2026-05-21,4259,エクサウィザーズ,1188.0,1055.0,845.0,723.2,,5402000,1.64,,,,,
2026-05-21,3853,アステリア,2144.0,1807.4,1606.1,1441.0,,5346300,4.45,,,,,
2026-05-21,6971,京セラ,2940.0,2898.1,2807.9,2644.5,,5210400,0.87,,,,,
2026-05-21,6963,ローム,4397.0,4207.4,3867.8,3460.7,,5207800,0.69,,,,,
2026-05-21,4980,デクセリアルズ,4085.0,3948.8,2920.6,2526.8,,5139000,1.27,,,,,
2026-05-21,6965,浜松ホトニクス,2673.5,2703.3,2213.5,2038.2,,5097200,0.78,,,,,
2026-05-21,2802,味の素,5176.0,5176.8,5034.7,4730.0,,5087100,0.73,,,,,
2026-05-21,6098,リクルートホールディングス,9564.0,9202.0,7994.5,7150.8,,4791900,0.52,,,,,
2026-05-21,5801,古河電気工業,49280.0,51942.0,47301.5,37477.4,,4704200,0.69,,,,,
2026-05-21,3905,データセクション,4100.0,3206.2,2123.3,1732.5,,4489500,1.48,,,,,
2026-05-21,7186,横浜フィナンシャルグループ,1687.5,1637.1,1536.1,1516.8,,4415100,1.05,,,,,
2026-05-21,4004,レゾナック・ホールディングス,17310.0,16682.0,15519.0,12924.4,,4153300,0.98,,,,,
2026-05-21,7733,オリンパス,1848.0,1811.9,1645.9,1527.2,,3823500,0.51,,,,,
2026-05-21,2914,日本たばこ産業,6233.0,6335.2,6013.1,5940.8,,3821600,0.79,,,,,
2026-05-21,3753,フライトソリューションズ,216.0,171.6,161.5,154.7,,3598800,19.97,,,,,
2026-05-21,8331,千葉銀行,2358.5,2321.5,2192.7,2159.1,,3460100,1.27,,,,,
2026-05-21,9831,ヤマダホールディングス,600.0,586.2,551.2,549.9,,3431500,0.79,,,,,
2026-05-21,4901,富士フイルムホールディングス,3196.0,3153.6,3069.5,3060.9,,3212700,0.41,,,,,
2026-05-21,4902,コニカミノルタ,576.8,584.5,551.5,548.4,,3202900,0.67,,,,,
2026-05-21,3810,サイバーステップホールディングス,324.0,351.2,287.2,258.7,,3085000,0.37,,,,,
2026-05-21,4307,野村総合研究所,4681.0,4621.8,4553.7,4397.2,,2921100,0.66,,,,,
2026-05-21,8473,ＳＢＩホールディングス,3077.0,3083.8,3073.5,3069.0,,2834300,0.92,,,,,
2026-05-21,8035,東京エレクトロン,48800.0,48322.0,48175.5,43530.3,,2745800,0.96,,,,,
2026-05-21,9412,スカパーＪＳＡＴ,4115.0,4114.0,3680.0,3196.9,,2721500,0.85,,,,,
2026-05-21,1963,日揮ホールディングス,2679.5,2655.8,2468.6,2391.6,,2669700,0.9,,,,,
2026-05-21,6966,三井ハイテック,732.0,715.6,694.8,692.0,,2661900,1.56,,,,,
2026-05-21,8309,三井住友トラストグループ,5703.0,5629.6,5419.2,5265.9,,2594000,0.85,,,,,
2026-05-21,5301,東海カーボン,1634.5,1574.6,1269.1,1089.2,,2508100,0.7,,,,,
2026-05-21,6754,アンリツ,4468.0,4287.4,3990.3,3317.9,,2474600,1.19,,,,,
2026-05-21,6479,ミネベアミツミ,3877.0,3848.8,3431.2,3054.4,,2440900,0.72,,,,,
2026-05-21,8015,豊田通商,6811.0,7016.2,6708.0,6507.1,,2172800,0.74,,,,,
2026-05-21,4293,セプテーニ・ホールディングス,500.0,474.0,438.2,423.6,,2169500,2.54,,,,,
2026-05-21,4443,Ｓａｎｓａｎ,1407.0,1369.4,1311.2,1225.6,,2099100,1.4,,,,,
2026-05-21,9502,中部電力,2717.5,2724.2,2691.8,2651.5,,2071900,0.68,,,,,
2026-05-21,4182,三菱瓦斯化学,4974.0,4678.2,4564.4,4294.4,,2042100,1.01,,,,,
2026-05-21,7167,めぶきフィナンシャルグループ,1409.5,1380.9,1322.5,1285.0,,2030200,0.76,,,,,
2026-05-21,6232,ＡＣＳＬ,2753.0,3010.8,2642.9,1901.0,,2016000,0.52,,,,,
2026-05-21,5706,三井金属,46670.0,45956.0,44310.0,36700.2,,1979200,0.69,,,,,
2026-05-21,8053,住友商事,7120.0,7223.0,6704.4,6242.4,,1953600,0.36,,,,,
2026-05-21,4088,エア・ウォーター,2546.0,2420.2,2202.3,2168.6,,1948500,0.34,,,,,
2026-05-21,6724,セイコーエプソン,2437.5,2483.2,2300.2,2119.4,,1909100,0.64,,,,,
2026-05-21,5831,しずおかフィナンシャルグループ,3004.0,2947.4,2817.2,2788.7,,1867400,0.99,,,,,
2026-05-21,2334,イオレ,517.0,553.4,504.1,428.9,,1807300,0.56,,,,,
2026-05-21,8508,Ｊトラスト,780.0,743.2,667.9,596.3,,1765100,1.32,,,,,
2026-05-21,6840,ＡＫＩＢＡホールディングス,955.0,839.2,681.4,558.5,,1757300,1.76,,,,,
2026-05-21,9301,三菱倉庫,1508.5,1453.9,1415.1,1397.8,,1736700,1.17,,,,,
2026-05-21,7220,武蔵精密工業,5180.0,5150.0,4854.5,3511.2,,1646900,0.53,,,,,
2026-05-21,6845,アズビル,1565.5,1536.3,1455.8,1429.9,,1598900,0.79,,,,,
2026-05-21,8714,池田泉州ホールディングス,971.0,952.8,929.0,899.9,,1594200,1.28,,,,,
2026-05-21,7180,九州フィナンシャルグループ,1452.5,1415.1,1319.5,1264.0,,1587100,0.95,,,,,
2026-05-21,3626,ＴＩＳ,3577.0,3521.0,3516.6,3396.8,,1554800,0.82,,,,,
2026-05-21,4385,メルカリ,4078.0,4150.0,4017.0,3754.9,,1543000,0.62,,,,,
2026-05-21,6268,ナブテスコ,5312.0,5305.6,5210.9,4732.0,,1539700,0.82,,,,,
2026-05-21,6072,地盤ネットホールディングス,1176.0,1140.0,1098.5,1018.4,,1536400,1.39,,,,,
2026-05-21,6324,ハーモニック・ドライブ・システムズ,6550.0,6480.0,5629.7,4634.8,,1534900,0.59,,,,,
2026-05-21,9041,近鉄グループホールディングス,3526.0,3530.0,3451.7,3330.6,,1516100,1.79,,,,,
2026-05-21,9519,レノバ,1305.0,1312.2,1164.0,935.4,,1505700,0.85,,,,,
2026-05-21,6141,ＤＭＧ森精機,3247.0,3351.4,3211.0,2840.0,,1487400,0.59,,,,,
2026-05-21,3099,三越伊勢丹ホールディングス,3212.0,3224.0,3109.6,3040.5,,1482100,0.57,,,,,
2026-05-21,6871,日本マイクロニクス,15040.0,14812.0,13778.0,12100.7,,1475100,1.05,,,,,
2026-05-21,5844,京都フィナンシャルグループ,4495.0,4414.8,4369.5,4237.9,,1403800,1.25,,,,,
2026-05-21,9147,ＮＩＰＰＯＮ　ＥＸＰＲＥＳＳホールディングス,4888.0,4800.0,4289.6,3912.6,,1402400,0.82,,,,,
2026-05-21,8359,八十二長野銀行,2350.0,2304.8,2197.0,2075.0,,1384900,0.72,,,,,
2026-05-21,7762,シチズン時計,2119.0,2205.0,1994.1,1832.1,,1366400,0.72,,,,,
2026-05-21,8334,群馬銀行,2346.0,2281.0,2176.5,2172.2,,1365600,1.07,,,,,
2026-05-21,8304,あおぞら銀行,2788.5,2734.0,2634.1,2629.9,,1363000,0.9,,,,,
2026-05-21,8368,百五銀行,2003.0,1963.2,1843.0,1686.1,,1339000,1.14,,,,,
2026-05-21,5333,ＮＧＫ,5700.0,5590.8,5153.6,4535.9,,1334400,0.71,,,,,
2026-05-21,4186,東京応化工業,10570.0,10356.8,9916.8,8999.9,,1327900,0.79,,,,,
2026-05-21,4578,大塚ホールディングス,11690.0,11327.0,11080.8,10847.6,,1323100,1.16,,,,,
2026-05-21,4180,Ａｐｐｉｅｒ　Ｇｒｏｕｐ,950.0,962.2,950.9,851.2,,1250100,0.55,,,,,
2026-05-21,5563,新日本電工,472.0,478.6,452.6,438.7,,1240800,0.99,,,,,
2026-05-21,2585,ライフドリンク　カンパニー,1466.0,1468.4,1406.3,1296.8,,1227400,0.84,,,,,
2026-05-21,6996,ニチコン,3125.0,2949.6,2562.4,2161.0,,1184500,1.05,,,,,
2026-05-21,4047,関東電化工業,2870.0,2581.2,1985.3,1706.6,,1184100,1.36,,,,,
2026-05-21,4373,シンプレクス・ホールディングス,1005.0,986.0,939.6,866.6,,1180500,1.18,,,,,
2026-05-21,4324,電通グループ,3121.0,3108.4,3045.3,2907.0,,1150300,0.63,,,,,
2026-05-21,6480,日本トムソン,1996.0,1933.4,1439.2,1117.0,,1137300,0.51,,,,,
2026-05-21,8346,東邦銀行,778.0,743.4,696.2,684.3,,1131600,1.13,,,,,
2026-05-21,9552,クオンツ総研ホールディングス,912.0,799.4,689.4,667.4,,1097200,1.69,,,,,
2026-05-21,4042,東ソー,2620.5,2595.7,2535.3,2475.3,,1096200,0.4,,,,,
2026-05-21,6504,富士電機,15330.0,14782.0,13773.5,12338.6,,1079000,0.87,,,,,
2026-05-21,6481,ＴＨＫ,7126.0,7178.4,6463.4,5556.8,,1077600,0.66,,,,,
2026-05-21,8439,東京センチュリー,2429.5,2333.7,2236.4,2157.9,,1067500,0.88,,,,,
2026-05-21,6532,ベイカレント,5537.0,5439.6,5336.8,4852.8,,1046700,0.62,,,,,
2026-05-21,6134,ＦＵＪＩ,7585.0,7621.8,6609.1,5785.1,,1041100,0.91,,,,,
2026-05-21,5463,丸一鋼管,1832.0,1859.9,1588.3,1521.7,,1036200,0.98,,,,,
2026-05-21,6925,ウシオ電機,4040.0,4033.0,3464.6,3171.0,,1024000,1.68,,,,,
2026-05-21,6958,日本シイエムケイ,647.0,653.4,638.0,601.8,,1006300,0.49,,,,,
2026-05-21,5334,日本特殊陶業,9608.0,9607.6,8925.4,8127.3,,1006000,0.68,,,,,
2026-05-21,2433,博報堂ＤＹホールディングス,1200.5,1175.3,1083.1,1077.6,,1005200,0.61,,,,,
2026-05-21,5991,日本発條,3252.0,3295.0,3030.1,2803.4,,981500,0.71,,,,,
2026-05-21,3563,ＦＯＯＤ　＆　ＬＩＦＥ　ＣＯＭＰＡＮＩＥＳ,10600.0,10579.0,9882.2,9681.8,,967200,0.51,,,,,
2026-05-21,6890,フェローテック,8720.0,8938.0,8383.5,7068.5,,948500,0.55,,,,,
2026-05-21,4436,ミンカブ・ジ・インフォノイド,488.0,469.8,437.0,433.8,,948400,12.71,,,,,
2026-05-21,6473,ジェイテクト,1916.5,1945.4,1877.6,1832.0,,938200,0.73,,,,,
2026-05-21,3105,日清紡ホールディングス,2336.5,2300.0,2121.5,1782.5,,937800,0.63,,,,,
2026-05-21,6768,タムラ製作所,935.0,933.0,862.5,744.2,,925000,0.65,,,,,
2026-05-21,5332,ＴＯＴＯ,6570.0,6742.8,6256.9,5873.2,,918300,0.51,,,,,
2026-05-21,4205,日本ゼオン,2100.0,2142.7,1964.2,1914.3,,915300,0.53,,,,,
2026-05-21,7747,朝日インテック,3671.0,3577.2,3387.7,3343.2,,914700,0.74,,,,,
2026-05-21,2432,ディー・エヌ・エー,2740.5,2738.8,2649.8,2611.5,,908200,0.37,,,,,
2026-05-21,1407,ウエストホールディングス,2923.0,3006.6,2795.9,2128.2,,907200,1.15,,,,,
2026-05-21,2371,カカクコム,3401.0,3434.4,2876.3,2250.0,,905000,0.28,,,,,
2026-05-21,9042,阪急阪神ホールディングス,4808.0,4855.6,4618.3,4538.7,,895200,0.66,,,,,
2026-05-21,9006,京浜急行電鉄,1535.0,1570.4,1554.2,1546.1,,883000,0.91,,,,,
2026-05-21,7707,プレシジョン・システム・サイエンス,249.0,259.2,238.6,227.4,,876800,0.56,,,,,
2026-05-21,4203,住友ベークライト,6619.0,6457.4,5876.2,5516.5,,876300,0.67,,,,,
2026-05-21,7337,ひろぎんホールディングス,2111.5,2062.9,1922.3,1869.3,,872800,0.99,,,,,
2026-05-21,7004,カナデビア,1334.0,1356.8,1272.3,1135.7,,854700,0.48,,,,,
2026-05-21,3673,ブロードリーフ,1000.0,986.2,909.1,895.2,,843800,1.57,,,,,
2026-05-21,6997,日本ケミコン,2923.0,2981.8,2790.7,2031.0,,841800,0.85,,,,,
2026-05-21,4043,トクヤマ,4381.0,4389.0,4190.1,4009.5,,841100,0.71,,,,,
2026-05-21,9513,電源開発,4392.0,4313.2,3977.3,3965.4,,841000,0.75,,,,,
2026-05-21,9048,名古屋鉄道,1874.0,1877.5,1792.0,1783.8,,836900,0.88,,,,,
2026-05-21,6367,ダイキン工業,23675.0,24080.0,23243.8,20930.2,,821900,0.51,,,,,
2026-05-21,6407,ＣＫＤ,6360.0,6254.0,6180.5,5355.5,,810100,0.89,,,,,
2026-05-21,8358,スルガ銀行,2381.0,2335.8,2284.7,2133.4,,804900,0.84,,,,,
2026-05-21,3863,日本製紙,1371.0,1425.8,1420.6,1329.6,,799900,0.57,,,,,
2026-05-21,7419,ノジマ,1437.0,1373.6,1272.2,1168.0,,797300,0.61,,,,,
2026-05-21,8354,ふくおかフィナンシャルグループ,6731.0,6623.2,6452.1,6372.7,,796400,1.15,,,,,
2026-05-21,6861,キーエンス,76960.0,75776.0,73655.0,64912.3,,783100,0.75,,,,,
2026-05-21,6254,野村マイクロ・サイエンス,4585.0,4697.0,4173.0,3534.0,,753700,0.56,,,,,
2026-05-21,7082,ジモティー,1419.0,1218.6,986.0,851.4,,743900,3.49,,,,,
2026-05-21,4704,トレンドマイクロ,5990.0,5897.8,5690.8,5472.8,,738700,0.72,,,,,
2026-05-21,8086,ニプロ,1713.5,1665.0,1569.4,1569.1,,737000,0.52,,,,,
2026-05-21,3132,マクニカホールディングス,3161.0,3208.4,2835.3,2557.0,,732000,0.55,,,,,
2026-05-21,4776,サイボウズ,2495.0,2430.6,2209.3,2153.1,,727700,0.9,,,,,
2026-05-21,7276,小糸製作所,2745.0,2757.9,2639.3,2606.9,,723900,0.53,,,,,
2026-05-21,8418,山口フィナンシャルグループ,2906.5,2839.6,2736.1,2634.9,,723000,0.91,,,,,
2026-05-21,8366,滋賀銀行,2158.0,2092.4,1960.5,1875.5,,721400,0.9,,,,,
2026-05-21,6787,メイコー,40050.0,37660.0,32592.5,27707.0,,717600,1.41,,,,,
2026-05-21,8367,南都銀行,1758.0,1681.0,1572.7,1506.5,,717500,1.18,,,,,
2026-05-21,6055,ジャパンマテリアル,2011.0,1997.2,1932.4,1870.1,,715300,0.6,,,,,
2026-05-21,7826,フルヤ金属,9430.0,9998.0,8459.0,7463.2,,703600,0.82,,,,,
2026-05-21,7256,河西工業,400.0,427.4,404.1,323.2,,703200,0.33,,,,,
2026-05-21,8283,ＰＡＬＴＡＣ,6630.0,6630.4,5358.4,4986.9,,701300,1.27,,,,,
2026-05-21,3687,フィックスターズ,1570.0,1567.4,1388.5,1369.5,,701300,0.95,,,,,
2026-05-21,8282,ケーズホールディングス,2027.5,2048.2,1884.9,1761.6,,686900,0.62,,,,,
2026-05-21,6264,マルマエ,2214.0,2217.2,2135.3,1843.1,,682900,0.46,,,,,
2026-05-21,6779,日本電波工業,2195.0,2213.2,2068.1,1579.3,,669600,0.48,,,,,
2026-05-21,9072,ニッコンホールディングス,6335.0,5577.0,5240.9,4664.4,,668700,2.06,,,,,
2026-05-21,3774,インターネットイニシアティブ,3080.0,3077.0,2884.1,2562.4,,668600,0.69,,,,,
2026-05-21,3101,東洋紡,1611.0,1602.6,1516.2,1502.1,,665000,0.71,,,,,
2026-05-21,4272,日本化薬,2072.5,2054.7,1867.8,1845.9,,663900,0.8,,,,,
2026-05-21,6448,ブラザー工業,3455.0,3502.0,3231.9,3090.7,,663100,0.59,,,,,
2026-05-21,3776,ブロードバンドタワー,255.0,249.4,243.8,231.8,,645900,1.05,,,,,
2026-05-21,6143,ソディック,1660.0,1639.8,1606.7,1461.2,,645300,0.78,,,,,
2026-05-21,3565,アセンテック,490.0,482.0,458.4,426.7,,635100,2.65,,,,,
2026-05-21,6240,ヤマシンフィルタ,598.0,591.8,535.0,523.8,,631600,0.66,,,,,
2026-05-21,4055,ティアンドエスグループ,2240.0,2167.2,1996.2,1705.4,,623500,0.81,,,,,
2026-05-21,7956,ピジョン,1841.0,1858.4,1749.5,1680.8,,615500,0.42,,,,,
2026-05-21,4021,日産化学,7119.0,7219.8,6933.9,6576.5,,615300,0.79,,,,,
2026-05-21,8381,山陰合同銀行,2083.0,2008.6,1918.7,1817.6,,613000,1.17,,,,,
2026-05-21,7380,十六フィナンシャルグループ,2133.0,2072.8,2061.0,1960.6,,605200,0.9,,,,,
2026-05-21,2531,宝ホールディングス,2003.0,1888.9,1824.3,1688.0,,604200,1.13,,,,,
2026-05-21,4368,扶桑化学工業,3970.0,3930.0,3496.4,3165.2,,590300,0.55,,,,,
2026-05-21,6276,シリウスビジョン,309.0,306.2,292.6,267.2,,588000,2.31,,,,,
2026-05-21,7282,豊田合成,4634.0,4625.2,4500.4,4447.4,,585300,1.14,,,,,
2026-05-21,5393,ニチアス,3328.0,3356.0,3273.9,3068.1,,584600,0.54,,,,,
2026-05-21,5741,ＵＡＣＪ,3105.0,3100.0,2902.8,2699.3,,580000,0.61,,,,,
2026-05-21,3907,シリコンスタジオ,1113.0,1000.8,713.4,687.7,,575400,1.17,,,,,
2026-05-21,1909,日本ドライケミカル,3755.0,3746.0,3130.2,2978.0,,566500,0.71,,,,,
2026-05-21,2874,横浜冷凍,2645.0,2322.6,1834.5,1642.2,,565500,1.83,,,,,
2026-05-21,4344,ソースネクスト,132.0,130.6,128.9,126.7,,553600,0.62,,,,,
2026-05-21,6544,ジャパンエレベーターサービスホールディングス,1891.5,1858.6,1682.8,1658.5,,548200,0.65,,,,,
2026-05-21,6586,マキタ,5652.0,5640.0,5629.8,5553.0,,544100,0.64,,,,,
2026-05-21,8876,リログループ,2002.0,1999.2,1957.1,1941.6,,541400,1.08,,,,,
2026-05-21,4651,サニックスホールディングス,258.0,258.6,246.9,223.3,,528000,0.35,,,,,
2026-05-21,8078,阪和興業,1754.0,1740.0,1686.1,1655.3,,523300,0.84,,,,,
2026-05-21,4565,ネクセラファーマ,1122.0,1132.6,1079.2,985.5,,521200,0.34,,,,,
2026-05-21,7162,アストマックス,328.0,327.0,300.6,249.2,,511800,0.15,,,,,
2026-05-21,6835,アライドテレシスホールディングス,275.0,279.8,274.9,274.3,,502200,0.85,,,,,
2026-05-22,9984,ソフトバンクグループ,6757.0,5757.8,5747.9,4499.0,,103280800,1.58,,,,,
2026-05-22,9434,ソフトバンク,223.0,225.6,222.1,217.5,,54460900,0.7,,,,,
2026-05-22,6659,メディアリンクス,66.0,51.4,40.2,40.0,,48716000,4.36,,,,,
2026-05-22,8306,三菱ＵＦＪフィナンシャル・グループ,3091.0,3058.2,2892.3,2809.9,,40421700,0.92,,,,,
2026-05-22,6613,ＱＤレーザ,3100.0,2619.6,1837.3,1357.2,,22249700,1.35,,,,,
2026-05-22,6981,村田製作所,7130.0,6474.4,5700.3,4490.0,,20915700,1.64,,,,,
2026-05-22,6723,ルネサスエレクトロニクス,4044.0,3707.6,3454.2,2864.6,,17949000,0.94,,,,,
2026-05-22,6758,ソニーグループ,3525.0,3600.2,3380.1,3357.5,,17093600,0.46,,,,,
2026-05-22,4392,ＦＩＧ,1785.0,1553.4,756.0,468.4,,16191700,1.38,,,,,
2026-05-22,6762,ＴＤＫ,3370.0,3083.4,2890.2,2428.8,,14032900,1.23,,,,,
2026-05-22,6526,ソシオネクスト,2723.5,2454.1,2190.8,1970.7,,13823800,1.12,,,,,
2026-05-22,8316,三井住友フィナンシャルグループ,6006.0,5918.6,5661.1,5500.0,,12376300,0.79,,,,,
2026-05-22,8411,みずほフィナンシャルグループ,7457.0,7030.2,6839.2,6625.1,,12090500,0.99,,,,,
2026-05-22,6752,パナソニック　ホールディングス,3507.0,3367.2,3233.3,2854.1,,10734700,0.98,,,,,
2026-05-22,4005,住友化学,585.8,593.8,543.5,525.9,,9338200,0.48,,,,,
2026-05-22,4062,イビデン,19250.0,16744.0,14750.8,10664.3,,8690500,0.9,,,,,
2026-05-22,6976,太陽誘電,9102.0,8014.0,6877.4,5330.9,,8656600,1.56,,,,,
2026-05-22,6954,ファナック,8174.0,7758.2,7307.8,6502.5,,8458800,0.88,,,,,
2026-05-22,3436,ＳＵＭＣＯ,3177.0,3045.4,2892.1,2157.6,,8445700,0.43,,,,,
2026-05-22,7272,ヤマハ発動機,1229.0,1247.6,1162.1,1157.5,,8124500,0.86,,,,,
2026-05-22,6525,ＫＯＫＵＳＡＩ　ＥＬＥＣＴＲＩＣ,7221.0,6758.8,6718.8,6186.5,,7920200,0.86,,,,,
2026-05-22,2181,パーソルホールディングス,241.2,241.6,238.4,237.7,,7838500,0.79,,,,,
2026-05-22,8766,東京海上ホールディングス,7381.0,7694.2,7331.1,6898.4,,7819300,1.17,,,,,
2026-05-22,7182,ゆうちょ銀行,3104.0,3074.1,2792.3,2750.9,,7640800,0.91,,,,,
2026-05-22,5031,モイ,680.0,405.2,304.4,296.8,,7438800,402.75,,,,,
2026-05-22,8308,りそなホールディングス,2139.5,2077.2,1982.4,1880.0,,7337300,0.75,,,,,
2026-05-22,8750,第一ライフグループ,1650.5,1648.9,1506.3,1485.6,,7082000,0.75,,,,,
2026-05-22,6594,ニデック,2715.0,2623.0,2543.6,2341.1,,6701600,0.56,,,,,
2026-05-22,6965,浜松ホトニクス,2910.5,2754.0,2261.4,2057.2,,6305900,0.98,,,,,
2026-05-22,6619,ダブル・スコープ,341.0,312.4,258.1,222.2,,6184000,1.74,,,,,
2026-05-22,4259,エクサウィザーズ,1267.0,1117.2,869.5,732.5,,6080100,1.64,,,,,
2026-05-22,5802,住友電気工業,11820.0,11059.0,10911.3,10233.0,,5949200,0.67,,,,,
2026-05-22,3853,アステリア,2410.0,1984.6,1644.7,1460.3,,5845100,3.49,,,,,
2026-05-22,6506,安川電機,7052.0,6569.2,6136.9,5197.9,,5793800,0.93,,,,,
2026-05-22,5074,テスホールディングス,1191.0,1124.4,917.3,713.3,,5730400,0.94,,,,,
2026-05-22,6971,京セラ,2997.0,2920.7,2820.1,2650.2,,5291800,0.94,,,,,
2026-05-22,6098,リクルートホールディングス,9789.0,9594.8,8102.7,7208.4,,5224200,0.59,,,,,
2026-05-22,3905,データセクション,4800.0,3697.6,2283.8,1780.0,,5125700,1.53,,,,,
2026-05-22,6178,日本郵政,2116.0,2101.4,1911.9,1882.4,,4791000,0.71,,,,,
2026-05-22,3753,フライトソリューションズ,221.0,182.8,164.1,155.8,,4767300,8.93,,,,,
2026-05-22,8725,ＭＳ＆ＡＤインシュアランスグループホールディングス,4245.0,4387.6,4167.1,4130.8,,4505700,0.95,,,,,
2026-05-22,6963,ローム,4595.0,4290.4,3907.0,3492.5,,4453300,0.63,,,,,
2026-05-22,5801,古河電気工業,53650.0,51776.0,47830.5,37990.6,,4380900,0.65,,,,,
2026-05-22,3810,サイバーステップホールディングス,341.0,344.4,292.4,260.3,,4370100,0.51,,,,,
2026-05-22,4901,富士フイルムホールディングス,3181.0,3167.8,3069.6,3063.1,,4339300,0.6,,,,,
2026-05-22,4004,レゾナック・ホールディングス,18010.0,16844.0,15794.5,13043.5,,4156900,0.99,,,,,
2026-05-22,7868,広済堂ホールディングス,690.0,660.6,615.9,532.4,,3956000,0.94,,,,,
2026-05-22,2802,味の素,5300.0,5183.0,5069.4,4741.4,,3827500,0.6,,,,,
2026-05-22,2914,日本たばこ産業,6134.0,6301.8,6030.4,5943.4,,3680600,0.77,,,,,
2026-05-22,3923,ラクス,940.0,890.0,872.3,819.7,,3646200,0.97,,,,,
2026-05-22,8309,三井住友トラストグループ,5614.0,5627.8,5434.6,5265.1,,3554400,1.24,,,,,
2026-05-22,7733,オリンパス,1888.0,1845.5,1661.3,1532.9,,3521200,0.49,,,,,
2026-05-22,1963,日揮ホールディングス,2731.5,2660.0,2482.6,2397.0,,3418300,1.15,,,,,
2026-05-22,3687,フィックスターズ,1970.0,1650.6,1419.9,1377.4,,3259100,4.17,,,,,
2026-05-22,4307,野村総合研究所,4697.0,4694.8,4540.3,4410.1,,3120600,0.74,,,,,
2026-05-22,7186,横浜フィナンシャルグループ,1668.0,1651.9,1544.9,1516.3,,3093300,0.72,,,,,
2026-05-22,4980,デクセリアルズ,4093.0,3997.6,3002.7,2555.3,,3090200,0.71,,,,,
2026-05-22,8591,オリックス,6230.0,6043.0,5503.3,5122.3,,2962300,0.61,,,,,
2026-05-22,4902,コニカミノルタ,584.5,584.8,550.7,548.2,,2663500,0.59,,,,,
2026-05-22,3626,ＴＩＳ,3490.0,3528.4,3507.7,3402.1,,2632700,1.47,,,,,
2026-05-22,8015,豊田通商,6974.0,6933.6,6742.5,6508.4,,2521300,0.94,,,,,
2026-05-22,2693,ＹＫＴ,387.0,337.0,285.5,261.9,,2491200,3.7,,,,,
2026-05-22,9831,ヤマダホールディングス,606.5,593.1,554.8,550.4,,2466700,0.6,,,,,
2026-05-22,7752,リコー,1457.0,1451.2,1375.7,1374.8,,2416500,0.81,,,,,
2026-05-22,3907,シリコンスタジオ,1270.0,1064.4,746.5,697.4,,2321800,4.23,,,,,
2026-05-22,6479,ミネベアミツミ,3992.0,3858.4,3476.2,3064.9,,2298900,0.69,,,,,
2026-05-22,2334,イオレ,518.0,548.4,508.4,430.2,,2262200,0.75,,,,,
2026-05-22,4443,Ｓａｎｓａｎ,1470.0,1401.8,1317.7,1231.0,,2250900,1.43,,,,,
2026-05-22,6724,セイコーエプソン,2529.5,2491.5,2319.8,2126.5,,2193400,0.88,,,,,
2026-05-22,6997,日本ケミコン,3365.0,3055.6,2839.8,2058.0,,2192100,2.26,,,,,
2026-05-22,6845,アズビル,1608.5,1555.9,1461.6,1434.2,,2176900,1.09,,,,,
2026-05-22,9412,スカパーＪＳＡＴ,4260.0,4130.0,3726.7,3220.7,,2135900,0.7,,,,,
2026-05-22,8473,ＳＢＩホールディングス,3056.0,3075.2,3068.5,3061.7,,2063200,0.76,,,,,
2026-05-22,8053,住友商事,7131.0,7147.2,6760.9,6250.6,,2040400,0.55,,,,,
2026-05-22,9502,中部電力,2717.5,2724.6,2688.7,2652.6,,2004800,0.72,,,,,
2026-05-22,5706,三井金属,49610.0,46550.0,45016.5,37032.5,,1964800,0.69,,,,,
2026-05-22,7220,武蔵精密工業,5550.0,5172.0,4964.0,3562.8,,1948000,0.66,,,,,
2026-05-22,4088,エア・ウォーター,2579.0,2479.4,2218.4,2176.0,,1914400,0.37,,,,,
2026-05-22,6324,ハーモニック・ドライブ・システムズ,7010.0,6462.0,5754.5,4688.0,,1907200,0.73,,,,,
2026-05-22,7167,めぶきフィナンシャルグループ,1396.5,1384.7,1326.4,1286.0,,1883200,0.78,,,,,
2026-05-22,6232,ＡＣＳＬ,2841.0,2956.0,2697.8,1927.2,,1857300,0.53,,,,,
2026-05-22,6754,アンリツ,4601.0,4359.8,4047.1,3352.6,,1844300,0.91,,,,,
2026-05-22,5301,東海カーボン,1627.0,1594.0,1297.9,1098.6,,1835600,0.5,,,,,
2026-05-22,8331,千葉銀行,2378.5,2341.2,2203.3,2159.2,,1831500,0.66,,,,,
2026-05-22,3099,三越伊勢丹ホールディングス,3306.0,3225.0,3119.2,3045.6,,1777900,0.72,,,,,
2026-05-22,6958,日本シイエムケイ,695.0,662.8,641.9,603.5,,1770000,0.85,,,,,
2026-05-22,6532,ベイカレント,5767.0,5570.0,5340.5,4873.1,,1709100,1.05,,,,,
2026-05-22,4182,三菱瓦斯化学,5060.0,4762.0,4605.8,4305.1,,1675800,0.81,,,,,
2026-05-22,6966,三井ハイテック,746.0,721.0,697.2,690.6,,1625600,0.94,,,,,
2026-05-22,6504,富士電機,16280.0,15011.0,13998.5,12409.4,,1528400,1.3,,,,,
2026-05-22,5831,しずおかフィナンシャルグループ,2997.0,2963.7,2830.7,2787.2,,1522700,0.82,,,,,
2026-05-22,6544,ジャパンエレベーターサービスホールディングス,1863.0,1857.4,1692.8,1661.7,,1513200,1.94,,,,,
2026-05-22,6141,ＤＭＧ森精機,3294.0,3296.4,3240.7,2844.8,,1491400,0.76,,,,,
2026-05-22,8508,Ｊトラスト,797.0,761.0,677.3,600.7,,1488700,1.05,,,,,
2026-05-22,6268,ナブテスコ,5495.0,5273.2,5241.6,4745.7,,1480500,0.83,,,,,
2026-05-22,3776,ブロードバンドタワー,269.0,253.2,245.9,232.6,,1444600,3.0,,,,,
2026-05-22,6779,日本電波工業,2511.0,2267.0,2095.7,1600.9,,1433500,1.12,,,,,
2026-05-22,5333,ＮＧＫ,5861.0,5623.8,5220.6,4560.4,,1421600,0.82,,,,,
2026-05-22,4385,メルカリ,4201.0,4155.6,4028.2,3766.7,,1421400,0.57,,,,,
2026-05-22,4684,オービック,4141.0,4177.6,4176.3,4058.6,,1410800,0.94,,,,,
2026-05-22,9042,阪急阪神ホールディングス,4704.0,4839.0,4617.9,4538.2,,1396100,1.07,,,,,
2026-05-22,6407,ＣＫＤ,6740.0,6244.0,6234.0,5381.0,,1395200,1.55,,,,,
2026-05-22,9301,三菱倉庫,1504.5,1469.8,1420.3,1400.2,,1348500,0.94,,,,,
2026-05-22,9519,レノバ,1350.0,1313.0,1179.8,945.1,,1344500,0.74,,,,,
2026-05-22,6254,野村マイクロ・サイエンス,4980.0,4703.0,4229.8,3560.9,,1324800,1.04,,,,,
2026-05-22,4373,シンプレクス・ホールディングス,1037.0,1003.2,944.0,869.6,,1295100,1.32,,,,,
2026-05-22,5563,新日本電工,495.0,478.0,455.1,440.0,,1294900,1.01,,,,,
2026-05-22,8359,八十二長野銀行,2335.0,2294.2,2209.8,2079.1,,1241600,0.71,,,,,
2026-05-22,9147,ＮＩＰＰＯＮ　ＥＸＰＲＥＳＳホールディングス,4897.0,4837.4,4342.9,3933.2,,1240000,0.73,,,,,
2026-05-22,9513,電源開発,4134.0,4286.8,3995.5,3973.2,,1218500,1.12,,,,,
2026-05-22,4324,電通グループ,3049.0,3111.2,3038.9,2910.2,,1211800,0.7,,,,,
2026-05-22,7956,ピジョン,1860.0,1859.4,1757.5,1684.4,,1196800,0.84,,,,,
2026-05-22,4042,東ソー,2601.0,2590.5,2543.5,2474.1,,1194600,0.59,,,,,
2026-05-22,7180,九州フィナンシャルグループ,1453.5,1422.3,1326.6,1266.1,,1188300,0.71,,,,,
2026-05-22,5334,日本特殊陶業,9649.0,9601.6,8986.4,8154.1,,1182800,0.8,,,,,
2026-05-22,4047,関東電化工業,3040.0,2779.2,2055.7,1728.4,,1172600,1.25,,,,,
2026-05-22,9552,クオンツ総研ホールディングス,932.0,862.6,701.7,670.4,,1162800,1.57,,,,,
2026-05-22,5332,ＴＯＴＯ,6820.0,6681.4,6320.5,5884.9,,1151600,0.79,,,,,
2026-05-22,8714,池田泉州ホールディングス,971.0,956.0,930.4,900.4,,1145200,0.9,,,,,
2026-05-22,9041,近鉄グループホールディングス,3542.0,3514.0,3458.1,3333.4,,1131000,1.29,,,,,
2026-05-22,8304,あおぞら銀行,2793.5,2748.7,2640.8,2628.3,,1115900,0.76,,,,,
2026-05-22,9983,ファーストリテイリング,75510.0,73478.0,72862.0,68586.2,,1113300,0.92,,,,,
2026-05-22,7762,シチズン時計,2143.0,2182.4,2008.8,1838.6,,1103100,0.6,,,,,
2026-05-22,4180,Ａｐｐｉｅｒ　Ｇｒｏｕｐ,971.0,963.0,952.5,854.9,,1101500,0.51,,,,,
2026-05-22,4704,トレンドマイクロ,6184.0,6027.2,5712.1,5478.6,,1094200,1.11,,,,,
2026-05-22,6996,ニチコン,3355.0,3072.2,2622.2,2181.9,,1068100,0.94,,,,,
2026-05-22,7600,日本エム・ディ・エム,809.0,737.8,584.8,582.4,,1062800,1.17,,,,,
2026-05-22,2432,ディー・エヌ・エー,2757.5,2747.2,2650.6,2613.0,,1062500,0.44,,,,,
2026-05-22,6480,日本トムソン,2066.0,1986.6,1490.3,1133.6,,1056800,0.48,,,,,
2026-05-22,4578,大塚ホールディングス,11650.0,11410.0,11129.0,10867.6,,1055700,1.01,,,,,
2026-05-22,4186,東京応化工業,11105.0,10425.8,10024.1,9031.1,,1045600,0.63,,,,,
2026-05-22,6134,ＦＵＪＩ,7918.0,7606.8,6717.9,5821.2,,1037800,0.89,,,,,
2026-05-22,6072,地盤ネットホールディングス,1192.0,1158.8,1102.8,1020.5,,1005900,0.86,,,,,
2026-05-22,6367,ダイキン工業,24065.0,23819.0,23335.0,20998.3,,995200,0.74,,,,,
2026-05-22,8088,岩谷産業,2091.5,2082.3,1962.7,1961.0,,955300,0.71,,,,,
2026-05-22,6871,日本マイクロニクス,15180.0,14788.0,13904.0,12154.5,,943600,0.66,,,,,
2026-05-22,8233,高島屋,1987.0,1972.9,1919.2,1917.0,,920000,0.86,,,,,
2026-05-22,7419,ノジマ,1417.0,1392.0,1287.0,1172.2,,883600,0.74,,,,,
2026-05-22,8368,百五銀行,1972.0,1967.0,1849.0,1692.8,,883200,0.73,,,,,
2026-05-22,6473,ジェイテクト,1931.0,1926.2,1885.5,1829.5,,883000,0.74,,,,,
2026-05-22,8334,群馬銀行,2316.0,2297.8,2183.3,2173.2,,873400,0.68,,,,,
2026-05-22,6861,キーエンス,79370.0,76214.0,74422.0,65231.5,,869400,0.97,,,,,
2026-05-22,2433,博報堂ＤＹホールディングス,1174.5,1188.1,1087.3,1078.0,,866800,0.57,,,,,
2026-05-22,8358,スルガ銀行,2370.0,2342.6,2288.8,2137.1,,859800,0.94,,,,,
2026-05-22,7327,第四北越フィナンシャルグループ,2115.0,2108.2,1988.3,1982.0,,855100,0.73,,,,,
2026-05-22,4021,日産化学,7245.0,7222.0,6972.6,6584.3,,841400,1.1,,,,,
2026-05-22,7747,朝日インテック,3680.0,3634.4,3398.4,3353.8,,830700,0.71,,,,,
2026-05-22,8086,ニプロ,1713.0,1683.3,1575.0,1571.6,,823100,0.58,,,,,
2026-05-22,8282,ケーズホールディングス,2083.0,2052.5,1900.5,1768.0,,817900,0.78,,,,,
2026-05-22,6264,マルマエ,2397.0,2215.8,2168.4,1852.2,,810000,0.58,,,,,
2026-05-22,9274,ＫＰＰグループホールディングス,1007.0,997.8,983.4,930.4,,794200,2.43,,,,,
2026-05-22,4205,日本ゼオン,2105.0,2114.7,1979.8,1915.0,,793900,0.48,,,,,
2026-05-22,7276,小糸製作所,2766.5,2741.2,2649.1,2607.6,,786100,0.6,,,,,
2026-05-22,4293,セプテーニ・ホールディングス,498.0,482.6,441.3,425.1,,772300,0.77,,,,,
2026-05-22,6481,ＴＨＫ,7258.0,7115.6,6540.4,5592.8,,771100,0.49,,,,,
2026-05-22,6768,タムラ製作所,951.0,937.4,873.0,748.5,,769500,0.58,,,,,
2026-05-22,4565,ネクセラファーマ,1125.0,1123.2,1084.4,988.9,,769500,0.56,,,,,
2026-05-22,7375,リファインバースグループ,2030.0,1915.6,1889.0,1478.5,,768300,2.99,,,,,
2026-05-22,3105,日清紡ホールディングス,2389.5,2331.4,2143.2,1794.0,,767700,0.53,,,,,
2026-05-22,7004,カナデビア,1342.0,1344.8,1278.2,1139.3,,754400,0.44,,,,,
2026-05-22,8346,東邦銀行,773.0,757.0,699.9,684.9,,752300,0.73,,,,,
2026-05-22,8141,新光商事,1603.0,1606.0,1601.0,1339.5,,747200,0.9,,,,,
2026-05-22,6521,オキサイド,6410.0,6076.0,5590.2,4688.6,,738000,0.87,,,,,
2026-05-22,9048,名古屋鉄道,1857.5,1885.5,1796.4,1784.3,,734600,0.77,,,,,
2026-05-22,1407,ウエストホールディングス,2891.0,2983.8,2826.5,2147.4,,733800,0.98,,,,,
2026-05-22,5991,日本発條,3244.0,3235.6,3063.9,2806.0,,706900,0.52,,,,,
2026-05-22,5741,ＵＡＣＪ,3165.0,3110.0,2914.9,2711.7,,706100,0.76,,,,,
2026-05-22,8418,山口フィナンシャルグループ,2863.0,2849.6,2742.4,2636.9,,695900,0.9,,,,,
2026-05-22,3563,ＦＯＯＤ　＆　ＬＩＦＥ　ＣＯＭＰＡＮＩＥＳ,10825.0,10676.0,9948.6,9702.1,,689200,0.38,,,,,
2026-05-22,5463,丸一鋼管,1833.5,1842.1,1606.0,1525.6,,684000,0.63,,,,,
2026-05-22,7707,プレシジョン・システム・サイエンス,277.0,266.0,241.0,228.2,,682100,0.42,,,,,
2026-05-22,5844,京都フィナンシャルグループ,4479.0,4428.0,4378.1,4250.4,,675000,0.59,,,,,
2026-05-22,2585,ライフドリンク　カンパニー,1496.0,1517.0,1409.5,1299.6,,674300,0.45,,,,,
2026-05-22,3632,グリーホールディングス,419.0,412.2,385.1,382.6,,668600,0.78,,,,,
2026-05-22,8354,ふくおかフィナンシャルグループ,6657.0,6632.2,6465.8,6369.8,,660600,0.95,,,,,
2026-05-22,7082,ジモティー,1416.0,1325.8,1013.4,862.5,,634000,2.24,,,,,
2026-05-22,6055,ジャパンマテリアル,1993.0,1997.4,1939.7,1868.8,,625300,0.55,,,,,
2026-05-22,5393,ニチアス,3434.0,3345.4,3293.8,3079.0,,625000,0.59,,,,,
2026-05-22,6890,フェローテック,8930.0,8832.0,8495.0,7108.7,,624500,0.4,,,,,
2026-05-22,2371,カカクコム,3412.0,3411.2,2939.2,2278.5,,624000,0.21,,,,,
2026-05-22,4043,トクヤマ,4444.0,4348.8,4221.1,4012.3,,609200,0.55,,,,,
2026-05-22,7177,ＧＭＯフィナンシャルホールディングス,1157.0,1089.0,1053.6,969.9,,601600,1.52,,,,,
2026-05-22,4419,Ｆｉｎａｔｅｘｔホールディングス,1173.0,1180.0,1175.7,1031.5,,599500,0.65,,,,,
2026-05-22,8550,栃木銀行,972.0,957.0,949.5,938.6,,588200,0.79,,,,,
2026-05-22,7256,河西工業,405.0,419.8,410.2,324.1,,587100,0.28,,,,,
2026-05-22,6586,マキタ,5716.0,5653.2,5635.9,5548.0,,585100,0.74,,,,,
2026-05-22,6614,シキノハイテック,1085.0,984.0,872.2,841.6,,579100,5.07,,,,,
2026-05-22,9006,京浜急行電鉄,1527.5,1560.3,1552.8,1545.5,,576400,0.58,,,,,
2026-05-22,2222,寿スピリッツ,2004.5,2039.2,2032.9,1964.7,,575800,0.93,,,,,
2026-05-22,7337,ひろぎんホールディングス,2082.0,2068.6,1932.4,1871.3,,568100,0.66,,,,,
2026-05-22,4344,ソースネクスト,132.0,131.2,129.1,126.7,,567500,0.66,,,,,
2026-05-22,4368,扶桑化学工業,4185.0,3958.0,3553.9,3183.0,,566400,0.54,,,,,
2026-05-22,7826,フルヤ金属,10080.0,9998.0,8601.0,7512.0,,563500,0.66,,,,,
2026-05-22,6787,メイコー,43450.0,39110.0,33398.0,28100.5,,560800,1.05,,,,,
2026-05-22,6925,ウシオ電機,4081.0,4001.4,3508.2,3187.4,,559000,0.88,,,,,
2026-05-22,4527,ロート製薬,2538.5,2520.7,2403.1,2397.8,,555100,0.6,,,,,
2026-05-22,3132,マクニカホールディングス,3227.0,3205.6,2876.4,2565.8,,552800,0.42,,,,,
2026-05-22,8078,阪和興業,1767.0,1743.0,1691.9,1655.3,,546700,0.9,,,,,
2026-05-22,8381,山陰合同銀行,2113.0,2037.4,1926.2,1823.1,,546100,1.02,,,,,
2026-05-22,6143,ソディック,1729.0,1652.8,1620.3,1466.8,,544000,0.66,,,,,
2026-05-22,4203,住友ベークライト,6765.0,6496.0,5956.4,5531.2,,539700,0.41,,,,,
2026-05-22,6240,ヤマシンフィルタ,611.0,598.8,540.3,523.8,,529600,0.58,,,,,
2026-05-22,6923,スタンレー電気,3488.0,3467.4,3220.6,3062.9,,526200,0.54,,,,,
2026-05-22,9449,ＧＭＯインターネットグループ,3396.0,3335.6,3187.4,3017.8,,523000,1.15,,,,,
2026-05-22,6448,ブラザー工業,3488.0,3494.2,3252.2,3096.6,,512600,0.48,,,,,
2026-05-22,4475,ＨＥＮＮＧＥ,1125.0,1096.2,1018.7,980.5,,510200,1.0,,,,,
2026-05-22,6376,日機装,3205.0,2988.8,2732.6,2569.4,,506700,1.18,,,,,
2026-05-22,4272,日本化薬,2090.5,2061.2,1883.8,1848.2,,504900,0.6,,,,,
2026-05-22,3673,ブロードリーフ,967.0,989.6,913.0,900.3,,504400,0.89,,,,,
2026-05-25,8918,ランド,10.0,10.2,10.2,9.7,,246962700,1.15,,,,,
2026-05-25,9984,ソフトバンクグループ,7070.0,6053.2,5842.3,4544.6,,91615400,1.35,,,,,
2026-05-25,9434,ソフトバンク,217.6,224.2,221.8,217.6,,66248800,0.87,,,,,
2026-05-25,6659,メディアリンクス,96.0,63.6,43.1,40.9,,41475300,2.61,,,,,
2026-05-25,6981,村田製作所,7928.0,6825.8,5856.2,4560.9,,36000700,2.7,,,,,
2026-05-25,8306,三菱ＵＦＪフィナンシャル・グループ,3066.0,3072.4,2904.0,2812.0,,32348200,0.73,,,,,
2026-05-25,6723,ルネサスエレクトロニクス,4297.0,3827.0,3515.1,2887.8,,21782700,1.16,,,,,
2026-05-25,6762,ＴＤＫ,3715.0,3230.9,2947.2,2451.0,,20639200,1.82,,,,,
2026-05-25,6758,ソニーグループ,3598.0,3600.6,3392.8,3361.8,,16838300,0.52,,,,,
2026-05-25,6526,ソシオネクスト,2897.0,2555.2,2241.9,1986.6,,14348100,1.18,,,,,
2026-05-25,8316,三井住友フィナンシャルグループ,6056.0,5983.4,5690.3,5501.5,,13205000,0.85,,,,,
2026-05-25,4005,住友化学,603.0,593.7,547.9,526.5,,12251800,0.64,,,,,
2026-05-25,8411,みずほフィナンシャルグループ,7304.0,7186.0,6872.0,6627.3,,11943500,0.96,,,,,
2026-05-25,6752,パナソニック　ホールディングス,3566.0,3410.8,3260.6,2871.7,,11042100,1.02,,,,,
2026-05-25,6613,ＱＤレーザ,3190.0,2832.2,1916.3,1398.3,,10945800,0.66,,,,,
2026-05-25,3905,データセクション,4490.0,4027.0,2428.8,1823.5,,10639300,3.07,,,,,
2026-05-25,3436,ＳＵＭＣＯ,3427.0,3132.4,2952.1,2187.8,,9962100,0.61,,,,,
2026-05-25,6501,日立製作所,5054.0,5006.2,4958.1,4902.7,,9871700,0.69,,,,,
2026-05-25,3853,アステリア,2332.0,2093.2,1682.8,1478.4,,9714700,4.41,,,,,
2026-05-25,6594,ニデック,2821.0,2681.8,2565.8,2349.8,,9625500,0.82,,,,,
2026-05-25,8058,三菱商事,5320.0,5423.6,5301.6,5283.9,,8281500,0.85,,,,,
2026-05-25,3687,フィックスターズ,1920.0,1709.8,1449.1,1385.4,,7999400,7.48,,,,,
2026-05-25,4062,イビデン,20930.0,17803.0,15269.2,10860.5,,7628200,0.8,,,,,
2026-05-25,7272,ヤマハ発動機,1213.0,1235.5,1165.8,1157.1,,7516400,0.79,,,,,
2026-05-25,5074,テスホールディングス,1306.0,1199.6,946.9,726.2,,7371800,1.23,,,,,
2026-05-25,8750,第一ライフグループ,1666.0,1659.1,1517.4,1487.3,,6876300,0.73,,,,,
2026-05-25,7182,ゆうちょ銀行,3093.0,3097.2,2817.0,2751.6,,6814000,0.81,,,,,
2026-05-25,6954,ファナック,8428.0,7850.6,7405.3,6535.9,,6752400,0.73,,,,,
2026-05-25,6963,ローム,5030.0,4467.4,3971.3,3532.2,,6649400,0.99,,,,,
2026-05-25,2181,パーソルホールディングス,237.3,241.1,238.2,237.6,,6619500,0.66,,,,,
2026-05-25,8308,りそなホールディングス,2124.0,2098.0,1992.9,1882.4,,6534900,0.68,,,,,
2026-05-25,6506,安川電機,7481.0,6729.0,6236.2,5236.0,,6412300,1.04,,,,,
2026-05-25,6965,浜松ホトニクス,2973.5,2775.3,2312.8,2075.7,,6394400,0.97,,,,,
2026-05-25,6178,日本郵政,2091.5,2108.9,1925.4,1883.8,,6223700,0.94,,,,,
2026-05-25,6525,ＫＯＫＵＳＡＩ　ＥＬＥＣＴＲＩＣ,7647.0,6945.0,6756.7,6207.7,,6058600,0.65,,,,,
2026-05-25,6971,京セラ,3106.0,2975.1,2838.4,2657.7,,5895200,1.09,,,,,
2026-05-25,4259,エクサウィザーズ,1362.0,1193.8,898.0,743.7,,5752400,1.4,,,,,
2026-05-25,8766,東京海上ホールディングス,7387.0,7646.2,7342.5,6913.6,,5595400,0.82,,,,,
2026-05-25,6976,太陽誘電,10605.0,8696.2,7104.0,5430.4,,5570200,0.92,,,,,
2026-05-25,5802,住友電気工業,12265.0,11236.0,11009.5,10275.0,,5286700,0.59,,,,,
2026-05-25,2802,味の素,5475.0,5239.4,5107.1,4755.9,,5159900,0.89,,,,,
2026-05-25,6619,ダブル・スコープ,337.0,323.4,263.7,225.0,,4936600,1.23,,,,,
2026-05-25,7868,広済堂ホールディングス,652.0,660.0,623.3,535.3,,4759100,1.13,,,,,
2026-05-25,6724,セイコーエプソン,2876.0,2564.0,2357.2,2139.9,,4546700,2.0,,,,,
2026-05-25,3923,ラクス,950.7,913.6,875.0,822.8,,4485500,1.18,,,,,
2026-05-25,3810,サイバーステップホールディングス,300.0,333.6,295.7,261.5,,4469900,0.54,,,,,
2026-05-25,9831,ヤマダホールディングス,600.0,598.8,558.1,550.9,,4410600,1.16,,,,,
2026-05-25,4004,レゾナック・ホールディングス,19450.0,17396.0,16100.5,13180.7,,4334200,1.0,,,,,
2026-05-25,4902,コニカミノルタ,592.2,585.1,550.0,548.2,,4283800,0.98,,,,,
2026-05-25,5801,古河電気工業,58080.0,52424.0,48521.5,38569.7,,4214900,0.63,,,,,
2026-05-25,7733,オリンパス,1818.5,1860.4,1674.0,1538.5,,3854400,0.55,,,,,
2026-05-25,6326,クボタ,2747.5,2723.7,2712.6,2704.2,,3804700,0.77,,,,,
2026-05-25,6472,ＮＴＮ,422.0,397.7,396.2,367.1,,3780300,0.42,,,,,
2026-05-25,4901,富士フイルムホールディングス,3194.0,3177.0,3074.1,3066.3,,3598500,0.53,,,,,
2026-05-25,8725,ＭＳ＆ＡＤインシュアランスグループホールディングス,4216.0,4346.8,4177.2,4129.1,,3443400,0.73,,,,,
2026-05-25,6098,リクルートホールディングス,9688.0,9708.0,8194.4,7265.1,,3397800,0.4,,,,,
2026-05-25,9502,中部電力,2811.5,2741.5,2695.1,2656.6,,3296600,1.26,,,,,
2026-05-25,2914,日本たばこ産業,6097.0,6252.6,6047.4,5946.9,,3270200,0.71,,,,,
2026-05-25,7186,横浜フィナンシャルグループ,1654.0,1663.8,1554.3,1515.6,,3213600,0.76,,,,,
2026-05-25,6768,タムラ製作所,1101.0,966.2,890.9,755.5,,3013200,2.34,,,,,
2026-05-25,1963,日揮ホールディングス,2863.0,2713.8,2506.9,2405.0,,2968800,0.96,,,,,
2026-05-25,4443,Ｓａｎｓａｎ,1528.0,1440.0,1327.2,1238.0,,2967400,1.85,,,,,
2026-05-25,8591,オリックス,6286.0,6144.6,5570.3,5136.9,,2862600,0.61,,,,,
2026-05-25,2693,ＹＫＴ,447.0,365.6,295.5,265.2,,2815300,3.19,,,,,
2026-05-25,4980,デクセリアルズ,4365.0,4033.2,3098.4,2588.5,,2788600,0.63,,,,,
2026-05-25,7752,リコー,1459.0,1454.4,1380.7,1374.9,,2764100,0.93,,,,,
2026-05-25,4307,野村総合研究所,4612.0,4705.0,4521.5,4423.1,,2705400,0.66,,,,,
2026-05-25,9412,スカパーＪＳＡＴ,4455.0,4213.0,3779.2,3248.3,,2687000,0.9,,,,,
2026-05-25,8035,東京エレクトロン,52180.0,48814.0,48774.5,43754.0,,2671900,1.03,,,,,
2026-05-25,7220,武蔵精密工業,6160.0,5332.0,5081.8,3626.0,,2653800,0.99,,,,,
2026-05-25,8053,住友商事,7361.0,7168.0,6829.5,6266.9,,2557700,0.81,,,,,
2026-05-25,6479,ミネベアミツミ,4221.0,3939.6,3530.8,3080.1,,2539800,0.79,,,,,
2026-05-25,4180,Ａｐｐｉｅｒ　Ｇｒｏｕｐ,933.0,955.0,953.0,858.8,,2441500,1.17,,,,,
2026-05-25,6754,アンリツ,4732.0,4465.2,4100.6,3388.0,,2323900,1.14,,,,,
2026-05-25,3753,フライトソリューションズ,230.0,198.8,167.4,157.1,,2314700,2.3,,,,,
2026-05-25,6996,ニチコン,3655.0,3228.8,2696.0,2208.1,,2295900,2.04,,,,,
2026-05-25,8309,三井住友トラストグループ,5661.0,5667.2,5457.9,5268.0,,2226400,0.75,,,,,
2026-05-25,8508,Ｊトラスト,820.0,778.0,688.0,605.7,,2162400,1.51,,,,,
2026-05-25,4392,ＦＩＧ,2185.0,1778.4,847.9,499.1,,2155600,0.16,,,,,
2026-05-25,3064,ＭｏｎｏｔａＲＯ,1902.5,1941.0,1866.2,1863.7,,2116600,0.57,,,,,
2026-05-25,8015,豊田通商,7096.0,6940.0,6781.5,6514.4,,2000800,0.77,,,,,
2026-05-25,6840,ＡＫＩＢＡホールディングス,1405.0,1016.0,752.7,581.3,,1981800,2.13,,,,,
2026-05-25,8331,千葉銀行,2348.0,2355.8,2216.6,2158.6,,1876200,0.7,,,,,
2026-05-25,9684,スクウェア・エニックス・ホールディングス,2703.5,2731.7,2565.2,2563.9,,1867100,1.05,,,,,
2026-05-25,3626,ＴＩＳ,3416.0,3511.2,3497.5,3407.2,,1853200,1.04,,,,,
2026-05-25,6324,ハーモニック・ドライブ・システムズ,7660.0,6634.0,5913.0,4742.8,,1849300,0.72,,,,,
2026-05-25,5706,三井金属,53330.0,47752.0,45813.5,37399.8,,1847400,0.66,,,,,
2026-05-25,5201,ＡＧＣ,6657.0,6328.6,5905.3,5886.2,,1772800,0.75,,,,,
2026-05-25,3099,三越伊勢丹ホールディングス,3250.0,3228.8,3127.4,3050.0,,1751200,0.71,,,,,
2026-05-25,7162,アストマックス,369.0,333.0,312.0,253.5,,1747800,0.6,,,,,
2026-05-25,8714,池田泉州ホールディングス,996.0,967.8,934.0,901.4,,1743400,1.41,,,,,
2026-05-25,6232,ＡＣＳＬ,2728.0,2893.6,2748.1,1951.3,,1729600,0.55,,,,,
2026-05-25,6072,地盤ネットホールディングス,1307.0,1203.2,1110.5,1024.3,,1728100,1.44,,,,,
2026-05-25,4385,メルカリ,4215.0,4184.2,4033.6,3777.2,,1671100,0.69,,,,,
2026-05-25,6590,芝浦メカトロニクス,5420.0,4970.0,4950.0,4860.0,,1669900,0.67,,,,,
2026-05-25,4182,三菱瓦斯化学,5243.0,4886.6,4651.9,4319.1,,1654400,0.79,,,,,
2026-05-25,5301,東海カーボン,1636.5,1601.3,1327.7,1108.5,,1647100,0.45,,,,,
2026-05-25,6268,ナブテスコ,5648.0,5337.0,5283.5,4761.2,,1643100,0.97,,,,,
2026-05-25,4088,エア・ウォーター,2516.0,2522.2,2231.5,2182.9,,1614600,0.32,,,,,
2026-05-25,2334,イオレ,494.0,530.2,511.7,431.2,,1600600,0.56,,,,,
2026-05-25,7167,めぶきフィナンシャルグループ,1388.0,1389.0,1331.7,1287.2,,1587100,0.68,,,,,
2026-05-25,5831,しずおかフィナンシャルグループ,2993.0,2983.2,2843.9,2785.1,,1584700,0.88,,,,,
2026-05-25,6666,リバーエレテック,1434.0,1112.6,1075.1,855.0,,1573000,5.35,,,,,
2026-05-25,3563,ＦＯＯＤ　＆　ＬＩＦＥ　ＣＯＭＰＡＮＩＥＳ,10195.0,10622.0,9988.5,9716.8,,1536000,1.41,,,,,
2026-05-25,6966,三井ハイテック,762.0,731.0,700.3,690.0,,1498100,0.88,,,,,
2026-05-25,6141,ＤＭＧ森精機,3443.0,3305.8,3275.7,2852.7,,1487800,0.88,,,,,
2026-05-25,4047,関東電化工業,3305.0,2930.2,2137.4,1755.9,,1463500,1.43,,,,,
2026-05-25,5563,新日本電工,510.0,486.0,458.4,441.4,,1463300,1.09,,,,,
2026-05-25,5333,ＮＧＫ,6210.0,5744.0,5303.9,4591.9,,1356400,0.82,,,,,
2026-05-25,4704,トレンドマイクロ,6356.0,6117.4,5730.6,5489.8,,1342600,1.41,,,,,
2026-05-25,6845,アズビル,1615.5,1576.9,1469.4,1438.7,,1335600,0.64,,,,,
2026-05-25,3101,東洋紡,1671.0,1607.6,1530.9,1503.4,,1312900,1.43,,,,,
2026-05-25,9301,三菱倉庫,1495.5,1485.6,1425.0,1402.3,,1282600,0.89,,,,,
2026-05-25,7762,シチズン時計,2167.0,2168.2,2023.7,1845.9,,1257100,0.69,,,,,
2026-05-25,4042,東ソー,2636.5,2601.8,2553.6,2474.1,,1255100,0.71,,,,,
2026-05-25,2585,ライフドリンク　カンパニー,1541.0,1523.0,1413.0,1303.6,,1229900,0.87,,,,,
2026-05-25,6480,日本トムソン,2215.0,2028.0,1549.2,1152.9,,1209100,0.55,,,,,
2026-05-25,8141,新光商事,1600.0,1607.0,1603.5,1348.4,,1206200,1.38,,,,,
2026-05-25,9519,レノバ,1335.0,1325.4,1197.6,955.3,,1204700,0.67,,,,,
2026-05-25,9513,電源開発,4082.0,4256.4,4010.8,3981.7,,1202600,1.07,,,,,
2026-05-25,6532,ベイカレント,5682.0,5642.8,5337.3,4893.1,,1200900,0.74,,,,,
2026-05-25,6958,日本シイエムケイ,726.0,673.8,647.1,605.6,,1191600,0.54,,,,,
2026-05-25,8233,高島屋,1951.5,1972.9,1919.9,1911.2,,1191500,1.15,,,,,
2026-05-25,8304,あおぞら銀行,2760.5,2767.7,2648.3,2626.3,,1183400,0.83,,,,,
2026-05-25,2267,ヤクルト本社,2773.5,2785.7,2783.3,2683.7,,1175800,0.66,,,,,
2026-05-25,6997,日本ケミコン,4065.0,3279.8,2925.3,2097.9,,1168700,1.1,,,,,
2026-05-25,6504,富士電機,17100.0,15476.0,14250.5,12484.8,,1148800,1.02,,,,,
2026-05-25,8359,八十二長野銀行,2346.0,2320.3,2225.3,2083.3,,1134000,0.69,,,,,
2026-05-25,6407,ＣＫＤ,6890.0,6376.0,6297.0,5405.8,,1132100,1.15,,,,,
2026-05-25,4536,参天製薬,1925.0,1901.8,1745.9,1744.0,,1113800,0.71,,,,,
2026-05-25,6134,ＦＵＪＩ,8323.0,7724.4,6835.8,5866.5,,1103300,0.91,,,,,
2026-05-25,6481,ＴＨＫ,7470.0,7170.0,6632.0,5633.1,,1073200,0.69,,,,,
2026-05-25,6264,マルマエ,2513.0,2277.6,2207.8,1861.5,,1068900,0.79,,,,,
2026-05-25,4373,シンプレクス・ホールディングス,1016.0,1016.8,948.4,872.6,,1059800,1.04,,,,,
2026-05-25,6473,ジェイテクト,2020.5,1939.8,1897.9,1829.1,,1054900,0.93,,,,,
2026-05-25,9147,ＮＩＰＰＯＮ　ＥＸＰＲＥＳＳホールディングス,4963.0,4876.4,4398.6,3954.7,,1036300,0.62,,,,,
2026-05-25,7419,ノジマ,1435.0,1413.6,1294.7,1177.0,,1031700,0.99,,,,,
2026-05-25,4186,東京応化工業,11620.0,10671.8,10137.9,9070.8,,1007600,0.62,,,,,
2026-05-25,9042,阪急阪神ホールディングス,4645.0,4784.4,4614.1,4539.7,,1000300,0.75,,,,,
2026-05-25,7956,ピジョン,1823.0,1848.1,1764.2,1687.4,,996800,0.7,,,,,
2026-05-25,2432,ディー・エヌ・エー,2747.0,2752.6,2652.8,2614.4,,996200,0.5,,,,,
2026-05-25,7004,カナデビア,1375.0,1344.0,1287.0,1144.2,,988300,0.59,,,,,
2026-05-25,5332,ＴＯＴＯ,7057.0,6707.0,6404.1,5899.2,,986300,0.75,,,,,
2026-05-25,4324,電通グループ,3025.0,3104.0,3037.4,2913.4,,984400,0.59,,,,,
2026-05-25,4344,ソースネクスト,128.0,131.0,129.1,126.6,,982000,1.16,,,,,
2026-05-25,8088,岩谷産業,2077.5,2081.1,1966.5,1963.4,,972300,0.72,,,,,
2026-05-25,6055,ジャパンマテリアル,2124.0,2006.6,1953.7,1870.2,,939200,0.84,,,,,
2026-05-25,7180,九州フィナンシャルグループ,1435.5,1433.5,1334.8,1268.1,,939000,0.57,,,,,
2026-05-25,8358,スルガ銀行,2395.0,2361.0,2295.0,2141.2,,926300,1.02,,,,,
2026-05-25,6787,メイコー,42750.0,39700.0,34144.0,28454.5,,922200,1.69,,,,,
2026-05-25,6871,日本マイクロニクス,15330.0,14716.0,14047.5,12211.7,,919600,0.64,,,,,
2026-05-25,5844,京都フィナンシャルグループ,4575.0,4468.2,4390.2,4265.0,,904000,0.81,,,,,
2026-05-25,6143,ソディック,1871.0,1688.4,1642.0,1475.6,,871400,1.07,,,,,
2026-05-25,3105,日清紡ホールディングス,2466.0,2362.6,2167.8,1806.6,,870000,0.61,,,,,
2026-05-25,7747,朝日インテック,3590.0,3639.6,3409.2,3363.9,,857300,0.75,,,,,
2026-05-25,6140,旭ダイヤモンド工業,1396.0,1323.6,1317.7,1316.0,,855800,0.75,,,,,
2026-05-25,2433,博報堂ＤＹホールディングス,1162.5,1187.8,1091.6,1078.6,,854400,0.61,,,,,
2026-05-25,6376,日機装,3450.0,3080.6,2776.4,2587.7,,851000,1.89,,,,,
2026-05-25,4205,日本ゼオン,2143.5,2110.0,1998.0,1916.8,,849300,0.52,,,,,
2026-05-25,9552,クオンツ総研ホールディングス,878.0,895.0,711.7,672.0,,848800,1.02,,,,,
2026-05-25,8334,群馬銀行,2305.0,2311.2,2192.6,2174.9,,848400,0.68,,,,,
2026-05-25,6448,ブラザー工業,3610.0,3514.0,3279.6,3105.2,,847800,0.86,,,,,
2026-05-25,4369,トリケミカル研究所,3765.0,3437.0,3368.5,3141.9,,843600,1.27,,,,,
2026-05-25,5334,日本特殊陶業,9809.0,9592.4,9040.0,8187.7,,839200,0.59,,,,,
2026-05-25,4631,ＤＩＣ,4859.0,4614.8,3964.0,3930.4,,837500,0.79,,,,,
2026-05-25,4578,大塚ホールディングス,11525.0,11479.0,11176.2,10882.7,,823100,0.83,,,,,
2026-05-25,6254,野村マイクロ・サイエンス,5130.0,4757.0,4293.8,3588.7,,819500,0.65,,,,,
2026-05-25,3132,マクニカホールディングス,3206.0,3176.2,2914.6,2575.4,,810000,0.63,,,,,
2026-05-25,5393,ニチアス,3519.0,3381.2,3313.4,3089.3,,803700,0.78,,,,,
2026-05-25,9006,京浜急行電鉄,1544.0,1554.6,1552.5,1545.6,,801900,0.82,,,,,
2026-05-25,6890,フェローテック,9220.0,8836.0,8615.5,7154.8,,801300,0.55,,,,,
2026-05-25,6367,ダイキン工業,24470.0,23909.0,23477.0,21077.3,,796900,0.63,,,,,
2026-05-25,5741,ＵＡＣＪ,3435.0,3187.0,2939.8,2727.6,,795200,0.84,,,,,
2026-05-25,3632,グリーホールディングス,409.0,412.4,386.6,383.1,,775900,0.89,,,,,
2026-05-25,2371,カカクコム,3408.0,3407.4,3004.6,2307.4,,770700,0.28,,,,,
2026-05-25,6925,ウシオ電機,4214.0,4008.4,3559.4,3206.2,,770100,1.2,,,,,
2026-05-25,8086,ニプロ,1699.5,1701.6,1580.4,1574.3,,766800,0.54,,,,,
2026-05-25,6521,オキサイド,6100.0,5940.0,5640.8,4740.9,,766100,0.98,,,,,
2026-05-25,5991,日本発條,3417.0,3251.2,3096.0,2812.6,,762800,0.57,,,,,
2026-05-25,4043,トクヤマ,4696.0,4404.4,4263.9,4021.1,,761800,0.72,,,,,
2026-05-25,8346,東邦銀行,779.0,767.4,704.5,686.0,,761700,0.83,,,,,
2026-05-25,8609,岡三証券グループ,952.0,915.4,906.5,892.4,,761200,1.93,,,,,
2026-05-25,4368,扶桑化学工業,4550.0,4074.0,3629.2,3207.7,,761200,0.74,,,,,
2026-05-25,9983,ファーストリテイリング,75090.0,74458.0,72929.0,68721.7,,755500,0.66,,,,,
2026-05-25,8282,ケーズホールディングス,2037.0,2055.9,1913.8,1774.0,,749200,0.77,,,,,
2026-05-25,6779,日本電波工業,3015.0,2401.6,2144.8,1631.5,,703800,0.55,,,,,
2026-05-25,7337,ひろぎんホールディングス,2094.5,2082.9,1945.1,1874.2,,683200,0.82,,,,,
2026-05-25,8418,山口フィナンシャルグループ,2843.5,2860.4,2751.1,2638.8,,675500,0.89,,,,,
2026-05-25,4565,ネクセラファーマ,1114.0,1122.0,1088.4,992.6,,674800,0.66,,,,,
2026-05-25,7327,第四北越フィナンシャルグループ,2115.0,2117.2,1999.5,1984.0,,673800,0.59,,,,,
2026-05-25,8368,百五銀行,1974.0,1973.8,1858.9,1699.7,,673400,0.56,,,,,
2026-05-25,6923,スタンレー電気,3548.0,3484.6,3246.2,3068.9,,667900,0.7,,,,,
2026-05-25,3774,インターネットイニシアティブ,3025.0,3069.8,2918.1,2589.4,,657400,0.79,,,,,
2026-05-25,4651,サニックスホールディングス,252.0,257.4,246.3,224.7,,650800,0.44,,,,,
2026-05-25,6962,大真空,964.0,820.4,783.8,692.4,,650200,1.82,,,,,
2026-05-25,4475,ＨＥＮＮＧＥ,1153.0,1114.0,1027.1,983.4,,631400,1.42,,,,,
2026-05-25,7276,小糸製作所,2792.5,2740.5,2660.1,2608.7,,630400,0.5,,,,,
2026-05-25,4293,セプテーニ・ホールディングス,509.0,491.8,445.1,426.9,,629100,0.6,,,,,
2026-05-25,9449,ＧＭＯインターネットグループ,3438.0,3361.2,3193.8,3026.2,,618700,1.37,,,,,
2026-05-25,4776,サイボウズ,2587.0,2499.2,2248.7,2165.2,,617500,0.8,,,,,
2026-05-25,4203,住友ベークライト,6795.0,6561.4,6031.6,5548.1,,616300,0.48,,,,,
2026-05-25,9041,近鉄グループホールディングス,3512.0,3521.4,3464.1,3336.9,,612300,0.68,,,,,
2026-05-25,3776,ブロードバンドタワー,269.0,257.8,247.9,233.4,,608900,1.07,,,,,
2026-05-25,4527,ロート製薬,2502.5,2533.3,2409.6,2399.9,,601400,0.67,,,,,
2026-05-25,8550,栃木銀行,995.0,971.8,951.1,938.5,,591500,0.84,,,,,
2026-05-25,7707,プレシジョン・システム・サイエンス,261.0,268.4,242.4,228.9,,590000,0.41,,,,,
2026-05-25,6861,キーエンス,78860.0,76620.0,75206.5,65522.0,,578600,0.71,,,,,
2026-05-25,7380,十六フィナンシャルグループ,2125.0,2108.8,2070.2,1966.2,,576500,1.02,,,,,
2026-05-25,8283,ＰＡＬＴＡＣ,6631.0,6630.4,5556.2,5043.1,,576400,0.91,,,,,
2026-05-25,9514,エフオン,368.0,393.0,384.2,373.3,,567500,1.76,,,,,
2026-05-25,8366,滋賀銀行,2142.0,2129.2,1983.0,1888.5,,560200,0.78,,,,,
2026-05-25,6544,ジャパンエレベーターサービスホールディングス,1815.5,1851.0,1700.9,1664.8,,554500,0.64,,,,,
2026-05-25,2531,宝ホールディングス,2049.5,1970.6,1841.6,1703.6,,550800,1.06,,,,,
2026-05-25,6240,ヤマシンフィルタ,605.0,596.0,545.7,524.0,,547200,0.59,,,,,
2026-05-25,8381,山陰合同銀行,2096.0,2060.8,1935.3,1828.7,,547100,1.08,,,,,
2026-05-25,7600,日本エム・ディ・エム,812.0,753.6,596.9,586.5,,546100,0.56,,,,,
2026-05-25,4021,日産化学,7296.0,7210.2,6998.3,6596.0,,545800,0.7,,,,,
2026-05-25,4419,Ｆｉｎａｔｅｘｔホールディングス,1219.0,1203.0,1178.3,1037.7,,541900,0.6,,,,,
2026-05-25,2175,エス・エム・エス,2008.0,1918.4,1812.5,1736.7,,537800,1.21,,,,,
2026-05-25,6597,ＨＰＣシステムズ,3820.0,3192.2,2875.9,2362.5,,536000,4.97,,,,,
2026-05-25,5233,太平洋セメント,4140.0,4048.0,3806.8,3791.3,,533400,0.5,,,,,
2026-05-25,6835,アライドテレシスホールディングス,282.0,279.4,275.4,274.1,,533300,0.85,,,,,
2026-05-25,8876,リログループ,1972.0,1988.6,1955.9,1945.7,,533100,1.01,,,,,
2026-05-25,5830,いよぎんホールディングス,3120.0,3121.8,3090.9,3074.4,,530600,0.61,,,,,
2026-05-25,9048,名古屋鉄道,1837.0,1873.6,1800.6,1784.8,,525700,0.55,,,,,
2026-05-25,9274,ＫＰＰグループホールディングス,1041.0,1011.8,985.9,932.6,,525500,1.37,,,,,
2026-05-25,8242,エイチ・ツー・オー　リテイリング,2513.5,2541.3,2419.6,2417.3,,522000,1.07,,,,,
2026-05-25,6999,ＫＯＡ,2414.0,2207.4,2040.0,1838.3,,514500,1.0,,,,,
2026-05-25,1407,ウエストホールディングス,2991.0,2986.0,2861.6,2169.0,,511800,0.68,,,,,
2026-05-25,8354,ふくおかフィナンシャルグループ,6714.0,6676.2,6488.8,6368.2,,505800,0.73,,,,,
2026-05-25,7282,豊田合成,4730.0,4606.8,4530.4,4438.1,,504000,1.07,,,,,
2026-05-25,4246,ダイキョーニシカワ,1054.0,1034.0,933.8,895.1,,503900,0.7,,,,,
2026-05-26,8918,ランド,10.0,10.2,10.2,9.7,,254659700,1.17,,,,,
2026-05-26,9984,ソフトバンクグループ,7841.0,6549.2,5953.4,4607.1,,111528500,1.63,,,,,
2026-05-26,6659,メディアリンクス,80.0,68.4,45.1,41.5,,64814900,3.26,,,,,
2026-05-26,8306,三菱ＵＦＪフィナンシャル・グループ,3061.0,3063.0,2917.4,2814.9,,33909800,0.76,,,,,
2026-05-26,6981,村田製作所,8077.0,7205.2,6014.5,4628.1,,23538000,1.52,,,,,
2026-05-26,6723,ルネサスエレクトロニクス,4589.0,4043.0,3589.9,2916.9,,23059700,1.21,,,,,
2026-05-26,4392,ＦＩＧ,2571.0,2020.6,958.9,536.3,,22645100,1.68,,,,,
2026-05-26,6762,ＴＤＫ,3627.0,3359.2,2993.5,2472.0,,16898300,1.36,,,,,
2026-05-26,6976,太陽誘電,11445.0,9431.6,7363.1,5538.3,,16692100,2.83,,,,,
2026-05-26,6758,ソニーグループ,3548.0,3566.2,3403.0,3365.9,,14580600,0.51,,,,,
2026-05-26,8058,三菱商事,5186.0,5357.0,5323.6,5284.8,,10540500,1.1,,,,,
2026-05-26,8316,三井住友フィナンシャルグループ,6065.0,6008.0,5721.5,5505.8,,10432400,0.67,,,,,
2026-05-26,6752,パナソニック　ホールディングス,3607.0,3461.6,3291.7,2890.8,,10358400,0.96,,,,,
2026-05-26,3810,サイバーステップホールディングス,228.0,307.2,295.0,261.6,,9735300,1.44,,,,,
2026-05-26,6966,三井ハイテック,865.0,761.6,708.9,690.7,,9156200,5.39,,,,,
2026-05-26,8411,みずほフィナンシャルグループ,7359.0,7280.6,6909.3,6634.4,,9138000,0.72,,,,,
2026-05-26,6594,ニデック,2823.0,2711.4,2585.4,2357.7,,8964700,0.76,,,,,
2026-05-26,6501,日立製作所,5056.0,5028.6,4959.2,4906.8,,8934400,0.65,,,,,
2026-05-26,4005,住友化学,593.4,590.4,552.1,526.8,,8846600,0.45,,,,,
2026-05-26,3436,ＳＵＭＣＯ,3354.0,3211.2,3007.8,2216.0,,8341500,0.56,,,,,
2026-05-26,7272,ヤマハ発動機,1226.0,1230.6,1170.4,1157.2,,8147100,0.85,,,,,
2026-05-26,4062,イビデン,20965.0,18932.0,15757.5,11045.2,,8083300,0.86,,,,,
2026-05-26,6526,ソシオネクスト,2844.0,2663.6,2290.6,2001.6,,7990100,0.67,,,,,
2026-05-26,6613,ＱＤレーザ,3320.0,2971.0,2006.0,1442.6,,7776000,0.47,,,,,
2026-05-26,2181,パーソルホールディングス,239.6,239.8,238.0,237.6,,7640700,0.76,,,,,
2026-05-26,8750,第一ライフグループ,1671.5,1662.6,1529.1,1490.0,,6614300,0.69,,,,,
2026-05-26,8308,りそなホールディングス,2084.5,2099.3,2004.4,1885.0,,6596900,0.7,,,,,
2026-05-26,4188,三菱ケミカルグループ,1118.5,1048.0,976.7,975.6,,6539000,0.64,,,,,
2026-05-26,3853,アステリア,2750.0,2285.8,1735.0,1505.2,,6438500,2.06,,,,,
2026-05-26,7182,ゆうちょ銀行,3050.0,3103.0,2841.7,2751.7,,5866200,0.71,,,,,
2026-05-26,3905,データセクション,4720.0,4302.0,2588.6,1872.0,,5811800,1.66,,,,,
2026-05-26,6178,日本郵政,2080.0,2106.3,1939.4,1884.4,,5742100,0.83,,,,,
2026-05-26,6525,ＫＯＫＵＳＡＩ　ＥＬＥＣＴＲＩＣ,7161.0,7057.2,6782.9,6220.9,,5599300,0.59,,,,,
2026-05-26,6472,ＮＴＮ,433.7,407.2,400.3,367.4,,5361100,0.59,,,,,
2026-05-26,2802,味の素,5344.0,5272.6,5141.4,4766.7,,5128700,1.02,,,,,
2026-05-26,6954,ファナック,8399.0,7998.0,7499.7,6566.9,,4986600,0.56,,,,,
2026-05-26,8766,東京海上ホールディングス,7356.0,7527.6,7349.4,6930.6,,4910100,0.72,,,,,
2026-05-26,5801,古河電気工業,60140.0,54402.0,49326.0,39123.5,,4823900,0.71,,,,,
2026-05-26,6724,セイコーエプソン,2933.5,2646.6,2399.4,2153.8,,4809500,2.0,,,,,
2026-05-26,4902,コニカミノルタ,581.2,582.3,549.5,548.0,,4606200,1.05,,,,,
2026-05-26,6971,京セラ,3146.0,3022.0,2856.9,2664.9,,4545900,0.83,,,,,
2026-05-26,6963,ローム,5136.0,4668.6,4043.6,3572.2,,4411400,0.66,,,,,
2026-05-26,6098,リクルートホールディングス,9824.0,9703.6,8288.0,7326.1,,4321900,0.51,,,,,
2026-05-26,6506,安川電機,7293.0,6920.0,6333.1,5272.6,,4274600,0.69,,,,,
2026-05-26,4259,エクサウィザーズ,1384.0,1259.0,928.7,756.1,,4233000,0.94,,,,,
2026-05-26,3407,旭化成,1750.5,1725.8,1633.5,1627.4,,4139600,0.64,,,,,
2026-05-26,2693,ＹＫＴ,520.0,403.0,309.3,269.8,,4139000,3.61,,,,,
2026-05-26,6965,浜松ホトニクス,2932.5,2824.7,2362.2,2092.2,,3990600,0.59,,,,,
2026-05-26,6779,日本電波工業,3195.0,2603.2,2203.4,1663.9,,3903100,3.23,,,,,
2026-05-26,5802,住友電気工業,11940.0,11456.0,11071.5,10300.8,,3882100,0.43,,,,,
2026-05-26,3687,フィックスターズ,2040.0,1804.8,1485.6,1395.8,,3781700,2.13,,,,,
2026-05-26,6619,ダブル・スコープ,310.0,322.2,267.4,227.3,,3654500,0.86,,,,,
2026-05-26,9502,中部電力,2881.0,2761.9,2708.1,2661.3,,3627300,1.37,,,,,
2026-05-26,8591,オリックス,6362.0,6234.2,5643.5,5152.9,,3545100,0.79,,,,,
2026-05-26,6264,マルマエ,2408.0,2325.6,2239.9,1871.0,,3475100,3.43,,,,,
2026-05-26,4004,レゾナック・ホールディングス,19070.0,17950.0,16331.2,13300.2,,3426200,0.78,,,,,
2026-05-26,4901,富士フイルムホールディングス,3155.0,3173.8,3078.8,3069.1,,3265800,0.49,,,,,
2026-05-26,5074,テスホールディングス,1335.0,1250.6,979.1,738.8,,3176300,0.51,,,,,
2026-05-26,7733,オリンパス,1776.0,1840.6,1684.8,1544.1,,3169900,0.45,,,,,
2026-05-26,3923,ラクス,952.0,928.0,877.9,826.5,,3102200,0.77,,,,,
2026-05-26,9831,ヤマダホールディングス,611.5,603.5,562.3,551.6,,2977200,0.85,,,,,
2026-05-26,9412,スカパーＪＳＡＴ,4570.0,4318.0,3849.2,3277.0,,2943200,0.99,,,,,
2026-05-26,7186,横浜フィナンシャルグループ,1650.5,1662.6,1564.5,1515.3,,2901100,0.68,,,,,
2026-05-26,8725,ＭＳ＆ＡＤインシュアランスグループホールディングス,4202.0,4286.6,4187.5,4128.6,,2884700,0.61,,,,,
2026-05-26,7220,武蔵精密工業,6820.0,5710.0,5200.5,3698.0,,2881400,1.08,,,,,
2026-05-26,8053,住友商事,7360.0,7196.6,6906.4,6284.1,,2758800,0.92,,,,,
2026-05-26,2914,日本たばこ産業,6119.0,6185.8,6069.7,5949.2,,2756100,0.74,,,,,
2026-05-26,7868,広済堂ホールディングス,655.0,664.4,630.9,538.4,,2546300,0.58,,,,,
2026-05-26,6479,ミネベアミツミ,4317.0,4027.4,3591.8,3096.8,,2538700,0.79,,,,,
2026-05-26,8035,東京エレクトロン,51420.0,49666.0,49070.5,43871.3,,2439400,0.95,,,,,
2026-05-26,4307,野村総合研究所,4564.0,4657.8,4491.9,4439.8,,2429500,0.61,,,,,
2026-05-26,5201,ＡＧＣ,7102.0,6503.8,5977.2,5896.0,,2429200,1.0,,,,,
2026-05-26,8795,Ｔ＆Ｄホールディングス,4142.0,4113.2,3940.1,3935.6,,2374100,1.21,,,,,
2026-05-26,4088,エア・ウォーター,2627.0,2549.8,2251.7,2192.3,,2336000,0.77,,,,,
2026-05-26,1963,日揮ホールディングス,2780.0,2740.4,2529.8,2411.9,,2297000,0.74,,,,,
2026-05-26,4980,デクセリアルズ,4218.0,4102.4,3185.9,2619.3,,2264800,0.5,,,,,
2026-05-26,7752,リコー,1434.5,1447.7,1384.9,1374.8,,2242200,0.75,,,,,
2026-05-26,5301,東海カーボン,1682.5,1626.3,1359.7,1118.5,,2169400,0.63,,,,,
2026-05-26,6997,日本ケミコン,4120.0,3492.8,3008.8,2136.9,,2169100,2.0,,,,,
2026-05-26,8331,千葉銀行,2353.0,2359.4,2232.1,2159.8,,2149500,0.8,,,,,
2026-05-26,8309,三井住友トラストグループ,5661.0,5656.4,5483.1,5272.3,,2142500,0.72,,,,,
2026-05-26,6840,ＡＫＩＢＡホールディングス,1305.0,1115.0,790.8,593.7,,2132400,1.9,,,,,
2026-05-26,3064,ＭｏｎｏｔａＲＯ,1899.0,1919.8,1867.4,1862.0,,2106700,0.6,,,,,
2026-05-26,6768,タムラ製作所,1122.0,1002.0,908.8,762.1,,2074600,1.58,,,,,
2026-05-26,4293,セプテーニ・ホールディングス,546.0,507.0,450.5,429.3,,1996800,1.87,,,,,
2026-05-26,3907,シリコンスタジオ,1935.0,1370.2,861.5,733.0,,1953100,2.49,,,,,
2026-05-26,4182,三菱瓦斯化学,5435.0,5065.0,4707.1,4334.4,,1910600,0.9,,,,,
2026-05-26,6324,ハーモニック・ドライブ・システムズ,8000.0,7028.0,6093.7,4799.6,,1867600,0.73,,,,,
2026-05-26,8015,豊田通商,6996.0,6928.0,6822.5,6514.8,,1796700,0.72,,,,,
2026-05-26,6590,芝浦メカトロニクス,5070.0,5044.0,4974.0,4854.2,,1765200,0.71,,,,,
2026-05-26,5367,ニッカトー,1026.0,833.8,814.9,778.6,,1742600,9.52,,,,,
2026-05-26,6754,アンリツ,4670.0,4570.4,4152.3,3417.8,,1721800,0.83,,,,,
2026-05-26,5706,三井金属,53740.0,49542.0,46587.5,37744.8,,1718700,0.63,,,,,
2026-05-26,4042,東ソー,2663.5,2612.7,2566.8,2473.9,,1708100,1.01,,,,,
2026-05-26,9147,ＮＩＰＰＯＮ　ＥＸＰＲＥＳＳホールディングス,5039.0,4921.0,4461.4,3974.6,,1706700,1.08,,,,,
2026-05-26,5333,ＮＧＫ,6336.0,5912.6,5396.7,4623.0,,1695700,1.06,,,,,
2026-05-26,6962,大真空,960.0,857.2,792.1,697.0,,1683000,4.29,,,,,
2026-05-26,9684,スクウェア・エニックス・ホールディングス,2771.5,2729.7,2575.2,2569.5,,1664200,0.91,,,,,
2026-05-26,8714,池田泉州ホールディングス,997.0,975.2,938.6,903.1,,1655900,1.26,,,,,
2026-05-26,3099,三越伊勢丹ホールディングス,3212.0,3225.6,3133.8,3053.6,,1640600,0.67,,,,,
2026-05-26,6113,アマダ,2912.0,2750.9,2746.7,2501.3,,1594300,0.62,,,,,
2026-05-26,7004,カナデビア,1441.0,1363.6,1300.0,1150.5,,1574700,0.96,,,,,
2026-05-26,7167,めぶきフィナンシャルグループ,1388.5,1393.6,1338.9,1289.0,,1574600,0.69,,,,,
2026-05-26,7762,シチズン時計,2118.0,2144.2,2035.2,1851.8,,1571500,0.87,,,,,
2026-05-26,5563,新日本電工,531.0,496.6,463.6,442.9,,1559800,1.12,,,,,
2026-05-26,2585,ライフドリンク　カンパニー,1635.0,1529.8,1424.7,1310.2,,1527000,1.07,,,,,
2026-05-26,4092,日本化学工業,5110.0,4143.0,3721.8,3366.0,,1503600,7.28,,,,,
2026-05-26,8508,Ｊトラスト,835.0,797.4,699.5,611.0,,1492900,0.97,,,,,
2026-05-26,6996,ニチコン,3750.0,3395.0,2774.6,2234.1,,1459400,1.25,,,,,
2026-05-26,4565,ネクセラファーマ,1058.0,1105.4,1090.9,995.0,,1445300,1.7,,,,,
2026-05-26,8338,筑波銀行,640.0,637.6,612.3,611.2,,1430300,0.79,,,,,
2026-05-26,5831,しずおかフィナンシャルグループ,2955.0,2984.2,2856.1,2783.0,,1426800,0.79,,,,,
2026-05-26,7956,ピジョン,1807.0,1833.6,1770.6,1689.1,,1419100,1.09,,,,,
2026-05-26,7276,小糸製作所,2695.0,2735.3,2664.9,2607.6,,1404300,1.18,,,,,
2026-05-26,8334,群馬銀行,2285.0,2312.2,2204.0,2177.6,,1341400,1.19,,,,,
2026-05-26,9042,阪急阪神ホールディングス,4533.0,4702.0,4614.4,4539.6,,1334600,0.99,,,,,
2026-05-26,4443,Ｓａｎｓａｎ,1530.0,1465.0,1333.5,1246.5,,1331700,0.76,,,,,
2026-05-26,6544,ジャパンエレベーターサービスホールディングス,1813.5,1842.3,1711.2,1667.6,,1318800,1.57,,,,,
2026-05-26,6871,日本マイクロニクス,16110.0,15096.0,14244.5,12274.5,,1304200,0.92,,,,,
2026-05-26,3753,フライトソリューションズ,221.0,210.8,169.9,158.3,,1295700,1.06,,,,,
2026-05-26,4047,関東電化工業,3470.0,3070.2,2228.1,1784.2,,1252100,1.12,,,,,
2026-05-26,8304,あおぞら銀行,2745.5,2765.3,2655.9,2625.7,,1246500,0.87,,,,,
2026-05-26,4385,メルカリ,4066.0,4155.6,4033.3,3788.3,,1244600,0.52,,,,,
2026-05-26,7419,ノジマ,1501.0,1437.8,1309.9,1183.0,,1237000,1.21,,,,,
2026-05-26,4704,トレンドマイクロ,6166.0,6128.0,5745.0,5510.8,,1220400,1.2,,,,,
2026-05-26,6367,ダイキン工業,23135.0,23790.0,23572.0,21121.8,,1219300,1.0,,,,,
2026-05-26,5101,横浜ゴム,7187.0,6680.0,6468.8,6443.9,,1207700,0.87,,,,,
2026-05-26,3563,ＦＯＯＤ　＆　ＬＩＦＥ　ＣＯＭＰＡＮＩＥＳ,10230.0,10523.0,10043.1,9729.8,,1197600,1.13,,,,,
2026-05-26,6480,日本トムソン,2247.0,2087.8,1610.1,1172.4,,1191600,0.54,,,,,
2026-05-26,6532,ベイカレント,5673.0,5626.2,5321.0,4923.3,,1177800,0.73,,,,,
2026-05-26,5076,インフロニア・ホールディングス,2389.5,2358.7,2291.1,2284.8,,1172900,0.35,,,,,
2026-05-26,2432,ディー・エヌ・エー,2674.0,2735.9,2653.5,2615.9,,1168700,0.61,,,,,
2026-05-26,9301,三菱倉庫,1496.5,1496.6,1431.3,1404.1,,1163800,0.81,,,,,
2026-05-26,7567,栄電子,625.0,546.4,518.0,504.8,,1144800,35.72,,,,,
2026-05-26,9962,ミスミグループ本社,3565.0,3361.2,3325.8,3051.0,,1137900,0.8,,,,,
2026-05-26,9519,レノバ,1270.0,1304.4,1213.7,964.3,,1133400,0.65,,,,,
2026-05-26,7327,第四北越フィナンシャルグループ,2094.0,2117.4,2011.9,1986.2,,1130400,1.0,,,,,
2026-05-26,6504,富士電機,17275.0,16010.0,14527.8,12553.9,,1130300,1.04,,,,,
2026-05-26,2334,イオレ,500.0,516.2,515.4,432.7,,1124300,0.44,,,,,
2026-05-26,4536,参天製薬,1930.5,1909.2,1758.3,1747.4,,1111800,0.7,,,,,
2026-05-26,5844,京都フィナンシャルグループ,4530.0,4492.8,4403.8,4281.1,,1087300,0.96,,,,,
2026-05-26,6464,ツバキ・ナカシマ,419.0,351.2,339.1,326.1,,1073800,3.67,,,,,
2026-05-26,4043,トクヤマ,4891.0,4515.2,4319.0,4031.9,,1057700,1.08,,,,,
2026-05-26,6473,ジェイテクト,2024.0,1955.5,1912.6,1828.6,,1043800,0.92,,,,,
2026-05-26,7747,朝日インテック,3672.0,3659.6,3429.1,3372.8,,1041600,0.93,,,,,
2026-05-26,4324,電通グループ,3061.0,3078.6,3036.8,2918.4,,1036300,0.65,,,,,
2026-05-26,6845,アズビル,1614.5,1590.7,1478.5,1442.8,,1034300,0.49,,,,,
2026-05-26,8233,高島屋,1955.5,1965.6,1922.8,1907.0,,1032300,0.96,,,,,
2026-05-26,5334,日本特殊陶業,9643.0,9611.0,9095.0,8217.7,,1011900,0.76,,,,,
2026-05-26,3105,日清紡ホールディングス,2399.0,2376.7,2190.9,1817.2,,1004400,0.73,,,,,
2026-05-26,2433,博報堂ＤＹホールディングス,1152.5,1178.6,1095.8,1078.7,,996600,0.73,,,,,
2026-05-26,6481,ＴＨＫ,7324.0,7209.0,6720.6,5668.8,,979800,0.65,,,,,
2026-05-26,2371,カカクコム,3400.0,3405.2,3068.5,2337.9,,957700,0.37,,,,,
2026-05-26,7162,アストマックス,354.0,337.4,318.4,255.9,,926800,0.43,,,,,
2026-05-26,6327,北川精機,3600.0,2936.0,2795.1,2099.2,,918700,2.01,,,,,
2026-05-26,4205,日本ゼオン,2179.0,2117.1,2019.4,1918.4,,898000,0.55,,,,,
2026-05-26,6072,地盤ネットホールディングス,1324.0,1239.8,1118.8,1029.3,,896700,0.73,,,,,
2026-05-26,5741,ＵＡＣＪ,3575.0,3262.0,2973.7,2743.8,,892200,0.93,,,,,
2026-05-26,6407,ＣＫＤ,6890.0,6560.0,6352.5,5429.0,,889900,0.86,,,,,
2026-05-26,8088,岩谷産業,2061.0,2078.3,1973.7,1965.4,,884800,0.65,,,,,
2026-05-26,4631,ＤＩＣ,4918.0,4705.8,4024.8,3939.1,,878800,0.8,,,,,
2026-05-26,6268,ナブテスコ,5648.0,5414.6,5333.4,4774.2,,870300,0.53,,,,,
2026-05-26,5463,丸一鋼管,1817.5,1822.2,1640.9,1533.0,,856000,0.8,,,,,
2026-05-26,4186,東京応化工業,11170.0,10881.8,10234.0,9103.9,,824400,0.63,,,,,
2026-05-26,8086,ニプロ,1718.5,1714.2,1588.2,1577.0,,820400,0.57,,,,,
2026-05-26,6787,メイコー,39900.0,40310.0,34672.5,28758.7,,816000,1.36,,,,,
2026-05-26,7180,九州フィナンシャルグループ,1437.0,1439.7,1344.4,1270.5,,806500,0.5,,,,,
2026-05-26,9041,近鉄グループホールディングス,3524.0,3522.2,3473.8,3340.2,,800400,0.89,,,,,
2026-05-26,8346,東邦銀行,779.0,772.8,710.4,687.1,,781100,0.85,,,,,
2026-05-26,8283,ＰＡＬＴＡＣ,6631.0,6630.4,5658.6,5070.4,,779900,1.14,,,,,
2026-05-26,4578,大塚ホールディングス,11435.0,11541.0,11209.2,10899.5,,770400,0.79,,,,,
2026-05-26,8151,東陽テクニカ,2177.0,1923.8,1835.3,1791.6,,769200,5.08,,,,,
2026-05-26,6143,ソディック,1952.0,1757.4,1669.0,1484.0,,760400,0.9,,,,,
2026-05-26,5332,ＴＯＴＯ,7000.0,6769.2,6492.1,5910.3,,759200,0.62,,,,,
2026-05-26,9513,電源開発,4050.0,4202.0,4022.1,3988.3,,757900,0.65,,,,,
2026-05-26,9552,クオンツ総研ホールディングス,862.0,897.6,721.0,673.7,,747900,0.85,,,,,
2026-05-26,6958,日本シイエムケイ,726.0,686.0,652.5,607.3,,746300,0.33,,,,,
2026-05-26,9048,名古屋鉄道,1805.5,1852.8,1804.2,1784.4,,745800,0.78,,,,,
2026-05-26,3776,ブロードバンドタワー,253.0,258.4,249.1,234.0,,734400,1.27,,,,,
2026-05-26,4527,ロート製薬,2452.0,2510.9,2415.5,2401.5,,726900,0.83,,,,,
2026-05-26,3101,東洋紡,1714.0,1628.2,1544.8,1504.8,,722700,0.73,,,,,
2026-05-26,8282,ケーズホールディングス,2034.0,2050.1,1927.8,1779.6,,709700,0.83,,,,,
2026-05-26,6134,ＦＵＪＩ,8160.0,7841.2,6946.2,5906.0,,706300,0.56,,,,,
2026-05-26,6140,旭ダイヤモンド工業,1390.0,1342.4,1322.3,1318.3,,699200,0.61,,,,,
2026-05-26,8358,スルガ銀行,2376.0,2372.2,2302.6,2145.5,,697900,0.78,,,,,
2026-05-26,8359,八十二長野銀行,2321.0,2330.5,2240.7,2089.5,,697500,0.45,,,,,
2026-05-26,6923,スタンレー電気,3513.0,3489.8,3269.5,3073.3,,694600,0.72,,,,,
2026-05-26,5393,ニチアス,3498.0,3407.8,3333.5,3098.7,,690300,0.67,,,,,
2026-05-26,6055,ジャパンマテリアル,2115.0,2035.2,1968.2,1870.9,,687000,0.64,,,,,
2026-05-26,8418,山口フィナンシャルグループ,2815.0,2853.3,2760.6,2640.7,,685900,1.07,,,,,
2026-05-26,6890,フェローテック,8820.0,8890.0,8706.5,7192.3,,678000,0.49,,,,,
2026-05-26,4272,日本化薬,2165.5,2100.7,1922.7,1855.3,,677800,0.81,,,,,
2026-05-26,9983,ファーストリテイリング,75510.0,74830.0,73119.0,68866.0,,660100,0.62,,,,,
2026-05-26,6666,リバーエレテック,1410.0,1185.6,1087.6,869.3,,650400,1.49,,,,,
2026-05-26,6855,日本電子材料,8090.0,7488.0,7399.5,6968.2,,647400,0.58,,,,,
2026-05-26,4373,シンプレクス・ホールディングス,1013.0,1012.2,951.0,876.8,,639200,0.61,,,,,
2026-05-26,4021,日産化学,7372.0,7244.2,7037.1,6603.5,,625500,0.81,,,,,
2026-05-26,1945,東京エネシス,2643.0,2401.8,2142.1,1917.4,,624100,1.02,,,,,
2026-05-26,5991,日本発條,3366.0,3278.4,3123.5,2818.5,,614000,0.51,,,,,
2026-05-26,3132,マクニカホールディングス,3146.0,3159.4,2951.8,2584.3,,610400,0.59,,,,,
2026-05-26,2323,ｆｏｎｆｕｎ,401.0,400.2,368.4,353.3,,610000,6.25,,,,,
2026-05-26,9069,センコーグループホールディングス,1917.5,1972.6,1915.0,1876.9,,607200,1.52,,,,,
2026-05-26,4369,トリケミカル研究所,3745.0,3520.0,3395.8,3145.5,,604700,0.89,,,,,
2026-05-26,4475,ＨＥＮＮＧＥ,1109.0,1112.6,1032.5,986.8,,594900,1.37,,,,,
2026-05-26,6861,キーエンス,77120.0,77044.0,75872.5,65745.0,,594000,0.78,,,,,
2026-05-26,4368,扶桑化学工業,4590.0,4209.0,3710.9,3231.7,,592300,0.6,,,,,
2026-05-26,4091,日本酸素ホールディングス,6402.0,6110.4,5880.6,5862.1,,585100,0.63,,,,,
2026-05-26,5031,モイ,930.0,636.8,362.7,315.1,,556600,0.72,,,,,
2026-05-26,7072,インティメート・マージャー,1300.0,1139.6,919.2,898.0,,556200,61.53,,,,,
2026-05-26,7337,ひろぎんホールディングス,2092.0,2089.6,1959.6,1877.6,,552500,0.67,,,,,
2026-05-26,6254,野村マイクロ・サイエンス,4980.0,4818.0,4356.8,3616.4,,550900,0.44,,,,,
2026-05-26,6448,ブラザー工業,3617.0,3533.8,3307.6,3113.0,,545800,0.66,,,,,
2026-05-26,6370,栗田工業,8844.0,8651.0,8566.1,8148.2,,545500,0.81,,,,,
2026-05-26,8354,ふくおかフィナンシャルグループ,6609.0,6677.6,6511.8,6367.1,,543500,0.79,,,,,
2026-05-26,8439,東京センチュリー,2427.0,2399.2,2278.4,2165.3,,542900,0.46,,,,,
2026-05-26,7826,フルヤ金属,9250.0,9608.0,8817.0,7574.3,,532600,0.62,,,,,
2026-05-26,1909,日本ドライケミカル,3835.0,3767.0,3305.1,3009.8,,532100,0.6,,,,,
2026-05-26,9449,ＧＭＯインターネットグループ,3413.0,3374.2,3201.4,3036.2,,531000,1.15,,,,,
2026-05-26,6521,オキサイド,5840.0,5944.0,5687.5,4786.3,,527300,0.72,,,,,
2026-05-26,7600,日本エム・ディ・エム,800.0,769.6,607.7,590.4,,525500,0.57,,,,,
2026-05-26,7380,十六フィナンシャルグループ,2155.0,2125.8,2080.0,1970.2,,523200,0.9,,,,,
2026-05-26,8078,阪和興業,1812.0,1768.8,1706.1,1656.4,,515400,0.91,,,,,
2026-05-26,4344,ソースネクスト,126.0,129.6,129.0,126.6,,512500,0.6,,,,,
2026-05-26,6104,芝浦機械,4215.0,4594.0,4552.2,4226.4,,512300,2.51,,,,,
2026-05-26,2531,宝ホールディングス,2097.0,2015.7,1854.0,1711.8,,504100,0.96,,,,,
2026-05-26,6331,三菱化工機,3790.0,3523.0,3392.3,3273.9,,501700,1.29,,,,,
2026-05-26,3632,グリーホールディングス,413.0,411.6,388.4,383.6,,500800,0.55,,,,,
2026-05-27,8918,ランド,10.0,10.2,10.2,9.7,,242511200,1.1,,,,,
2026-05-27,9984,ソフトバンクグループ,7272.0,6995.8,6025.1,4661.0,,103217400,1.4,,,,,
2026-05-27,8306,三菱ＵＦＪフィナンシャル・グループ,3031.0,3063.2,2931.3,2818.2,,34986500,0.78,,,,,
2026-05-27,4392,ＦＩＧ,2246.0,2153.6,1053.8,568.0,,30141100,2.33,,,,,
2026-05-27,6981,村田製作所,7820.0,7536.4,6164.9,4688.1,,24621300,1.48,,,,,
2026-05-27,6659,メディアリンクス,70.0,71.4,46.8,41.9,,22277300,0.85,,,,,
2026-05-27,6723,ルネサスエレクトロニクス,4474.0,4237.8,3648.6,2942.3,,21999500,1.21,,,,,
2026-05-27,6758,ソニーグループ,3525.0,3550.0,3416.1,3369.7,,17554500,0.67,,,,,
2026-05-27,6762,ＴＤＫ,3608.0,3492.2,3040.8,2492.5,,15673600,1.21,,,,,
2026-05-27,6526,ソシオネクスト,2820.5,2784.4,2331.5,2015.3,,14887800,1.28,,,,,
2026-05-27,6525,ＫＯＫＵＳＡＩ　ＥＬＥＣＴＲＩＣ,7770.0,7360.8,6842.4,6243.4,,13910400,1.44,,,,,
2026-05-27,8316,三井住友フィナンシャルグループ,5950.0,6021.6,5751.5,5510.0,,13219300,0.86,,,,,
2026-05-27,6976,太陽誘電,11120.0,10083.4,7608.6,5638.1,,10921000,1.56,,,,,
2026-05-27,6501,日立製作所,4960.0,5039.0,4947.0,4908.1,,10796000,0.8,,,,,
2026-05-27,4005,住友化学,590.7,592.8,556.3,527.4,,10390900,0.53,,,,,
2026-05-27,8411,みずほフィナンシャルグループ,7217.0,7327.6,6946.1,6644.0,,10262300,0.81,,,,,
2026-05-27,6752,パナソニック　ホールディングス,3569.0,3534.0,3325.0,2907.9,,10089200,0.94,,,,,
2026-05-27,2181,パーソルホールディングス,241.7,240.0,238.0,237.6,,9697800,0.95,,,,,
2026-05-27,6464,ツバキ・ナカシマ,414.0,368.8,343.9,327.1,,9580200,25.31,,,,,
2026-05-27,8308,りそなホールディングス,2045.5,2102.7,2016.1,1888.6,,9183700,1.01,,,,,
2026-05-27,6965,浜松ホトニクス,2700.0,2838.0,2401.6,2103.2,,8443200,1.24,,,,,
2026-05-27,6613,ＱＤレーザ,2620.0,2966.0,2059.8,1475.5,,8264500,0.5,,,,,
2026-05-27,6594,ニデック,2750.0,2747.8,2603.2,2363.6,,7985500,0.68,,,,,
2026-05-27,7272,ヤマハ発動機,1247.0,1235.7,1177.7,1157.7,,7542500,0.77,,,,,
2026-05-27,4062,イビデン,20425.0,19889.0,16222.0,11224.7,,7490400,0.94,,,,,
2026-05-27,4543,テルモ,2395.5,2358.1,2121.9,2111.5,,7168400,0.9,,,,,
2026-05-27,3436,ＳＵＭＣＯ,3285.0,3264.2,3063.9,2243.1,,6792700,0.49,,,,,
2026-05-27,4188,三菱ケミカルグループ,1115.5,1070.9,986.6,975.4,,6782700,0.66,,,,,
2026-05-27,6178,日本郵政,2059.5,2096.2,1953.7,1885.7,,6485500,0.93,,,,,
2026-05-27,8750,第一ライフグループ,1664.0,1664.2,1541.5,1492.4,,6468500,0.68,,,,,
2026-05-27,5802,住友電気工業,12015.0,11754.0,11162.0,10322.5,,6459200,0.83,,,,,
2026-05-27,7182,ゆうちょ銀行,3001.0,3088.2,2864.9,2752.5,,6409500,0.78,,,,,
2026-05-27,6963,ローム,5120.0,4855.6,4118.5,3611.1,,6217500,0.95,,,,,
2026-05-27,9502,中部電力,2985.5,2822.6,2727.7,2668.2,,6062300,2.23,,,,,
2026-05-27,3687,フィックスターズ,2140.0,1928.0,1529.9,1407.8,,6033300,2.88,,,,,
2026-05-27,7733,オリンパス,1845.0,1835.1,1700.2,1550.7,,6031400,0.87,,,,,
2026-05-27,6503,三菱電機,6500.0,6393.8,6278.1,5804.1,,5960900,0.81,,,,,
2026-05-27,7868,広済堂ホールディングス,698.0,672.4,640.7,542.0,,5935600,1.36,,,,,
2026-05-27,6971,京セラ,3129.0,3063.6,2878.5,2670.8,,5836900,1.09,,,,,
2026-05-27,6954,ファナック,8154.0,8164.4,7590.4,6590.5,,5836500,0.68,,,,,
2026-05-27,6098,リクルートホールディングス,9907.0,9754.4,8405.3,7386.4,,5574200,0.65,,,,,
2026-05-27,4901,富士フイルムホールディングス,3224.0,3190.0,3090.8,3072.1,,5523800,1.02,,,,,
2026-05-27,8766,東京海上ホールディングス,7367.0,7437.6,7364.1,6947.1,,5245100,0.77,,,,,
2026-05-27,4259,エクサウィザーズ,1225.0,1285.2,953.4,766.0,,5089100,1.08,,,,,
2026-05-27,3407,旭化成,1750.0,1741.1,1644.6,1626.2,,4877600,0.88,,,,,
2026-05-27,3853,アステリア,2419.0,2411.0,1775.1,1525.3,,4837600,1.3,,,,,
2026-05-27,5801,古河電気工業,56110.0,55452.0,50005.0,39589.9,,4660400,0.71,,,,,
2026-05-27,6506,安川電機,7107.0,7126.2,6430.9,5301.0,,4518800,0.78,,,,,
2026-05-27,6724,セイコーエプソン,2852.5,2725.8,2437.9,2166.0,,4423100,1.71,,,,,
2026-05-27,6315,ＴＯＷＡ,3070.0,2922.2,2877.3,2680.6,,4421500,0.73,,,,,
2026-05-27,8725,ＭＳ＆ＡＤインシュアランスグループホールディングス,4290.0,4260.6,4203.3,4129.5,,4362800,1.0,,,,,
2026-05-27,6472,ＮＴＮ,440.7,417.9,405.0,367.9,,4356500,0.49,,,,,
2026-05-27,8591,オリックス,6156.0,6255.0,5708.8,5164.2,,4177600,1.07,,,,,
2026-05-27,7220,武蔵精密工業,7500.0,6242.0,5347.8,3777.2,,4072200,1.49,,,,,
2026-05-27,9412,スカパーＪＳＡＴ,4455.0,4371.0,3913.5,3304.6,,4040700,1.37,,,,,
2026-05-27,2503,キリンホールディングス,2723.0,2735.2,2594.1,2586.0,,4001700,1.04,,,,,
2026-05-27,2802,味の素,5289.0,5316.8,5176.3,4772.6,,3869800,0.81,,,,,
2026-05-27,8035,東京エレクトロン,52500.0,50946.0,49421.5,43975.8,,3857400,1.48,,,,,
2026-05-27,6966,三井ハイテック,830.0,787.0,716.5,690.6,,3788400,1.56,,,,,
2026-05-27,5074,テスホールディングス,1210.0,1262.4,1003.2,749.1,,3598800,0.61,,,,,
2026-05-27,4902,コニカミノルタ,595.2,586.0,551.6,547.9,,3499800,0.79,,,,,
2026-05-27,3923,ラクス,961.5,941.7,883.1,829.4,,3393600,0.83,,,,,
2026-05-27,4307,野村総合研究所,4747.0,4660.2,4475.5,4455.6,,3351800,0.88,,,,,
2026-05-27,4004,レゾナック・ホールディングス,19100.0,18588.0,16598.8,13420.5,,3310100,0.77,,,,,
2026-05-27,3905,データセクション,4435.0,4509.0,2735.1,1915.2,,3305100,0.88,,,,,
2026-05-27,4183,三井化学,2204.0,2137.1,2022.4,2006.7,,3237300,0.86,,,,,
2026-05-27,6619,ダブル・スコープ,316.0,325.6,271.8,229.7,,3082100,0.71,,,,,
2026-05-27,2914,日本たばこ産業,6115.0,6139.6,6082.1,5949.8,,3071700,0.85,,,,,
2026-05-27,7936,アシックス,4694.0,4592.6,4547.8,4490.8,,3035300,0.58,,,,,
2026-05-27,8053,住友商事,7190.0,7232.4,6978.2,6296.9,,3034800,1.04,,,,,
2026-05-27,7186,横浜フィナンシャルグループ,1615.5,1655.1,1572.9,1515.5,,3018800,0.73,,,,,
2026-05-27,3064,ＭｏｎｏｔａＲＯ,1938.0,1919.2,1871.7,1860.1,,2946600,0.94,,,,,
2026-05-27,8015,豊田通商,6841.0,6943.6,6856.8,6510.6,,2807700,1.19,,,,,
2026-05-27,6584,三櫻工業,865.0,800.4,786.0,743.6,,2727000,3.03,,,,,
2026-05-27,2693,ＹＫＴ,487.0,436.2,321.7,273.8,,2706200,2.19,,,,,
2026-05-27,9831,ヤマダホールディングス,603.9,604.4,566.4,552.1,,2539400,0.74,,,,,
2026-05-27,4980,デクセリアルズ,4052.0,4162.6,3269.2,2646.2,,2510200,0.55,,,,,
2026-05-27,9147,ＮＩＰＰＯＮ　ＥＸＰＲＥＳＳホールディングス,5184.0,4994.2,4532.9,3996.9,,2484400,1.5,,,,,
2026-05-27,5301,東海カーボン,1678.0,1651.7,1391.2,1129.0,,2458300,0.76,,,,,
2026-05-27,7731,ニコン,1911.0,1964.1,1951.7,1943.4,,2446500,0.84,,,,,
2026-05-27,6113,アマダ,2902.5,2813.0,2766.6,2507.4,,2363500,0.93,,,,,
2026-05-27,6479,ミネベアミツミ,4232.0,4127.8,3652.1,3113.0,,2314900,0.75,,,,,
2026-05-27,7167,めぶきフィナンシャルグループ,1371.5,1390.8,1345.7,1290.5,,2292900,1.02,,,,,
2026-05-27,7752,リコー,1447.0,1448.1,1389.7,1374.8,,2284500,0.79,,,,,
2026-05-27,6473,ジェイテクト,2100.0,1998.4,1931.8,1829.0,,2188700,1.94,,,,,
2026-05-27,4293,セプテーニ・ホールディングス,572.0,525.0,457.0,432.1,,2164000,1.77,,,,,
2026-05-27,8714,池田泉州ホールディングス,978.0,982.6,942.1,904.8,,2156500,1.55,,,,,
2026-05-27,6779,日本電波工業,2840.0,2751.2,2252.7,1689.8,,2136800,1.46,,,,,
2026-05-27,4088,エア・ウォーター,2625.0,2578.6,2272.6,2201.0,,2133200,0.73,,,,,
2026-05-27,6072,地盤ネットホールディングス,1433.0,1286.4,1126.2,1035.5,,2116500,1.66,,,,,
2026-05-27,5031,モイ,780.0,721.4,388.0,323.1,,2108000,2.55,,,,,
2026-05-27,8331,千葉銀行,2323.5,2352.3,2246.2,2162.0,,2086800,0.77,,,,,
2026-05-27,8309,三井住友トラストグループ,5628.0,5653.4,5507.8,5277.0,,2045500,0.68,,,,,
2026-05-27,6845,アズビル,1622.0,1605.2,1489.2,1446.7,,2011000,1.0,,,,,
2026-05-27,9735,セコム,6588.0,6473.4,6032.6,6010.9,,1969700,1.23,,,,,
2026-05-27,8508,Ｊトラスト,769.0,800.2,707.4,615.2,,1961500,1.22,,,,,
2026-05-27,9684,スクウェア・エニックス・ホールディングス,2704.5,2722.2,2585.0,2573.1,,1960000,1.03,,,,,
2026-05-27,5706,三井金属,51800.0,51030.0,47336.0,38012.5,,1891300,0.71,,,,,
2026-05-27,1963,日揮ホールディングス,2721.0,2755.0,2548.0,2418.9,,1832300,0.6,,,,,
2026-05-27,5332,ＴＯＴＯ,7290.0,6947.4,6595.5,5927.1,,1821000,1.62,,,,,
2026-05-27,6324,ハーモニック・ドライブ・システムズ,7850.0,7414.0,6272.7,4854.3,,1817400,0.7,,,,,
2026-05-27,8524,北洋銀行,982.0,999.8,989.2,988.5,,1790500,0.73,,,,,
2026-05-27,5333,ＮＧＫ,6069.0,6035.2,5481.2,4649.4,,1770600,1.1,,,,,
2026-05-27,6754,アンリツ,4614.0,4617.0,4204.4,3442.9,,1749500,0.89,,,,,
2026-05-27,4588,オンコリスバイオファーマ,3185.0,3016.8,2820.8,2684.1,,1736100,0.7,,,,,
2026-05-27,6997,日本ケミコン,3865.0,3667.6,3089.9,2170.9,,1714800,1.38,,,,,
2026-05-27,4042,東ソー,2695.0,2643.3,2583.2,2474.3,,1713500,1.01,,,,,
2026-05-27,5201,ＡＧＣ,7020.0,6698.0,6048.3,5903.3,,1695500,0.92,,,,,
2026-05-27,8795,Ｔ＆Ｄホールディングス,4151.0,4115.4,3962.4,3938.3,,1694500,0.83,,,,,
2026-05-27,6996,ニチコン,3380.0,3453.0,2837.6,2253.6,,1665800,1.35,,,,,
2026-05-27,5253,カバー,1564.0,1670.8,1508.5,1504.5,,1658700,0.7,,,,,
2026-05-27,6840,ＡＫＩＢＡホールディングス,1179.0,1189.8,823.1,604.3,,1657500,1.54,,,,,
2026-05-27,6481,ＴＨＫ,7229.0,7281.4,6809.7,5701.5,,1654900,1.33,,,,,
2026-05-27,5367,ニッカトー,999.0,887.8,826.1,781.3,,1600000,4.7,,,,,
2026-05-27,6590,芝浦メカトロニクス,4855.0,5095.0,4971.8,4840.5,,1594600,0.65,,,,,
2026-05-27,3099,三越伊勢丹ホールディングス,3250.0,3246.0,3143.9,3055.8,,1591000,0.65,,,,,
2026-05-27,7762,シチズン時計,2178.0,2145.0,2051.9,1857.9,,1587900,0.9,,,,,
2026-05-27,3185,夢展望,212.0,246.2,219.8,218.9,,1575000,4.98,,,,,
2026-05-27,6768,タムラ製作所,1025.0,1026.8,922.1,767.0,,1571100,1.16,,,,,
2026-05-27,6504,富士電機,16315.0,16460.0,14735.8,12602.2,,1568700,1.46,,,,,
2026-05-27,4443,Ｓａｎｓａｎ,1571.0,1501.2,1347.2,1254.7,,1528400,0.87,,,,,
2026-05-27,7004,カナデビア,1409.0,1380.2,1310.5,1156.2,,1504100,0.89,,,,,
2026-05-27,3907,シリコンスタジオ,2098.0,1597.2,936.6,756.6,,1492200,1.52,,,,,
2026-05-27,9962,ミスミグループ本社,3555.0,3446.4,3353.5,3057.5,,1484100,1.09,,,,,
2026-05-27,5334,日本特殊陶業,9903.0,9722.4,9169.8,8251.1,,1472900,1.13,,,,,
2026-05-27,6532,ベイカレント,5810.0,5693.8,5340.7,4952.4,,1462000,0.94,,,,,
2026-05-27,8338,筑波銀行,622.0,638.2,615.6,610.7,,1461300,0.88,,,,,
2026-05-27,6871,日本マイクロニクス,15660.0,15464.0,14426.0,12317.2,,1450000,1.01,,,,,
2026-05-27,3753,フライトソリューションズ,197.0,217.0,171.5,159.1,,1425300,1.06,,,,,
2026-05-27,9301,三菱倉庫,1477.5,1496.5,1436.4,1405.4,,1387800,0.96,,,,,
2026-05-27,4385,メルカリ,4056.0,4123.2,4033.2,3798.4,,1384600,0.77,,,,,
2026-05-27,9042,阪急阪神ホールディングス,4521.0,4642.2,4617.2,4539.4,,1383300,1.0,,,,,
2026-05-27,9983,ファーストリテイリング,77820.0,75446.0,73545.5,69034.8,,1375300,1.41,,,,,
2026-05-27,5563,新日本電工,527.0,507.0,468.6,444.2,,1359600,0.99,,,,,
2026-05-27,6268,ナブテスコ,5557.0,5532.0,5380.6,4785.7,,1356700,0.9,,,,,
2026-05-27,8304,あおぞら銀行,2663.5,2750.3,2660.1,2624.6,,1344400,0.93,,,,,
2026-05-27,4047,関東電化工業,3330.0,3203.0,2312.9,1810.2,,1331700,1.12,,,,,
2026-05-27,7180,九州フィナンシャルグループ,1400.5,1435.8,1352.6,1273.1,,1316300,0.81,,,,,
2026-05-27,6327,北川精機,4300.0,3328.6,2905.2,2142.5,,1310400,2.75,,,,,
2026-05-27,5831,しずおかフィナンシャルグループ,2911.0,2972.0,2867.0,2782.3,,1300900,0.75,,,,,
2026-05-27,4208,ＵＢＥ,2975.5,3003.9,2561.8,2536.4,,1298900,0.53,,,,,
2026-05-27,6264,マルマエ,2312.0,2368.8,2264.8,1879.4,,1297900,1.04,,,,,
2026-05-27,6323,ローツェ,3867.0,3879.8,3829.2,3352.3,,1290700,0.87,,,,,
2026-05-27,2371,カカクコム,3338.0,3391.8,3104.4,2366.8,,1264700,0.52,,,,,
2026-05-27,6141,ＤＭＧ森精機,3390.0,3351.4,3346.9,2865.7,,1249700,0.82,,,,,
2026-05-27,4324,電通グループ,3091.0,3069.4,3039.1,2923.3,,1242700,0.84,,,,,
2026-05-27,7747,朝日インテック,3692.0,3661.0,3447.8,3380.0,,1231400,1.07,,,,,
2026-05-27,5076,インフロニア・ホールディングス,2380.0,2367.0,2305.0,2282.0,,1225500,0.4,,,,,
2026-05-27,5101,横浜ゴム,7011.0,6823.2,6498.8,6429.0,,1186500,0.82,,,,,
2026-05-27,4536,参天製薬,1934.0,1915.5,1771.8,1750.4,,1167900,0.76,,,,,
2026-05-27,6952,カシオ計算機,1745.5,1675.2,1646.6,1573.2,,1156300,0.49,,,,,
2026-05-27,2432,ディー・エヌ・エー,2673.5,2718.5,2655.9,2617.7,,1153200,0.61,,,,,
2026-05-27,6480,日本トムソン,2174.0,2139.6,1668.9,1190.7,,1150700,0.61,,,,,
2026-05-27,6855,日本電子材料,7960.0,7738.0,7480.0,6934.3,,1147000,1.07,,,,,
2026-05-27,4651,サニックスホールディングス,248.0,252.8,246.8,226.1,,1146800,0.77,,,,,
2026-05-27,7956,ピジョン,1859.5,1838.1,1778.7,1692.0,,1143900,0.86,,,,,
2026-05-27,6367,ダイキン工業,23405.0,23750.0,23687.8,21169.8,,1141900,0.93,,,,,
2026-05-27,8233,高島屋,1986.5,1971.1,1927.7,1905.0,,1141800,1.04,,,,,
2026-05-27,4578,大塚ホールディングス,11310.0,11522.0,11231.2,10914.8,,1103100,1.12,,,,,
2026-05-27,7276,小糸製作所,2716.0,2743.0,2674.3,2606.3,,1092000,0.88,,,,,
2026-05-27,7867,タカラトミー,3095.0,2971.0,2751.6,2750.2,,1086000,1.49,,,,,
2026-05-27,6254,野村マイクロ・サイエンス,4695.0,4874.0,4405.5,3638.7,,1079800,0.9,,,,,
2026-05-27,4043,トクヤマ,4929.0,4668.2,4378.1,4041.7,,1077700,1.11,,,,,
2026-05-27,8789,フィンテック　グローバル,131.0,134.2,131.7,131.5,,1076200,0.81,,,,,
2026-05-27,4704,トレンドマイクロ,6065.0,6152.2,5760.0,5528.1,,1074600,0.99,,,,,
2026-05-27,4182,三菱瓦斯化学,5401.0,5222.6,4764.0,4351.0,,1064900,0.5,,,,,
2026-05-27,4373,シンプレクス・ホールディングス,1034.0,1021.0,956.1,880.8,,1056800,1.04,,,,,
2026-05-27,8334,群馬銀行,2268.0,2304.0,2215.3,2180.7,,1015700,0.92,,,,,
2026-05-27,3105,日清紡ホールディングス,2343.0,2386.8,2213.9,1826.8,,1010500,0.84,,,,,
2026-05-27,6958,日本シイエムケイ,702.0,699.2,657.5,608.5,,1009000,0.49,,,,,
2026-05-27,2585,ライフドリンク　カンパニー,1653.0,1558.2,1433.2,1318.1,,1007200,0.68,,,,,
2026-05-27,6140,旭ダイヤモンド工業,1350.0,1354.6,1326.2,1315.9,,1000500,0.92,,,,,
2026-05-27,9519,レノバ,1288.0,1309.6,1228.7,974.3,,996700,0.58,,,,,
2026-05-27,7419,ノジマ,1454.0,1448.8,1322.0,1188.1,,990100,0.93,,,,,
2026-05-27,7177,ＧＭＯフィナンシャルホールディングス,1163.0,1146.6,1074.2,981.5,,981500,2.61,,,,,
2026-05-27,8078,阪和興業,1864.0,1796.0,1716.8,1658.1,,978300,1.81,,,,,
2026-05-27,8359,八十二長野銀行,2295.5,2329.5,2254.2,2095.4,,974000,0.65,,,,,
2026-05-27,6448,ブラザー工業,3645.0,3563.0,3341.2,3120.7,,954200,1.25,,,,,
2026-05-27,2433,博報堂ＤＹホールディングス,1144.0,1166.8,1100.5,1078.5,,931300,0.72,,,,,
2026-05-27,8282,ケーズホールディングス,2017.0,2039.7,1941.3,1785.0,,927000,1.1,,,,,
2026-05-27,5844,京都フィナンシャルグループ,4502.0,4516.2,4415.7,4298.3,,923100,0.79,,,,,
2026-05-27,6134,ＦＵＪＩ,7867.0,7970.6,7053.9,5937.4,,920800,0.72,,,,,
2026-05-27,5991,日本発條,3457.0,3347.2,3154.9,2826.1,,916600,0.79,,,,,
2026-05-27,6143,ソディック,1839.0,1810.2,1690.2,1490.0,,915900,1.24,,,,,
2026-05-27,5985,サンコール,1779.0,1813.4,1790.7,1668.2,,904400,0.56,,,,,
2026-05-27,3563,ＦＯＯＤ　＆　ＬＩＦＥ　ＣＯＭＰＡＮＩＥＳ,10085.0,10387.0,10090.0,9736.4,,887900,0.85,,,,,
2026-05-27,7327,第四北越フィナンシャルグループ,2064.0,2108.0,2022.7,1988.6,,887900,0.79,,,,,
2026-05-27,7162,アストマックス,333.0,341.4,323.6,257.8,,886100,0.49,,,,,
2026-05-27,4186,東京応化工業,11030.0,11099.0,10340.8,9132.5,,881300,0.78,,,,,
2026-05-27,4366,ダイトーケミックス,530.0,452.0,427.4,423.8,,870800,9.43,,,,,
2026-05-27,6597,ＨＰＣシステムズ,4900.0,3831.2,3069.0,2447.6,,854100,4.97,,,,,
2026-05-27,4228,積水化成品工業,575.0,527.6,490.6,475.1,,840700,2.72,,,,,
2026-05-27,6962,大真空,881.0,880.2,798.9,700.4,,831400,1.6,,,,,
2026-05-27,4092,日本化学工業,4445.0,4343.0,3778.0,3381.3,,823300,2.5,,,,,
2026-05-27,6302,住友重機械工業,5532.0,5343.2,5330.1,5268.1,,821900,1.3,,,,,
2026-05-27,9513,電源開発,3994.0,4130.4,4032.5,3994.4,,797100,0.69,,,,,
2026-05-27,4419,Ｆｉｎａｔｅｘｔホールディングス,1248.0,1200.4,1183.2,1050.6,,794800,0.92,,,,,
2026-05-27,4021,日産化学,7432.0,7292.8,7074.9,6609.7,,784800,1.01,,,,,
2026-05-27,6055,ジャパンマテリアル,2051.0,2058.8,1981.5,1869.7,,780400,0.79,,,,,
2026-05-27,6861,キーエンス,75780.0,77618.0,76488.0,65888.8,,766700,1.08,,,,,
2026-05-27,8088,岩谷産業,2065.0,2080.7,1981.5,1967.2,,766700,0.56,,,,,
2026-05-27,3132,マクニカホールディングス,3050.0,3158.0,2984.2,2588.7,,764100,0.86,,,,,
2026-05-27,6890,フェローテック,8530.0,8844.0,8773.0,7230.5,,754500,0.59,,,,,
2026-05-27,7337,ひろぎんホールディングス,2046.0,2085.2,1971.6,1880.7,,752900,0.9,,,,,
2026-05-27,4205,日本ゼオン,2164.0,2138.3,2040.8,1920.0,,743300,0.47,,,,,
2026-05-27,7826,フルヤ金属,8900.0,9490.0,8898.0,7595.3,,743100,0.87,,,,,
2026-05-27,8609,岡三証券グループ,957.0,935.0,913.2,892.2,,723700,1.61,,,,,
2026-05-27,4527,ロート製薬,2485.0,2498.8,2423.2,2403.2,,715400,0.8,,,,,
2026-05-27,3101,東洋紡,1664.0,1649.6,1557.4,1506.0,,714100,0.79,,,,,
2026-05-27,6923,スタンレー電気,3520.0,3509.2,3295.6,3077.3,,705600,0.76,,,,,
2026-05-27,4631,ＤＩＣ,4889.0,4792.2,4087.9,3949.6,,702400,0.61,,,,,
2026-05-27,9041,近鉄グループホールディングス,3539.0,3528.6,3483.6,3343.7,,696200,0.76,,,,,
2026-05-27,4272,日本化薬,2154.5,2125.7,1943.5,1858.5,,695900,0.81,,,,,
2026-05-27,8439,東京センチュリー,2384.0,2406.7,2292.8,2167.9,,681400,0.72,,,,,
2026-05-27,2531,宝ホールディングス,2170.0,2065.4,1871.3,1721.1,,669200,1.29,,,,,
2026-05-27,8086,ニプロ,1713.0,1711.5,1597.0,1579.7,,662900,0.47,,,,,
2026-05-27,1407,ウエストホールディングス,3115.0,2978.8,2934.8,2214.4,,661300,1.02,,,,,
2026-05-27,6635,大日光・エンジニアリング,1012.0,762.6,673.6,665.2,,656800,11.31,,,,,
2026-05-27,6544,ジャパンエレベーターサービスホールディングス,1811.0,1838.9,1721.7,1670.8,,655600,0.72,,,,,
2026-05-27,8876,リログループ,1883.5,1955.6,1950.5,1947.3,,643600,1.13,,,,,
2026-05-27,4565,ネクセラファーマ,1066.0,1097.0,1096.5,997.2,,627800,0.71,,,,,
2026-05-27,8354,ふくおかフィナンシャルグループ,6525.0,6647.2,6531.5,6368.0,,625300,0.91,,,,,
2026-05-27,8346,東邦銀行,765.0,774.8,715.9,688.3,,620100,0.67,,,,,
2026-05-27,4825,ウェザーニューズ,2162.0,2159.4,2084.3,2050.1,,614100,2.85,,,,,
2026-05-27,4369,トリケミカル研究所,3750.0,3619.0,3425.0,3147.1,,606200,0.91,,,,,
2026-05-27,5830,いよぎんホールディングス,3050.0,3117.8,3105.9,3070.5,,600000,0.86,,,,,
2026-05-27,5741,ＵＡＣＪ,3360.0,3328.0,3001.9,2755.8,,591300,0.6,,,,,
2026-05-27,5384,フジミインコーポレーテッド,3835.0,3647.0,3414.4,3091.9,,586500,1.01,,,,,
2026-05-27,7380,十六フィナンシャルグループ,2153.0,2143.4,2087.4,1974.1,,581200,0.98,,,,,
2026-05-27,8151,東陽テクニカ,2063.0,1971.6,1848.7,1794.6,,579000,2.65,,,,,
2026-05-27,6787,メイコー,37900.0,40810.0,35159.0,29021.0,,573300,0.9,,,,,
2026-05-27,9048,名古屋鉄道,1825.5,1839.9,1808.1,1784.3,,570900,0.58,,,,,
2026-05-27,8368,百五銀行,1950.0,1971.4,1884.0,1714.2,,565900,0.49,,,,,
2026-05-27,5233,太平洋セメント,4225.0,4146.4,3868.1,3778.9,,563600,0.65,,,,,
2026-05-27,5463,丸一鋼管,1793.0,1818.8,1657.5,1536.2,,563400,0.52,,,,,
2026-05-27,9069,センコーグループホールディングス,1918.0,1953.8,1917.2,1876.9,,563200,1.37,,,,,
2026-05-27,6586,マキタ,5611.0,5668.6,5668.1,5530.8,,560800,0.82,,,,,
2026-05-27,8418,山口フィナンシャルグループ,2792.0,2844.0,2770.3,2643.6,,552800,0.9,,,,,
2026-05-27,8366,滋賀銀行,2092.0,2141.4,2007.5,1902.9,,546500,0.76,,,,,
2026-05-27,8358,スルガ銀行,2337.0,2371.8,2310.4,2150.3,,545100,0.61,,,,,
2026-05-27,9552,クオンツ総研ホールディングス,883.0,893.4,732.2,676.0,,542000,0.58,,,,,
2026-05-27,3632,グリーホールディングス,410.0,412.4,390.0,384.1,,541000,0.59,,,,,
2026-05-27,5393,ニチアス,3477.0,3451.2,3352.3,3105.8,,537400,0.66,,,,,
2026-05-27,8550,栃木銀行,963.0,980.0,956.4,938.8,,533000,0.74,,,,,
2026-05-27,6853,共和電業,888.0,860.8,810.5,771.6,,532900,5.39,,,,,
2026-05-27,6737,ＥＩＺＯ,2605.0,2565.4,2319.8,2211.1,,524400,1.9,,,,,
2026-05-27,6666,リバーエレテック,1232.0,1240.4,1095.8,880.7,,521600,1.11,,,,,
2026-05-27,4091,日本酸素ホールディングス,6373.0,6221.6,5919.2,5871.4,,517800,0.68,,,,,
2026-05-27,5714,ＤＯＷＡホールディングス,10845.0,10645.0,10287.0,9945.5,,517800,0.88,,,,,
2026-05-27,6356,日本ギア工業,1720.0,1575.4,1522.7,1483.8,,516200,1.23,,,,,
2026-05-27,6376,日機装,3280.0,3283.0,2857.4,2619.9,,502000,0.95,,,,,
2026-05-28,8918,ランド,10.0,10.2,10.2,9.7,,215380800,0.96,,,,,
2026-05-28,9984,ソフトバンクグループ,7125.0,7213.0,6083.2,4709.8,,79058300,0.99,,,,,
2026-05-28,6981,村田製作所,8538.0,7898.6,6345.0,4762.2,,46383100,2.59,,,,,
2026-05-28,6659,メディアリンクス,85.0,79.4,49.2,42.6,,45539600,1.61,,,,,
2026-05-28,8306,三菱ＵＦＪフィナンシャル・グループ,2982.0,3046.2,2942.7,2819.2,,41665800,0.93,,,,,
2026-05-28,7201,日産自動車,399.0,381.0,362.9,362.8,,37082600,1.09,,,,,
2026-05-28,6762,ＴＤＫ,3796.0,3623.2,3096.1,2515.2,,24725800,1.81,,,,,
2026-05-28,6758,ソニーグループ,3451.0,3529.4,3428.2,3370.6,,24395600,1.08,,,,,
2026-05-28,6976,太陽誘電,13010.0,11056.4,7933.8,5773.4,,24126600,3.06,,,,,
2026-05-28,6178,日本郵政,2029.5,2075.3,1966.2,1885.9,,23062400,3.23,,,,,
2026-05-28,6723,ルネサスエレクトロニクス,4306.0,4342.0,3706.8,2965.7,,21537400,1.13,,,,,
2026-05-28,6501,日立製作所,5174.0,5049.2,4944.3,4908.5,,17942700,1.37,,,,,
2026-05-28,8316,三井住友フィナンシャルグループ,5849.0,5985.2,5776.6,5509.3,,15094100,0.97,,,,,
2026-05-28,4392,ＦＩＧ,2039.0,2165.2,1138.4,596.2,,15066400,1.04,,,,,
2026-05-28,7211,三菱自動車工業,406.2,397.3,345.3,343.0,,14995800,0.9,,,,,
2026-05-28,8411,みずほフィナンシャルグループ,7065.0,7280.4,6978.0,6645.3,,14467400,1.11,,,,,
2026-05-28,3436,ＳＵＭＣＯ,3348.0,3318.2,3119.2,2269.6,,10954100,0.92,,,,,
2026-05-28,6752,パナソニック　ホールディングス,3544.0,3558.6,3358.2,2924.9,,10582200,1.03,,,,,
2026-05-28,6613,ＱＤレーザ,2732.0,2992.4,2123.2,1508.6,,10123800,0.6,,,,,
2026-05-28,2181,パーソルホールディングス,238.4,239.6,238.0,237.4,,9773600,0.94,,,,,
2026-05-28,4543,テルモ,2399.5,2371.6,2139.1,2117.4,,9511000,1.16,,,,,
2026-05-28,6526,ソシオネクスト,2665.0,2790.0,2362.4,2025.6,,9308500,0.75,,,,,
2026-05-28,4005,住友化学,587.1,592.0,560.4,527.9,,9195400,0.49,,,,,
2026-05-28,6525,ＫＯＫＵＳＡＩ　ＥＬＥＣＴＲＩＣ,8124.0,7584.6,6916.3,6268.6,,8971100,0.98,,,,,
2026-05-28,4062,イビデン,19740.0,20262.0,16582.0,11398.7,,8387100,1.07,,,,,
2026-05-28,8750,第一ライフグループ,1627.5,1655.9,1552.4,1493.2,,8358500,0.87,,,,,
2026-05-28,7272,ヤマハ発動機,1268.5,1236.7,1186.6,1158.4,,8273400,0.83,,,,,
2026-05-28,8308,りそなホールディングス,2036.0,2085.9,2026.9,1891.0,,8129700,0.91,,,,,
2026-05-28,6503,三菱電機,6557.0,6491.4,6305.9,5815.5,,7953400,1.07,,,,,
2026-05-28,4188,三菱ケミカルグループ,1116.5,1093.5,996.8,975.0,,7865100,0.96,,,,,
2026-05-28,6098,リクルートホールディングス,10185.0,9878.6,8549.1,7443.7,,7644100,0.89,,,,,
2026-05-28,6971,京セラ,3271.0,3129.8,2906.6,2679.5,,7531500,1.38,,,,,
2026-05-28,4901,富士フイルムホールディングス,3322.0,3215.2,3112.1,3074.4,,7448400,1.49,,,,,
2026-05-28,6954,ファナック,7984.0,8227.8,7676.8,6606.7,,6951500,0.8,,,,,
2026-05-28,6594,ニデック,2684.0,2758.6,2614.1,2368.2,,6611000,0.69,,,,,
2026-05-28,7182,ゆうちょ銀行,2960.5,3041.7,2887.4,2751.4,,6364200,0.77,,,,,
2026-05-28,7733,オリンパス,1821.5,1829.8,1714.9,1556.2,,6348300,1.1,,,,,
2026-05-28,6963,ローム,5078.0,4991.8,4184.1,3649.0,,5974400,0.96,,,,,
2026-05-28,6965,浜松ホトニクス,2823.0,2867.9,2446.7,2116.9,,5710400,0.79,,,,,
2026-05-28,3905,データセクション,5140.0,4717.0,2918.2,1969.7,,5679600,1.44,,,,,
2026-05-28,3407,旭化成,1755.5,1750.4,1656.1,1625.3,,5566900,1.11,,,,,
2026-05-28,6966,三井ハイテック,882.0,817.0,727.4,691.1,,5375300,2.01,,,,,
2026-05-28,5801,古河電気工業,52000.0,55996.0,50457.5,39989.8,,5229200,0.9,,,,,
2026-05-28,5802,住友電気工業,11955.0,11999.0,11259.0,10351.0,,5225600,0.73,,,,,
2026-05-28,9502,中部電力,2951.0,2869.3,2745.1,2674.2,,5109600,1.64,,,,,
2026-05-28,7220,武蔵精密工業,7960.0,6798.0,5505.8,3862.1,,4672800,1.89,,,,,
2026-05-28,5074,テスホールディングス,1136.0,1235.6,1024.4,758.4,,4662500,0.8,,,,,
2026-05-28,8053,住友商事,7105.0,7229.4,7044.4,6308.0,,4614600,1.64,,,,,
2026-05-28,6326,クボタ,2810.5,2742.8,2742.1,2686.7,,4606100,1.12,,,,,
2026-05-28,9684,スクウェア・エニックス・ホールディングス,2565.0,2688.9,2588.9,2573.9,,4584800,2.3,,,,,
2026-05-28,7936,アシックス,4657.0,4620.0,4559.9,4489.0,,4525300,1.21,,,,,
2026-05-28,6472,ＮＴＮ,448.4,429.4,410.6,368.6,,4401300,0.63,,,,,
2026-05-28,4004,レゾナック・ホールディングス,18500.0,18826.0,16835.2,13538.5,,4344800,1.05,,,,,
2026-05-28,6506,安川電機,7136.0,7213.8,6530.2,5329.9,,4257400,0.74,,,,,
2026-05-28,8725,ＭＳ＆ＡＤインシュアランスグループホールディングス,4245.0,4239.6,4218.3,4128.8,,4163600,0.96,,,,,
2026-05-28,2802,味の素,5142.0,5310.0,5195.5,4777.1,,4114000,0.88,,,,,
2026-05-28,2503,キリンホールディングス,2721.0,2725.2,2604.8,2587.3,,4048300,1.03,,,,,
2026-05-28,8591,オリックス,6124.0,6231.6,5772.7,5174.6,,4034600,1.04,,,,,
2026-05-28,3923,ラクス,965.0,953.8,889.4,831.3,,3903900,0.91,,,,,
2026-05-28,7868,広済堂ホールディングス,693.0,677.6,650.2,545.4,,3709900,0.81,,,,,
2026-05-28,3853,アステリア,2505.0,2483.2,1821.4,1546.8,,3642400,0.87,,,,,
2026-05-28,2914,日本たばこ産業,6098.0,6112.6,6095.6,5951.3,,3448400,0.99,,,,,
2026-05-28,3687,フィックスターズ,2217.0,2057.4,1577.6,1419.8,,3212500,1.21,,,,,
2026-05-28,6315,ＴＯＷＡ,3125.0,3011.2,2903.6,2681.7,,3153400,0.55,,,,,
2026-05-28,8035,東京エレクトロン,52320.0,51650.0,49745.0,44092.7,,3146300,1.14,,,,,
2026-05-28,9412,スカパーＪＳＡＴ,4535.0,4455.0,3976.0,3333.5,,3136300,1.03,,,,,
2026-05-28,7167,めぶきフィナンシャルグループ,1353.0,1379.5,1352.3,1291.3,,3132200,1.49,,,,,
2026-05-28,6361,荏原製作所,5499.0,5551.6,5496.4,5117.1,,3110500,0.82,,,,,
2026-05-28,7186,横浜フィナンシャルグループ,1599.5,1637.5,1581.7,1514.6,,3073000,0.78,,,,,
2026-05-28,4902,コニカミノルタ,593.6,589.3,556.6,548.0,,3033200,0.69,,,,,
2026-05-28,8524,北洋銀行,982.0,993.6,991.8,987.7,,3032400,1.26,,,,,
2026-05-28,6072,地盤ネットホールディングス,1541.0,1359.4,1143.0,1043.1,,3021500,2.1,,,,,
2026-05-28,6619,ダブル・スコープ,302.0,321.2,275.2,231.8,,3020200,0.7,,,,,
2026-05-28,6779,日本電波工業,3215.0,2955.2,2322.7,1722.6,,3006200,1.87,,,,,
2026-05-28,6724,セイコーエプソン,2879.5,2814.2,2480.6,2178.7,,2870700,1.01,,,,,
2026-05-28,6635,大日光・エンジニアリング,966.0,834.2,689.9,670.8,,2803700,22.8,,,,,
2026-05-28,4980,デクセリアルズ,4029.0,4151.4,3348.6,2671.1,,2659800,0.58,,,,,
2026-05-28,3064,ＭｏｎｏｔａＲＯ,1909.5,1921.1,1874.1,1856.7,,2646400,0.88,,,,,
2026-05-28,8015,豊田通商,6729.0,6927.2,6887.1,6505.8,,2614500,1.11,,,,,
2026-05-28,9831,ヤマダホールディングス,614.5,607.3,571.0,552.8,,2604600,0.8,,,,,
2026-05-28,4366,ダイトーケミックス,593.0,486.8,435.2,426.3,,2585100,15.16,,,,,
2026-05-28,4259,エクサウィザーズ,1219.0,1291.4,979.6,775.2,,2552100,0.58,,,,,
2026-05-28,8331,千葉銀行,2280.5,2336.7,2258.8,2162.3,,2487500,0.92,,,,,
2026-05-28,4183,三井化学,2157.0,2160.9,2035.8,2003.9,,2486900,0.75,,,,,
2026-05-28,8309,三井住友トラストグループ,5554.0,5623.6,5529.5,5278.5,,2347600,0.77,,,,,
2026-05-28,4588,オンコリスバイオファーマ,3100.0,3177.4,2826.9,2692.0,,2342900,0.93,,,,,
2026-05-28,6504,富士電機,15155.0,16425.0,14883.0,12631.4,,2324800,2.07,,,,,
2026-05-28,6590,芝浦メカトロニクス,5180.0,5167.0,4982.8,4826.8,,2274000,1.08,,,,,
2026-05-28,6997,日本ケミコン,4380.0,3959.0,3194.2,2214.0,,2223900,1.63,,,,,
2026-05-28,6113,アマダ,2922.5,2868.3,2786.2,2513.7,,2200200,0.85,,,,,
2026-05-28,7752,リコー,1451.5,1449.8,1397.5,1374.7,,2191900,0.86,,,,,
2026-05-28,6464,ツバキ・ナカシマ,404.0,384.0,348.1,328.0,,2183500,1.68,,,,,
2026-05-28,5706,三井金属,48750.0,51446.0,47840.5,38221.7,,2149400,0.85,,,,,
2026-05-28,9301,三菱倉庫,1505.0,1495.8,1442.1,1407.0,,2075400,1.43,,,,,
2026-05-28,6479,ミネベアミツミ,4276.0,4207.6,3711.6,3129.9,,2061300,0.76,,,,,
2026-05-28,1963,日揮ホールディングス,2661.5,2751.4,2563.4,2425.0,,2054500,0.69,,,,,
2026-05-28,5367,ニッカトー,1149.0,968.4,845.9,786.8,,2027900,4.15,,,,,
2026-05-28,5301,東海カーボン,1706.5,1666.1,1423.9,1139.5,,2001800,0.62,,,,,
2026-05-28,5333,ＮＧＫ,6120.0,6119.2,5565.8,4677.3,,1858200,1.16,,,,,
2026-05-28,9735,セコム,6462.0,6479.8,6072.2,6018.2,,1840300,1.2,,,,,
2026-05-28,8714,池田泉州ホールディングス,955.0,979.4,945.0,905.8,,1831000,1.22,,,,,
2026-05-28,5563,新日本電工,545.0,521.6,474.8,445.9,,1807700,1.3,,,,,
2026-05-28,5831,しずおかフィナンシャルグループ,2846.5,2940.5,2875.6,2779.5,,1751500,1.08,,,,,
2026-05-28,2585,ライフドリンク　カンパニー,1657.0,1596.4,1443.2,1325.9,,1729600,1.17,,,,,
2026-05-28,4088,エア・ウォーター,2594.0,2588.2,2290.5,2208.9,,1683400,0.58,,,,,
2026-05-28,3099,三越伊勢丹ホールディングス,3273.0,3258.2,3157.6,3059.9,,1666200,0.74,,,,,
2026-05-28,9147,ＮＩＰＰＯＮ　ＥＸＰＲＥＳＳホールディングス,5125.0,5041.6,4599.4,4018.3,,1663900,0.96,,,,,
2026-05-28,6324,ハーモニック・ドライブ・システムズ,7690.0,7642.0,6447.5,4906.3,,1654400,0.67,,,,,
2026-05-28,7762,シチズン時計,2228.0,2166.8,2072.6,1864.6,,1643000,0.93,,,,,
2026-05-28,8795,Ｔ＆Ｄホールディングス,4095.0,4119.4,3983.2,3937.7,,1641500,0.79,,,,,
2026-05-28,6845,アズビル,1642.5,1620.6,1501.4,1450.3,,1631600,0.8,,,,,
2026-05-28,6383,ダイフク,7263.0,7201.6,7152.0,6372.5,,1618800,0.76,,,,,
2026-05-28,9962,ミスミグループ本社,3635.0,3528.0,3383.2,3067.2,,1603600,1.21,,,,,
2026-05-28,4208,ＵＢＥ,2930.5,2980.8,2590.8,2537.9,,1572200,0.65,,,,,
2026-05-28,6952,カシオ計算機,1754.0,1716.4,1652.2,1575.6,,1557500,0.67,,,,,
2026-05-28,6996,ニチコン,3540.0,3536.0,2898.4,2276.3,,1534000,1.16,,,,,
2026-05-28,5253,カバー,1587.0,1639.6,1518.6,1502.7,,1500000,0.62,,,,,
2026-05-28,5201,ＡＧＣ,6883.0,6831.4,6111.0,5907.2,,1498500,0.82,,,,,
2026-05-28,8338,筑波銀行,617.0,632.6,618.9,609.7,,1486400,0.92,,,,,
2026-05-28,4443,Ｓａｎｓａｎ,1554.0,1530.6,1361.6,1261.2,,1453400,0.8,,,,,
2026-05-28,8544,京葉銀行,2535.0,2476.8,2311.9,2184.6,,1424800,3.88,,,,,
2026-05-28,4042,東ソー,2699.5,2659.1,2599.9,2474.5,,1405800,0.86,,,,,
2026-05-28,6532,ベイカレント,5445.0,5675.4,5344.8,4971.1,,1398200,0.89,,,,,
2026-05-28,6481,ＴＨＫ,7504.0,7357.0,6912.4,5737.6,,1395200,1.1,,,,,
2026-05-28,5076,インフロニア・ホールディングス,2401.5,2372.8,2321.3,2279.5,,1383600,0.55,,,,,
2026-05-28,6473,ジェイテクト,2112.5,2037.6,1953.3,1829.8,,1377200,1.13,,,,,
2026-05-28,6480,日本トムソン,2264.0,2193.2,1732.8,1210.8,,1375500,0.9,,,,,
2026-05-28,5031,モイ,630.0,760.0,405.9,328.5,,1371300,1.32,,,,,
2026-05-28,6754,アンリツ,4580.0,4639.4,4253.7,3469.3,,1358700,0.67,,,,,
2026-05-28,9519,レノバ,1223.0,1293.2,1236.8,982.9,,1330100,0.79,,,,,
2026-05-28,6327,北川精機,5000.0,3845.8,3050.2,2199.6,,1309500,2.43,,,,,
2026-05-28,4385,メルカリ,4071.0,4121.8,4037.0,3806.1,,1295000,0.82,,,,,
2026-05-28,6323,ローツェ,3894.0,3908.2,3842.0,3359.4,,1285800,0.91,,,,,
2026-05-28,7177,ＧＭＯフィナンシャルホールディングス,1143.0,1152.4,1078.8,984.7,,1256800,2.81,,,,,
2026-05-28,5332,ＴＯＴＯ,7381.0,7109.6,6697.2,5949.2,,1239600,1.01,,,,,
2026-05-28,6840,ＡＫＩＢＡホールディングス,1138.0,1226.4,852.1,614.1,,1230700,1.07,,,,,
2026-05-28,7180,九州フィナンシャルグループ,1385.0,1422.3,1359.7,1274.6,,1229000,0.73,,,,,
2026-05-28,4536,参天製薬,1888.5,1916.6,1782.5,1752.6,,1216000,0.94,,,,,
2026-05-28,3558,ジェイドグループ,1686.0,2146.8,2118.9,1816.1,,1198900,9.57,,,,,
2026-05-28,4293,セプテーニ・ホールディングス,568.0,538.6,463.6,434.6,,1164900,0.85,,,,,
2026-05-28,4182,三菱瓦斯化学,5391.0,5306.0,4812.7,4368.5,,1150000,0.55,,,,,
2026-05-28,8789,フィンテック　グローバル,129.0,133.0,131.8,131.1,,1149700,1.12,,,,,
2026-05-28,2432,ディー・エヌ・エー,2668.5,2704.1,2660.8,2618.8,,1141700,0.69,,,,,
2026-05-28,6584,三櫻工業,873.0,829.8,793.1,743.8,,1139000,1.07,,,,,
2026-05-28,8359,八十二長野銀行,2292.0,2317.9,2267.4,2100.5,,1116600,0.79,,,,,
2026-05-28,3778,さくらインターネット,2980.0,3071.6,3068.4,3053.4,,1104600,1.04,,,,,
2026-05-28,2371,カカクコム,3340.0,3379.6,3133.9,2394.4,,1089800,0.6,,,,,
2026-05-28,4373,シンプレクス・ホールディングス,1029.0,1025.8,961.7,884.1,,1088100,1.04,,,,,
2026-05-28,3941,レンゴー,1424.5,1411.4,1329.6,1320.7,,1084500,0.71,,,,,
2026-05-28,6871,日本マイクロニクス,15230.0,15502.0,14560.5,12361.7,,1081000,0.73,,,,,
2026-05-28,6768,タムラ製作所,1063.0,1052.4,936.0,772.8,,1070300,0.77,,,,,
2026-05-28,7747,朝日インテック,3677.0,3662.2,3463.9,3387.9,,1068200,0.89,,,,,
2026-05-28,6268,ナブテスコ,5501.0,5569.8,5421.3,4796.6,,1046600,0.69,,,,,
2026-05-28,6141,ＤＭＧ森精機,3426.0,3387.2,3384.3,2872.8,,1037100,0.7,,,,,
2026-05-28,8304,あおぞら銀行,2695.5,2731.7,2663.7,2623.5,,1032300,0.71,,,,,
2026-05-28,8334,群馬銀行,2234.0,2281.6,2225.5,2181.8,,1029300,0.95,,,,,
2026-05-28,9983,ファーストリテイリング,78380.0,76462.0,73960.0,69209.0,,1010700,0.99,,,,,
2026-05-28,8233,高島屋,1987.0,1973.5,1934.4,1904.5,,1006300,0.89,,,,,
2026-05-28,4419,Ｆｉｎａｔｅｘｔホールディングス,1260.0,1212.4,1190.2,1057.1,,974300,1.4,,,,,
2026-05-28,5991,日本発條,3534.0,3403.6,3192.3,2835.3,,967800,1.08,,,,,
2026-05-28,2433,博報堂ＤＹホールディングス,1124.0,1151.5,1104.2,1077.8,,952600,0.74,,,,,
2026-05-28,6264,マルマエ,2247.0,2375.4,2277.9,1886.9,,935700,0.73,,,,,
2026-05-28,4324,電通グループ,3071.0,3059.4,3042.4,2926.6,,935000,0.69,,,,,
2026-05-28,7327,第四北越フィナンシャルグループ,2025.0,2082.6,2031.9,1989.4,,931500,0.83,,,,,
2026-05-28,4578,大塚ホールディングス,11140.0,11412.0,11247.8,10927.2,,927700,0.92,,,,,
2026-05-28,4047,関東電化工業,3455.0,3320.0,2403.4,1839.2,,919400,0.73,,,,,
2026-05-28,9513,電源開発,3970.0,4046.0,4042.6,3999.6,,918600,0.9,,,,,
2026-05-28,6962,大真空,950.0,913.8,808.6,705.0,,916200,1.58,,,,,
2026-05-28,5101,横浜ゴム,6938.0,6939.6,6530.1,6414.1,,908800,0.6,,,,,
2026-05-28,7956,ピジョン,1877.5,1845.4,1787.9,1694.9,,893900,0.65,,,,,
2026-05-28,8508,Ｊトラスト,769.0,798.0,715.4,619.1,,890800,0.51,,,,,
2026-05-28,7276,小糸製作所,2739.5,2741.9,2685.7,2605.3,,886700,0.8,,,,,
2026-05-28,7004,カナデビア,1407.0,1394.8,1320.8,1161.9,,882900,0.65,,,,,
2026-05-28,8358,スルガ銀行,2302.0,2356.0,2312.8,2154.1,,879300,0.99,,,,,
2026-05-28,6134,ＦＵＪＩ,7881.0,8029.8,7154.3,5970.4,,877700,0.66,,,,,
2026-05-28,6597,ＨＰＣシステムズ,4940.0,4246.0,3187.6,2496.8,,869500,3.49,,,,,
2026-05-28,5233,太平洋セメント,4289.0,4188.6,3904.6,3776.1,,865000,1.22,,,,,
2026-05-28,6140,旭ダイヤモンド工業,1362.0,1372.0,1328.8,1315.0,,861200,0.81,,,,,
2026-05-28,2531,宝ホールディングス,2237.5,2112.3,1894.2,1731.4,,854300,1.59,,,,,
2026-05-28,6958,日本シイエムケイ,735.0,716.8,663.8,610.4,,848500,0.41,,,,,
2026-05-28,5844,京都フィナンシャルグループ,4420.0,4501.2,4421.9,4313.0,,847900,0.72,,,,,
2026-05-28,3776,ブロードバンドタワー,260.0,259.6,251.7,234.9,,847500,1.45,,,,,
2026-05-28,4186,東京応化工業,10900.0,11165.0,10432.4,9161.2,,845000,0.78,,,,,
2026-05-28,4704,トレンドマイクロ,5880.0,6130.2,5775.2,5538.2,,842400,0.74,,,,,
2026-05-28,3105,日清紡ホールディングス,2381.5,2395.8,2237.2,1837.6,,839900,0.8,,,,,
2026-05-28,6302,住友重機械工業,5293.0,5373.4,5339.3,5258.6,,839100,1.3,,,,,
2026-05-28,5334,日本特殊陶業,9920.0,9784.8,9247.8,8285.3,,838600,0.63,,,,,
2026-05-28,4369,トリケミカル研究所,3735.0,3699.0,3451.8,3146.4,,838000,1.3,,,,,
2026-05-28,8282,ケーズホールディングス,2044.0,2043.0,1955.8,1790.9,,836100,1.04,,,,,
2026-05-28,1948,弘電社,11470.0,9286.0,7260.0,6743.8,,830200,13.17,,,,,
2026-05-28,9048,名古屋鉄道,1781.0,1821.3,1809.4,1783.3,,823800,0.85,,,,,
2026-05-28,2693,ＹＫＴ,451.0,458.4,332.0,277.3,,804600,0.56,,,,,
2026-05-28,4043,トクヤマ,4733.0,4738.6,4425.6,4047.7,,803100,0.82,,,,,
2026-05-28,6999,ＫＯＡ,2554.0,2381.8,2096.1,1858.7,,798900,1.51,,,,,
2026-05-28,8078,阪和興業,1884.0,1822.0,1729.3,1660.2,,797800,1.43,,,,,
2026-05-28,8088,岩谷産業,2038.0,2066.6,1989.3,1968.2,,793800,0.58,,,,,
2026-05-28,8368,百五銀行,1913.0,1953.4,1895.0,1720.0,,789800,0.86,,,,,
2026-05-28,5741,ＵＡＣＪ,3345.0,3376.0,3026.2,2768.2,,772800,0.79,,,,,
2026-05-28,6448,ブラザー工業,3696.0,3611.2,3381.2,3129.0,,769600,1.02,,,,,
2026-05-28,7826,フルヤ金属,8580.0,9320.0,8956.0,7613.3,,767100,0.9,,,,,
2026-05-28,6254,野村マイクロ・サイエンス,4725.0,4902.0,4458.8,3658.4,,763400,0.64,,,,,
2026-05-28,8346,東邦銀行,754.0,770.0,721.1,689.1,,763000,0.83,,,,,
2026-05-28,7337,ひろぎんホールディングス,2021.0,2067.1,1983.0,1882.7,,755800,1.02,,,,,
2026-05-28,3563,ＦＯＯＤ　＆　ＬＩＦＥ　ＣＯＭＰＡＮＩＥＳ,10390.0,10345.0,10153.5,9747.9,,750200,0.75,,,,,
2026-05-28,3632,グリーホールディングス,419.0,414.0,392.4,384.7,,747400,1.04,,,,,
2026-05-28,3132,マクニカホールディングス,3092.0,3144.2,3012.0,2594.4,,743100,0.9,,,,,
2026-05-28,6521,オキサイド,5850.0,5958.0,5791.8,4876.7,,739900,1.12,,,,,
2026-05-28,5985,サンコール,1769.0,1849.2,1799.2,1678.5,,735500,0.47,,,,,
2026-05-28,9552,クオンツ総研ホールディングス,805.0,872.0,740.4,676.9,,731600,0.76,,,,,
2026-05-28,4631,ＤＩＣ,4787.0,4824.2,4147.0,3956.4,,724300,0.63,,,,,
2026-05-28,4272,日本化薬,2130.0,2137.2,1962.9,1861.3,,714200,1.01,,,,,
2026-05-28,3101,東洋紡,1712.0,1669.8,1573.7,1506.1,,705600,0.95,,,,,
2026-05-28,5393,ニチアス,3505.0,3486.6,3369.9,3112.9,,702900,0.99,,,,,
2026-05-28,7867,タカラトミー,3066.0,3009.8,2774.4,2755.1,,693600,0.98,,,,,
2026-05-28,7245,大同メタル工業,1060.0,1015.0,955.6,953.5,,689800,1.09,,,,,
2026-05-28,5463,丸一鋼管,1789.0,1810.2,1673.9,1539.3,,688500,0.63,,,,,
2026-05-28,7380,十六フィナンシャルグループ,2110.0,2138.8,2092.9,1976.3,,682200,1.15,,,,,
2026-05-28,6855,日本電子材料,7900.0,7888.0,7553.0,6924.5,,673900,0.61,,,,,
2026-05-28,6616,トレックス・セミコンダクター,2895.0,2633.2,2350.2,1947.2,,671700,6.11,,,,,
2026-05-28,6737,ＥＩＺＯ,2597.0,2578.0,2346.3,2216.6,,670100,2.45,,,,,
2026-05-28,9041,近鉄グループホールディングス,3552.0,3533.8,3492.6,3347.4,,666600,0.71,,,,,
2026-05-28,3774,インターネットイニシアティブ,3030.0,3043.0,2957.7,2632.4,,657100,0.9,,,,,
2026-05-28,6240,ヤマシンフィルタ,575.0,596.8,561.0,523.8,,656300,0.87,,,,,
2026-05-28,6055,ジャパンマテリアル,2053.0,2067.2,1993.4,1867.1,,655200,0.71,,,,,
2026-05-28,7859,アルメディオ,313.0,297.0,284.8,277.1,,654300,0.95,,,,,
2026-05-28,6835,アライドテレシスホールディングス,289.0,285.4,277.0,273.6,,646200,0.98,,,,,
2026-05-28,1407,ウエストホールディングス,2936.0,2981.4,2954.2,2235.5,,644200,1.0,,,,,
2026-05-28,4078,堺化学工業,4240.0,3997.0,3721.2,3702.7,,641700,1.75,,,,,
2026-05-28,6861,キーエンス,75180.0,77262.0,77088.0,66048.7,,637100,0.88,,,,,
2026-05-28,4527,ロート製薬,2483.0,2492.2,2428.2,2404.4,,634500,0.72,,,,,
2026-05-28,8550,栃木銀行,949.0,974.2,958.4,938.5,,633700,0.94,,,,,
2026-05-28,4091,日本酸素ホールディングス,6256.0,6302.4,5947.6,5878.1,,633100,0.89,,,,,
2026-05-28,8283,ＰＡＬＴＡＣ,6631.0,6630.8,5860.2,5126.2,,630700,0.81,,,,,
2026-05-28,7381,ＣＣＩグループ,1032.0,1051.0,1016.5,995.2,,619200,1.05,,,,,
2026-05-28,3753,フライトソリューションズ,183.0,210.4,172.9,159.7,,618700,0.42,,,,,
2026-05-28,8366,滋賀銀行,2015.0,2112.8,2014.8,1908.1,,616800,0.92,,,,,
2026-05-28,7419,ノジマ,1459.0,1453.2,1332.2,1193.3,,613800,0.59,,,,,
2026-05-28,4368,扶桑化学工業,4315.0,4414.0,3853.5,3274.0,,606100,0.74,,,,,
2026-05-28,6727,ワコム,843.0,856.2,781.9,779.3,,603300,0.84,,,,,
2026-05-28,6143,ソディック,1857.0,1849.6,1709.8,1497.0,,600000,0.83,,,,,
2026-05-28,4246,ダイキョーニシカワ,1071.0,1054.2,964.6,902.4,,591800,0.82,,,,,
2026-05-28,8609,岡三証券グループ,938.0,941.2,916.0,891.9,,574400,1.16,,,,,
2026-05-28,8086,ニプロ,1707.5,1710.3,1605.8,1582.1,,570700,0.53,,,,,
2026-05-28,7082,ジモティー,1416.0,1415.8,1121.7,908.0,,570300,1.33,,,,,
2026-05-28,3673,ブロードリーフ,923.0,958.2,933.9,918.6,,569900,0.94,,,,,
2026-05-28,4100,戸田工業,2122.0,1802.4,1535.3,1448.4,,569300,3.97,,,,,
2026-05-28,5714,ＤＯＷＡホールディングス,10530.0,10718.0,10331.5,9947.0,,568800,0.95,,,,,
2026-05-28,5408,中山製鋼所,669.0,661.6,640.1,628.8,,567300,1.1,,,,,
2026-05-28,4092,日本化学工業,4715.0,4556.0,3851.2,3401.1,,561700,1.41,,,,,
2026-05-28,4021,日産化学,7431.0,7355.2,7113.5,6615.9,,558700,0.7,,,,,
2026-05-28,8032,日本紙パルプ商事,1157.0,1151.6,1150.2,1101.6,,554800,1.39,,,,,
2026-05-28,4205,日本ゼオン,2167.5,2151.8,2062.1,1921.2,,548300,0.47,,,,,
2026-05-28,6923,スタンレー電気,3542.0,3522.2,3323.3,3082.1,,524500,0.69,,,,,
2026-05-28,4228,積水化成品工業,577.0,542.6,498.4,476.1,,513500,1.4,,,,,
2026-05-29,9984,ソフトバンクグループ,7491.0,7359.8,6165.6,4766.5,,81180100,1.01,,,,,
2026-05-29,6981,村田製作所,9625.0,8397.6,6580.4,4854.2,,75663400,3.55,,,,,
2026-05-29,8306,三菱ＵＦＪフィナンシャル・グループ,2999.0,3027.8,2953.2,2819.7,,69856600,1.53,,,,,
2026-05-29,7201,日産自動車,396.8,387.8,365.2,362.2,,66724100,2.15,,,,,
2026-05-29,6758,ソニーグループ,3444.0,3513.2,3441.1,3367.3,,47099000,2.23,,,,,
2026-05-29,7211,三菱自動車工業,371.5,396.9,348.2,342.1,,42466800,2.52,,,,,
2026-05-29,7267,本田技研工業,1452.5,1426.2,1341.2,1338.7,,32589600,1.59,,,,,
2026-05-29,6762,ＴＤＫ,4108.0,3770.8,3165.6,2543.3,,28286900,1.92,,,,,
2026-05-29,6976,太陽誘電,14815.0,12199.0,8347.4,5940.4,,27968600,2.86,,,,,
2026-05-29,6501,日立製作所,5166.0,5082.0,4934.8,4907.5,,27362800,2.03,,,,,
2026-05-29,6723,ルネサスエレクトロニクス,4500.0,4433.2,3775.7,2991.2,,23491100,1.28,,,,,
2026-05-29,6752,パナソニック　ホールディングス,3700.0,3597.2,3388.1,2944.3,,22141600,2.23,,,,,
2026-05-29,8725,ＭＳ＆ＡＤインシュアランスグループホールディングス,4287.0,4248.0,4236.1,4127.3,,21947600,4.97,,,,,
2026-05-29,3436,ＳＵＭＣＯ,3994.0,3481.6,3199.9,2305.7,,21624300,1.93,,,,,
2026-05-29,4005,住友化学,610.2,596.9,565.7,528.6,,19748300,1.44,,,,,
2026-05-29,6659,メディアリンクス,78.0,81.8,51.2,43.2,,19743800,0.6,,,,,
2026-05-29,6971,京セラ,3483.0,3227.0,2947.8,2691.5,,19705500,3.49,,,,,
2026-05-29,3064,ＭｏｎｏｔａＲＯ,1889.0,1907.6,1874.1,1853.5,,19301600,6.81,,,,,
2026-05-29,8316,三井住友フィナンシャルグループ,5819.0,5947.8,5797.3,5506.4,,17617000,1.16,,,,,
2026-05-29,6098,リクルートホールディングス,10570.0,10034.8,8712.6,7505.4,,17460900,2.01,,,,,
2026-05-29,8411,みずほフィナンシャルグループ,7195.0,7228.0,7007.8,6646.1,,16581900,1.22,,,,,
2026-05-29,4063,信越化学工業,7758.0,7314.2,7253.3,6715.6,,15831800,2.22,,,,,
2026-05-29,8750,第一ライフグループ,1636.0,1653.0,1564.2,1493.6,,15798700,1.6,,,,,
2026-05-29,7272,ヤマハ発動機,1311.0,1253.1,1198.2,1159.6,,15522700,1.51,,,,,
2026-05-29,6503,三菱電機,6558.0,6542.8,6331.4,5825.0,,14852400,1.96,,,,,
2026-05-29,4004,レゾナック・ホールディングス,18720.0,18968.0,17071.8,13651.6,,14244600,3.72,,,,,
2026-05-29,7182,ゆうちょ銀行,3069.0,3034.7,2913.9,2751.5,,13344700,1.57,,,,,
2026-05-29,4392,ＦＩＧ,1781.0,2164.4,1209.7,619.9,,12995800,0.93,,,,,
2026-05-29,6178,日本郵政,2068.0,2065.7,1981.7,1886.5,,12417400,1.38,,,,,
2026-05-29,2181,パーソルホールディングス,242.4,239.9,238.4,237.3,,12352900,1.16,,,,,
2026-05-29,4543,テルモ,2401.0,2373.1,2157.9,2122.2,,11844900,1.38,,,,,
2026-05-29,8591,オリックス,6237.0,6233.0,5841.0,5186.1,,11231300,2.88,,,,,
2026-05-29,8053,住友商事,7099.0,7223.0,7114.7,6315.2,,10796100,3.74,,,,,
2026-05-29,4612,日本ペイントホールディングス,1056.5,1042.5,1016.0,1014.2,,10749300,2.24,,,,,
2026-05-29,2914,日本たばこ産業,6167.0,6119.2,6114.9,5954.3,,10724600,3.12,,,,,
2026-05-29,4188,三菱ケミカルグループ,1147.0,1117.4,1008.7,974.8,,10577300,1.42,,,,,
2026-05-29,7733,オリンパス,1785.5,1809.3,1726.4,1560.5,,10499600,1.98,,,,,
2026-05-29,3407,旭化成,1787.0,1762.6,1669.4,1624.4,,10221700,2.07,,,,,
2026-05-29,4062,イビデン,23000.0,21012.0,17098.5,11623.1,,10164100,1.3,,,,,
2026-05-29,5802,住友電気工業,12585.0,12152.0,11385.3,10387.9,,9941900,1.51,,,,,
2026-05-29,8308,りそなホールディングス,2039.5,2065.9,2037.0,1893.2,,9765600,1.09,,,,,
2026-05-29,6966,三井ハイテック,1022.0,872.2,744.6,693.5,,9429100,3.15,,,,,
2026-05-29,6594,ニデック,2792.0,2774.0,2631.3,2373.7,,9270400,1.1,,,,,
2026-05-29,2802,味の素,5152.0,5280.4,5213.8,4780.2,,9185600,2.03,,,,,
2026-05-29,4307,野村総合研究所,5022.0,4755.4,4493.2,4477.7,,8861600,2.24,,,,,
2026-05-29,7868,広済堂ホールディングス,593.0,658.2,652.8,547.1,,8604400,1.92,,,,,
2026-05-29,5801,古河電気工業,52060.0,55678.0,50929.5,40389.2,,8510100,1.52,,,,,
2026-05-29,4901,富士フイルムホールディングス,3322.0,3243.4,3134.2,3075.7,,8349900,1.69,,,,,
2026-05-29,6326,クボタ,2842.0,2771.2,2759.6,2681.1,,8295200,2.02,,,,,
2026-05-29,6525,ＫＯＫＵＳＡＩ　ＥＬＥＣＴＲＩＣ,8211.0,7782.6,6990.3,6297.7,,8263300,0.93,,,,,
2026-05-29,6954,ファナック,7892.0,8171.4,7708.6,6619.7,,8214300,1.07,,,,,
2026-05-29,3687,フィックスターズ,2704.0,2204.2,1648.0,1439.0,,8120300,2.77,,,,,
2026-05-29,6963,ローム,5458.0,5164.4,4286.1,3692.1,,7891900,1.47,,,,,
2026-05-29,9831,ヤマダホールディングス,624.5,610.9,576.3,553.5,,7318000,2.32,,,,,
2026-05-29,6965,浜松ホトニクス,2863.0,2858.4,2487.1,2130.9,,7291600,0.99,,,,,
2026-05-29,6526,ソシオネクスト,2635.0,2772.3,2389.2,2035.8,,7214100,0.58,,,,,
2026-05-29,9348,ｉｓｐａｃｅ,671.0,629.4,532.9,524.5,,7145100,1.51,,,,,
2026-05-29,8795,Ｔ＆Ｄホールディングス,4194.0,4134.6,4010.1,3937.4,,6363200,3.03,,,,,
2026-05-29,7186,横浜フィナンシャルグループ,1623.5,1628.6,1591.2,1513.4,,6337100,1.62,,,,,
2026-05-29,6613,ＱＤレーザ,2424.0,2857.2,2167.8,1536.3,,6206100,0.35,,,,,
2026-05-29,2503,キリンホールディングス,2718.5,2724.8,2616.4,2587.5,,6120500,1.54,,,,,
2026-05-29,6472,ＮＴＮ,453.1,439.6,416.0,369.1,,5968200,0.94,,,,,
2026-05-29,7936,アシックス,4843.0,4679.6,4578.2,4489.8,,5948600,1.65,,,,,
2026-05-29,4902,コニカミノルタ,609.6,594.4,562.2,548.2,,5799100,1.35,,,,,
2026-05-29,9502,中部電力,2925.0,2910.8,2762.8,2679.0,,5500500,1.61,,,,,
2026-05-29,7259,アイシン,2413.5,2360.6,2357.8,2329.8,,5404400,2.7,,,,,
2026-05-29,8309,三井住友トラストグループ,5474.0,5595.6,5547.8,5278.4,,5401000,1.79,,,,,
2026-05-29,6479,ミネベアミツミ,4562.0,4321.6,3786.1,3149.9,,5338600,2.13,,,,,
2026-05-29,5706,三井金属,51630.0,51850.0,48457.0,38467.0,,5244100,2.46,,,,,
2026-05-29,3853,アステリア,2404.0,2482.0,1863.8,1566.0,,5099600,1.15,,,,,
2026-05-29,6315,ＴＯＷＡ,3005.0,3033.6,2916.7,2681.6,,5072100,0.94,,,,,
2026-05-29,6506,安川電機,7208.0,7245.0,6617.5,5358.1,,5006500,0.91,,,,,
2026-05-29,3923,ラクス,1006.5,967.1,898.0,833.5,,4844600,1.11,,,,,
2026-05-29,6464,ツバキ・ナカシマ,429.0,401.0,353.7,329.1,,4775800,3.22,,,,,
2026-05-29,9412,スカパーＪＳＡＴ,4470.0,4497.0,4045.0,3360.1,,4559100,1.57,,,,,
2026-05-29,7220,武蔵精密工業,9460.0,7580.0,5747.8,3967.6,,4521200,1.77,,,,,
2026-05-29,6361,荏原製作所,5683.0,5597.8,5508.2,5119.4,,4360300,1.15,,,,,
2026-05-29,7167,めぶきフィナンシャルグループ,1329.5,1366.1,1357.0,1291.1,,3941700,1.85,,,,,
2026-05-29,9735,セコム,6350.0,6478.6,6106.1,6023.4,,3671300,2.36,,,,,
2026-05-29,5301,東海カーボン,1780.0,1696.7,1460.2,1150.6,,3647600,1.43,,,,,
2026-05-29,8331,千葉銀行,2326.0,2326.2,2273.4,2162.3,,3601900,1.34,,,,,
2026-05-29,8035,東京エレクトロン,52420.0,52168.0,50011.0,44232.8,,3555800,1.24,,,,,
2026-05-29,6383,ダイフク,7311.0,7233.2,7191.6,6386.5,,3409900,1.64,,,,,
2026-05-29,7735,ＳＣＲＥＥＮホールディングス,11120.0,11024.0,10995.2,10341.2,,3399100,1.45,,,,,
2026-05-29,7752,リコー,1458.5,1450.1,1405.4,1374.5,,3312300,1.32,,,,,
2026-05-29,3905,データセクション,6140.0,4985.0,3151.8,2040.4,,3273500,0.75,,,,,
2026-05-29,5074,テスホールディングス,1060.0,1209.4,1042.4,765.9,,3269800,0.57,,,,,
2026-05-29,6113,アマダ,3014.0,2924.8,2806.7,2520.6,,3196800,1.23,,,,,
2026-05-29,5031,モイ,549.0,733.8,419.9,332.4,,3166300,2.7,,,,,
2026-05-29,4183,三井化学,2181.5,2187.2,2049.6,2000.6,,3038400,1.03,,,,,
2026-05-29,6619,ダブル・スコープ,289.0,310.8,278.4,233.7,,2899400,0.69,,,,,
2026-05-29,6072,地盤ネットホールディングス,1438.0,1408.6,1159.3,1048.7,,2858400,1.73,,,,,
2026-05-29,2585,ライフドリンク　カンパニー,1729.0,1643.0,1459.8,1334.4,,2815000,1.83,,,,,
2026-05-29,1963,日揮ホールディングス,2728.5,2750.8,2582.8,2429.2,,2804000,0.94,,,,,
2026-05-29,9684,スクウェア・エニックス・ホールディングス,2557.5,2660.4,2594.5,2573.7,,2721400,1.22,,,,,
2026-05-29,4588,オンコリスバイオファーマ,2765.0,3171.0,2818.6,2692.6,,2669000,1.08,,,,,
2026-05-29,5201,ＡＧＣ,6938.0,6920.0,6173.5,5907.3,,2647100,1.45,,,,,
2026-05-29,6724,セイコーエプソン,2927.5,2893.8,2524.4,2192.2,,2630700,0.89,,,,,
2026-05-29,4443,Ｓａｎｓａｎ,1679.0,1572.4,1382.5,1269.6,,2553400,1.39,,,,,
2026-05-29,6779,日本電波工業,3195.0,3092.0,2393.6,1753.6,,2516800,1.43,,,,,
2026-05-29,6845,アズビル,1662.5,1631.4,1514.9,1453.8,,2505000,1.43,,,,,
2026-05-29,5844,京都フィナンシャルグループ,4419.0,4489.2,4432.9,4322.0,,2498400,2.15,,,,,
2026-05-29,3099,三越伊勢丹ホールディングス,3396.0,3276.2,3180.2,3065.1,,2497900,1.29,,,,,
2026-05-29,6997,日本ケミコン,5080.0,4302.0,3332.1,2267.2,,2453900,1.66,,,,,
2026-05-29,5333,ＮＧＫ,6316.0,6210.2,5650.9,4706.1,,2446600,1.5,,,,,
2026-05-29,5076,インフロニア・ホールディングス,2452.0,2395.0,2340.4,2276.8,,2398400,1.03,,,,,
2026-05-29,4088,エア・ウォーター,2599.0,2592.2,2308.9,2216.1,,2391200,0.84,,,,,
2026-05-29,6327,北川精機,5910.0,4445.0,3236.4,2270.6,,2346700,3.88,,,,,
2026-05-29,6962,大真空,1019.0,954.8,823.4,710.5,,2325100,3.64,,,,,
2026-05-29,4578,大塚ホールディングス,11715.0,11425.0,11301.2,10944.0,,2286100,2.22,,,,,
2026-05-29,4732,ユー・エス・エス,1757.5,1756.9,1738.4,1735.4,,2249100,1.94,,,,,
2026-05-29,6999,ＫＯＡ,2770.0,2480.6,2145.3,1871.8,,2248400,4.34,,,,,
2026-05-29,6920,レーザーテック,40130.0,41294.0,41013.0,38628.8,,2244300,0.7,,,,,
2026-05-29,4980,デクセリアルズ,4038.0,4140.4,3425.2,2695.3,,2230100,0.47,,,,,
2026-05-29,8359,八十二長野銀行,2323.5,2315.6,2282.3,2104.6,,2196000,1.6,,,,,
2026-05-29,2432,ディー・エヌ・エー,2663.0,2685.2,2666.0,2618.9,,2188000,1.51,,,,,
2026-05-29,6590,芝浦メカトロニクス,5180.0,5141.0,4998.0,4816.8,,2161900,1.2,,,,,
2026-05-29,9301,三菱倉庫,1501.5,1495.2,1450.2,1408.1,,2155100,1.38,,,,,
2026-05-29,4800,オリコン,1332.0,1117.0,1089.9,933.5,,2147900,22.36,,,,,
2026-05-29,3101,東洋紡,1810.0,1714.2,1595.2,1505.5,,2144200,2.96,,,,,
2026-05-29,4259,エクサウィザーズ,1201.0,1278.2,1004.3,783.0,,2138300,0.53,,,,,
2026-05-29,6323,ローツェ,3933.0,3917.4,3838.8,3369.5,,2132700,1.54,,,,,
2026-05-29,6473,ジェイテクト,2166.0,2084.6,1977.9,1830.1,,2055600,1.71,,,,,
2026-05-29,7762,シチズン時計,2315.0,2201.2,2098.8,1871.3,,2048400,1.32,,,,,
2026-05-29,6994,指月電機製作所,1315.0,1131.4,1130.0,1047.5,,2036700,2.85,,,,,
2026-05-29,9147,ＮＩＰＰＯＮ　ＥＸＰＲＥＳＳホールディングス,5259.0,5114.0,4668.3,4041.8,,2006600,1.22,,,,,
2026-05-29,5831,しずおかフィナンシャルグループ,2871.0,2915.3,2885.9,2775.0,,1982100,1.23,,,,,
2026-05-29,8392,大分銀行,2254.0,2299.0,2215.4,2058.1,,1955700,6.57,,,,,
2026-05-29,4042,東ソー,2750.0,2688.9,2617.9,2474.8,,1940500,1.34,,,,,
2026-05-29,6584,三櫻工業,899.0,856.6,801.5,744.0,,1909500,1.75,,,,,
2026-05-29,5332,ＴＯＴＯ,7678.0,7281.2,6812.5,5975.3,,1879700,1.62,,,,,
2026-05-29,6996,ニチコン,3770.0,3619.0,2972.4,2303.2,,1868300,1.32,,,,,
2026-05-29,6504,富士電機,15440.0,16257.0,15003.0,12656.9,,1857800,1.46,,,,,
2026-05-29,4527,ロート製薬,2381.0,2460.7,2427.6,2403.4,,1826300,2.25,,,,,
2026-05-29,7747,朝日インテック,3766.0,3679.4,3486.6,3394.6,,1813600,1.47,,,,,
2026-05-29,7276,小糸製作所,2797.0,2748.0,2698.3,2604.9,,1805300,1.77,,,,,
2026-05-29,9997,ベルーナ,925.0,921.6,903.3,897.1,,1800400,5.56,,,,,
2026-05-29,8233,高島屋,1993.0,1974.7,1941.6,1904.8,,1788200,1.56,,,,,
2026-05-29,2693,ＹＫＴ,418.0,464.6,340.8,280.1,,1760000,1.19,,,,,
2026-05-29,3762,テクマトリックス,1819.0,1866.8,1826.0,1798.7,,1707000,6.0,,,,,
2026-05-29,9962,ミスミグループ本社,3773.0,3607.4,3402.2,3077.6,,1677900,1.26,,,,,
2026-05-29,6324,ハーモニック・ドライブ・システムズ,7800.0,7800.0,6593.2,4960.3,,1663800,0.8,,,,,
2026-05-29,6532,ベイカレント,5616.0,5645.2,5372.0,4989.6,,1660200,1.05,,,,,
2026-05-29,6754,アンリツ,4547.0,4628.6,4293.3,3494.6,,1644800,0.82,,,,,
2026-05-29,9983,ファーストリテイリング,82330.0,77826.0,74483.0,69430.7,,1610600,1.6,,,,,
2026-05-29,4373,シンプレクス・ホールディングス,1064.0,1031.2,971.1,887.5,,1583600,1.45,,,,,
2026-05-29,8714,池田泉州ホールディングス,964.0,978.0,948.9,906.5,,1574500,0.99,,,,,
2026-05-29,6952,カシオ計算機,1789.5,1749.5,1661.1,1579.3,,1568200,0.66,,,,,
2026-05-29,9519,レノバ,1203.0,1263.8,1243.5,990.6,,1557800,1.05,,,,,
2026-05-29,6481,ＴＨＫ,7640.0,7433.4,7004.9,5771.0,,1515000,1.21,,,,,
2026-05-29,4385,メルカリ,4239.0,4129.4,4057.7,3815.5,,1491500,0.99,,,,,
2026-05-29,4091,日本酸素ホールディングス,6184.0,6300.8,5975.4,5881.3,,1490700,2.17,,,,,
2026-05-29,3941,レンゴー,1458.0,1423.8,1339.0,1319.0,,1467400,1.21,,,,,
2026-05-29,4369,トリケミカル研究所,3770.0,3753.0,3469.2,3146.0,,1461700,2.3,,,,,
2026-05-29,5563,新日本電工,547.0,532.0,481.1,447.2,,1461200,1.02,,,,,
2026-05-29,6376,日機装,3105.0,3311.0,2913.1,2644.6,,1444700,2.53,,,,,
2026-05-29,5233,太平洋セメント,4530.0,4267.2,3950.0,3776.7,,1436900,2.11,,,,,
2026-05-29,8282,ケーズホールディングス,2096.0,2045.6,1972.5,1797.2,,1418900,1.76,,,,,
2026-05-29,6923,スタンレー電気,3551.0,3534.8,3353.0,3086.3,,1412300,2.05,,,,,
2026-05-29,6703,沖電気工業,3545.0,3303.0,3257.4,3066.1,,1406800,1.87,,,,,
2026-05-29,6141,ＤＭＧ森精機,3445.0,3417.4,3414.4,2878.6,,1384200,0.98,,,,,
2026-05-29,6448,ブラザー工業,3753.0,3664.2,3422.7,3137.7,,1363300,1.79,,,,,
2026-05-29,6958,日本シイエムケイ,768.0,731.4,671.7,612.7,,1352300,0.66,,,,,
2026-05-29,4186,東京応化工業,11010.0,11146.0,10531.6,9191.0,,1351100,1.29,,,,,
2026-05-29,4043,トクヤマ,5107.0,4871.2,4486.1,4058.2,,1347000,1.4,,,,,
2026-05-29,8078,阪和興業,1893.0,1847.2,1743.0,1661.8,,1341900,2.29,,,,,
2026-05-29,2433,博報堂ＤＹホールディングス,1119.0,1140.4,1108.1,1076.9,,1333400,1.04,,,,,
2026-05-29,4208,ＵＢＥ,2952.5,2972.9,2620.4,2539.0,,1325300,0.56,,,,,
2026-05-29,7826,フルヤ金属,8770.0,9058.0,9031.5,7631.7,,1321300,1.44,,,,,
2026-05-29,7177,ＧＭＯフィナンシャルホールディングス,1151.0,1151.2,1084.7,988.0,,1314800,2.38,,,,,
2026-05-29,8345,岩手銀行,1867.0,1955.6,1939.6,1800.6,,1309500,5.17,,,,,
2026-05-29,3105,日清紡ホールディングス,2409.0,2399.7,2260.0,1848.5,,1308400,1.31,,,,,
2026-05-29,4205,日本ゼオン,2189.5,2168.7,2082.8,1922.0,,1304100,1.37,,,,,
2026-05-29,3132,マクニカホールディングス,3110.0,3120.8,3038.0,2600.1,,1293700,1.58,,,,,
2026-05-29,4182,三菱瓦斯化学,5545.0,5403.0,4871.8,4388.2,,1292400,0.71,,,,,
2026-05-29,4368,扶桑化学工業,4275.0,4432.0,3907.8,3291.9,,1262300,1.75,,,,,
2026-05-29,6768,タムラ製作所,1080.0,1078.2,949.6,778.7,,1261800,0.93,,,,,
2026-05-29,8338,筑波銀行,610.0,626.2,621.6,608.1,,1240400,0.77,,,,,
2026-05-29,4704,トレンドマイクロ,6010.0,6095.4,5801.9,5551.7,,1228900,1.07,,,,,
2026-05-29,4293,セプテーニ・ホールディングス,567.0,552.4,470.9,437.2,,1228700,1.0,,,,,
2026-05-29,8304,あおぞら銀行,2670.5,2707.1,2666.9,2620.9,,1213400,0.83,,,,,
2026-05-29,7956,ピジョン,1867.0,1846.8,1794.5,1697.3,,1199800,0.86,,,,,
2026-05-29,5253,カバー,1600.0,1607.6,1531.1,1500.2,,1198400,0.5,,,,,
2026-05-29,4324,電通グループ,3006.0,3050.8,3045.2,2927.9,,1196200,0.9,,,,,
2026-05-29,5334,日本特殊陶業,10165.0,9888.0,9344.4,8323.0,,1193300,0.97,,,,,
2026-05-29,7419,ノジマ,1433.0,1456.4,1341.3,1197.7,,1177600,1.17,,,,,
2026-05-29,8283,ＰＡＬＴＡＣ,6630.0,6630.8,5959.5,5152.4,,1159400,1.79,,,,,
2026-05-29,8334,群馬銀行,2260.0,2270.4,2237.1,2181.8,,1152600,1.05,,,,,
2026-05-29,4078,堺化学工業,4940.0,4292.0,3790.5,3715.8,,1140200,2.9,,,,,
2026-05-29,7327,第四北越フィナンシャルグループ,2020.0,2063.6,2041.4,1989.1,,1125700,1.0,,,,,
2026-05-29,5741,ＵＡＣＪ,3320.0,3407.0,3050.1,2777.4,,1121800,1.36,,,,,
2026-05-29,9076,セイノーホールディングス,2724.0,2649.0,2525.4,2512.9,,1093900,2.17,,,,,
2026-05-29,4536,参天製薬,1915.5,1918.7,1795.9,1755.4,,1092300,0.92,,,,,
2026-05-29,7337,ひろぎんホールディングス,2017.5,2054.2,1994.7,1884.1,,1059500,1.46,,,,,
2026-05-29,7180,九州フィナンシャルグループ,1382.0,1408.0,1367.2,1275.3,,1059000,0.72,,,,,
2026-05-29,5463,丸一鋼管,1804.5,1804.4,1690.7,1542.3,,1054500,1.04,,,,,
2026-05-29,6302,住友重機械工業,5222.0,5377.8,5338.9,5242.7,,1049200,1.59,,,,,
2026-05-29,6268,ナブテスコ,5533.0,5577.4,5446.4,4804.1,,1046200,0.73,,,,,
2026-05-29,7004,カナデビア,1388.0,1404.0,1328.3,1166.9,,1042700,0.86,,,,,
2026-05-29,8088,岩谷産業,2016.0,2051.5,1995.9,1967.5,,1041500,0.76,,,,,
2026-05-29,3632,グリーホールディングス,418.0,413.8,394.9,385.1,,1030300,1.56,,,,,
2026-05-29,8086,ニプロ,1721.0,1711.9,1615.6,1584.3,,1029700,1.08,,,,,
2026-05-29,4021,日産化学,7509.0,7408.0,7157.9,6622.6,,1016800,1.32,,,,,
2026-05-29,6871,日本マイクロニクス,14740.0,15414.0,14629.5,12404.0,,1013900,0.8,,,,,
2026-05-29,6480,日本トムソン,2282.0,2236.4,1796.3,1231.0,,993600,0.68,,,,,
2026-05-29,7867,タカラトミー,3159.0,3045.0,2802.8,2759.9,,984400,1.38,,,,,
2026-05-29,8439,東京センチュリー,2362.0,2387.0,2319.2,2171.5,,984000,1.16,,,,,
2026-05-29,6674,ジーエス・ユアサ　コーポレーション,6560.0,6358.0,6346.9,5892.9,,977000,1.27,,,,,
2026-05-29,5101,横浜ゴム,7179.0,7069.0,6576.7,6402.4,,975800,0.64,,,,,
2026-05-29,5991,日本発條,3589.0,3472.6,3234.5,2845.0,,973000,1.13,,,,,
2026-05-29,4203,住友ベークライト,6900.0,6777.6,6342.1,5602.2,,968900,1.48,,,,,
2026-05-29,4419,Ｆｉｎａｔｅｘｔホールディングス,1349.0,1247.6,1202.6,1065.0,,964600,1.52,,,,,
2026-05-29,2371,カカクコム,3340.0,3365.2,3169.6,2421.4,,960700,0.81,,,,,
2026-05-29,8358,スルガ銀行,2317.0,2345.4,2315.5,2157.3,,959600,1.17,,,,,
2026-05-29,4047,関東電化工業,3625.0,3437.0,2502.2,1870.2,,956800,0.74,,,,,
2026-05-29,6407,ＣＫＤ,6560.0,6774.0,6515.0,5486.8,,951800,0.95,,,,,
2026-05-29,3563,ＦＯＯＤ　＆　ＬＩＦＥ　ＣＯＭＰＡＮＩＥＳ,10875.0,10355.0,10240.4,9761.4,,936700,0.99,,,,,
2026-05-29,4631,ＤＩＣ,4833.0,4857.2,4209.4,3963.2,,934000,0.81,,,,,
2026-05-29,9041,近鉄グループホールディングス,3587.0,3542.8,3505.1,3352.1,,905600,0.98,,,,,
2026-05-29,4272,日本化薬,2132.5,2145.6,1983.2,1863.4,,904200,1.38,,,,,
2026-05-29,4092,日本化学工業,4870.0,4749.0,3933.5,3422.4,,903200,2.15,,,,,
2026-05-29,8366,滋賀銀行,2002.0,2080.2,2020.7,1911.4,,902700,1.45,,,,,
2026-05-29,8368,百五銀行,1906.0,1940.2,1905.6,1723.4,,887200,1.04,,,,,
2026-05-29,6134,ＦＵＪＩ,7938.0,8033.8,7253.1,6001.2,,886500,0.7,,,,,
2026-05-29,4246,ダイキョーニシカワ,1092.0,1066.0,977.8,904.9,,863800,1.39,,,,,
2026-05-29,3778,さくらインターネット,3025.0,3094.0,3054.9,3053.5,,858300,0.77,,,,,
2026-05-29,8354,ふくおかフィナンシャルグループ,6556.0,6575.8,6572.9,6360.9,,845500,1.32,,,,,
2026-05-29,9552,クオンツ総研ホールディングス,883.0,862.2,751.8,679.0,,835100,0.82,,,,,
2026-05-29,4100,戸田工業,2020.0,1907.4,1570.0,1455.6,,830100,4.22,,,,,
2026-05-29,2531,宝ホールディングス,2227.0,2156.2,1917.9,1741.4,,816300,1.46,,,,,
2026-05-29,2678,アスクル,1172.0,1198.8,1196.8,1194.2,,805900,1.7,,,,,
2026-05-29,8544,京葉銀行,2581.0,2497.0,2336.2,2190.0,,742000,1.63,,,,,
2026-05-29,6597,ＨＰＣシステムズ,5070.0,4586.0,3311.7,2547.2,,737800,2.25,,,,,
2026-05-29,8032,日本紙パルプ商事,1162.0,1153.8,1153.7,1101.7,,730500,1.89,,,,,
2026-05-29,5331,ノリタケ,3935.0,3771.0,3543.8,3345.1,,724600,2.83,,,,,
2026-05-29,6465,ホシザキ,5268.0,5159.6,5144.9,5133.3,,694700,1.39,,,,,
2026-05-29,6737,ＥＩＺＯ,2636.0,2593.8,2375.1,2222.2,,680900,2.15,,,,,
2026-05-29,6254,野村マイクロ・サイエンス,4590.0,4824.0,4501.5,3675.9,,680800,0.57,,,,,
2026-05-29,5393,ニチアス,3531.0,3506.0,3389.6,3118.5,,672700,1.02,,,,,
2026-05-29,3776,ブロードバンドタワー,256.0,257.0,253.3,235.3,,665300,1.06,,,,,
2026-05-29,6055,ジャパンマテリアル,2053.0,2079.2,2002.5,1865.0,,662600,0.79,,,,,
2026-05-29,6787,メイコー,38600.0,39350.0,35957.0,29559.2,,660800,0.97,,,,,
2026-05-29,4971,メック,10740.0,10908.0,10391.5,8415.2,,657300,1.79,,,,,
2026-05-29,4366,ダイトーケミックス,540.0,510.8,441.1,427.6,,656200,1.57,,,,,
2026-05-29,6840,ＡＫＩＢＡホールディングス,1138.0,1233.0,881.9,623.8,,654600,0.55,,,,,
2026-05-29,6140,旭ダイヤモンド工業,1343.0,1368.2,1331.7,1309.9,,653500,0.63,,,,,
2026-05-29,7282,豊田合成,4827.0,4743.8,4661.0,4420.8,,642400,1.43,,,,,
2026-05-29,7380,十六フィナンシャルグループ,2116.0,2131.8,2099.6,1977.3,,638900,1.09,,,,,
2026-05-29,8609,岡三証券グループ,941.0,945.8,918.5,891.0,,638800,1.26,,,,,
2026-05-29,3858,ユビキタスＡＩ,380.0,364.0,347.9,343.3,,638400,4.28,,,,,
2026-05-29,3774,インターネットイニシアティブ,3102.0,3050.6,2976.4,2646.2,,638000,0.96,,,,,
2026-05-29,4401,ＡＤＥＫＡ,4292.0,4243.4,4088.1,4008.2,,635000,1.21,,,,,
2026-05-29,6855,日本電子材料,7730.0,7944.0,7602.0,6919.3,,630800,0.64,,,,,
2026-05-29,8242,エイチ・ツー・オー　リテイリング,2496.0,2480.4,2440.3,2418.5,,624900,1.54,,,,,
2026-05-29,6635,大日光・エンジニアリング,816.0,873.6,699.2,673.1,,624400,1.55,,,,,
2026-05-29,6807,日本航空電子工業,2527.0,2493.8,2476.7,2419.8,,619000,2.41,,,,,
2026-05-29,9449,ＧＭＯインターネットグループ,3285.0,3349.8,3225.7,3054.5,,617000,1.26,,,,,
2026-05-29,2467,VLC SECURITY CO. LTD.,272.0,238.6,197.2,178.5,,608200,2.08,,,,,
2026-05-29,6544,ジャパンエレベーターサービスホールディングス,1754.5,1796.3,1740.8,1675.7,,599400,0.65,,,,,
2026-05-29,7564,ワークマン,7980.0,7660.0,7408.0,6902.7,,590300,2.75,,,,,
2026-05-29,5027,ＡｎｙＭｉｎｄ　Ｇｒｏｕｐ,498.0,492.0,458.6,444.5,,588400,0.95,,,,,
2026-05-29,4776,サイボウズ,2539.0,2557.0,2333.4,2192.0,,586400,0.88,,,,,
2026-05-29,6727,ワコム,846.0,853.4,788.2,778.8,,586400,0.85,,,,,
2026-05-29,5714,ＤＯＷＡホールディングス,10300.0,10700.0,10371.5,9926.2,,585200,0.98,,,,,
2026-05-29,6264,マルマエ,2151.0,2326.2,2290.4,1893.0,,581600,0.46,,,,,
2026-05-29,8341,七十七銀行,3154.0,3217.0,3146.5,3126.6,,575800,0.97,,,,,
2026-05-29,6977,日本抵抗器製作所,1390.0,1157.4,1059.3,1009.4,,572700,16.11,,,,,
2026-05-29,7245,大同メタル工業,1087.0,1036.4,967.0,951.1,,572600,0.92,,,,,
2026-05-29,8346,東邦銀行,752.0,765.8,726.2,689.5,,571200,0.62,,,,,
2026-05-29,6508,明電舎,10070.0,10734.0,9999.5,8596.0,,569800,1.49,,,,,
2026-05-29,2730,エディオン,2370.0,2324.2,2240.2,2193.4,,560300,1.66,,,,,
2026-05-29,6370,栗田工業,8753.0,8776.6,8683.0,8155.5,,556400,0.87,,,,,
2026-05-29,2222,寿スピリッツ,2085.0,2052.5,2032.7,1972.1,,553500,1.03,,,,,
2026-05-29,5901,東洋製罐グループホールディングス,3890.0,3916.0,3702.2,3630.6,,550000,0.77,,,,,
2026-05-29,5832,ちゅうぎんフィナンシャルグループ,2987.5,3052.5,3007.6,2952.8,,549500,1.46,,,,,
2026-05-29,8550,栃木銀行,944.0,968.6,960.0,937.3,,545600,0.83,,,,,
2026-05-29,5384,フジミインコーポレーテッド,3960.0,3830.0,3498.2,3112.8,,545400,0.96,,,,,
2026-05-29,6101,ツガミ,6320.0,6152.0,5730.5,4445.6,,543200,1.35,,,,,
2026-05-29,3907,シリコンスタジオ,1397.0,1759.4,1037.5,787.2,,538800,0.47,,,,,
2026-05-29,8381,山陰合同銀行,2063.0,2076.4,1984.0,1851.1,,538200,1.01,,,,,
2026-05-29,8508,Ｊトラスト,761.0,790.8,722.7,622.8,,537600,0.31,,,,,
2026-05-29,6925,ウシオ電機,4156.0,4163.2,3755.7,3271.4,,537000,0.83,,,,,
2026-05-29,6136,オーエスジー,3425.0,3453.2,3404.4,2956.0,,532100,1.14,,,,,
2026-05-29,5985,サンコール,1705.0,1821.8,1799.4,1686.7,,530000,0.41,,,,,
2026-05-29,4118,カネカ,5521.0,5376.2,5195.4,5016.3,,529700,2.07,,,,,
2026-05-29,8377,ほくほくフィナンシャルグループ,6456.0,6582.4,6412.6,6140.7,,529500,1.55,,,,,
2026-05-29,6143,ソディック,1916.0,1887.0,1729.0,1503.6,,520900,0.71,,,,,
2026-05-29,7381,ＣＣＩグループ,1037.0,1047.2,1022.7,994.9,,513300,0.86,,,,,
2026-05-29,7162,アストマックス,306.0,336.6,332.4,260.9,,510800,0.46,,,,,
2026-06-01,9984,ソフトバンクグループ,8541.0,7654.0,6329.2,4841.4,,100911200,1.24,,,,,
2026-06-01,6981,村田製作所,10490.0,8910.0,6862.9,4961.3,,65355400,2.37,,,,,
2026-06-01,7201,日産自動車,375.4,388.1,365.8,361.4,,41669800,1.3,,,,,
2026-06-01,6976,太陽誘電,16060.0,13290.0,8821.0,6127.0,,39686800,3.24,,,,,
2026-06-01,8306,三菱ＵＦＪフィナンシャル・グループ,3023.0,3019.2,2960.6,2823.1,,34763500,0.72,,,,,
2026-06-01,6762,ＴＤＫ,4104.0,3848.6,3237.0,2572.7,,30179600,1.86,,,,,
2026-06-01,7211,三菱自動車工業,348.7,386.6,349.7,341.0,,28974600,1.5,,,,,
2026-06-01,3436,ＳＵＭＣＯ,4372.0,3670.6,3301.1,2348.9,,22117600,1.9,,,,,
2026-06-01,6758,ソニーグループ,3542.0,3502.0,3456.4,3366.5,,21486100,0.95,,,,,
2026-06-01,7267,本田技研工業,1402.0,1424.9,1346.6,1336.2,,16225900,0.88,,,,,
2026-06-01,6723,ルネサスエレクトロニクス,4417.0,4457.2,3850.8,3016.5,,13621100,0.73,,,,,
2026-06-01,6501,日立製作所,5126.0,5096.4,4938.7,4908.5,,13201200,0.9,,,,,
2026-06-01,4392,ＦＩＧ,2015.0,2130.4,1292.8,647.9,,12039900,0.8,,,,,
2026-06-01,6526,ソシオネクスト,2862.0,2765.3,2431.8,2051.2,,11879500,1.05,,,,,
2026-06-01,4005,住友化学,587.5,593.8,569.6,529.1,,11704400,0.92,,,,,
2026-06-01,6659,メディアリンクス,69.0,76.4,52.9,43.6,,11554000,0.33,,,,,
2026-06-01,8316,三井住友フィナンシャルグループ,5861.0,5908.8,5808.0,5508.6,,10894000,0.71,,,,,
2026-06-01,4063,信越化学工業,7793.0,7464.6,7288.9,6740.1,,10529700,1.33,,,,,
2026-06-01,6752,パナソニック　ホールディングス,3595.0,3603.0,3414.8,2961.0,,10463800,0.98,,,,,
2026-06-01,6503,三菱電機,6088.0,6448.4,6331.9,5826.6,,10106300,1.24,,,,,
2026-06-01,4062,イビデン,21795.0,21185.0,17560.2,11830.2,,10076600,1.26,,,,,
2026-06-01,4543,テルモ,2345.5,2375.2,2172.4,2127.3,,9849600,1.06,,,,,
2026-06-01,6594,ニデック,2899.0,2789.6,2657.7,2383.1,,9153500,1.15,,,,,
2026-06-01,2181,パーソルホールディングス,246.0,241.6,238.7,237.3,,8746600,0.86,,,,,
2026-06-01,6971,京セラ,3538.0,3313.4,2990.2,2704.3,,8418100,1.21,,,,,
2026-06-01,3687,フィックスターズ,2570.0,2334.2,1711.9,1456.9,,8156200,2.28,,,,,
2026-06-01,5802,住友電気工業,13180.0,12335.0,11534.8,10426.5,,7994500,1.22,,,,,
2026-06-01,6098,リクルートホールディングス,10900.0,10277.2,8884.4,7575.6,,7812600,0.82,,,,,
2026-06-01,8411,みずほフィナンシャルグループ,7185.0,7204.2,7020.3,6652.3,,7629100,0.54,,,,,
2026-06-01,6963,ローム,5182.0,5194.8,4373.6,3730.1,,7294500,1.32,,,,,
2026-06-01,8308,りそなホールディングス,2014.5,2044.0,2037.4,1896.0,,7177200,0.81,,,,,
2026-06-01,6525,ＫＯＫＵＳＡＩ　ＥＬＥＣＴＲＩＣ,7595.0,7772.2,7044.4,6318.9,,6869200,0.79,,,,,
2026-06-01,8750,第一ライフグループ,1634.5,1646.7,1573.8,1494.8,,6837800,0.72,,,,,
2026-06-01,3905,データセクション,5310.0,5149.0,3342.2,2098.9,,6753600,1.5,,,,,
2026-06-01,5367,ニッカトー,1406.0,1205.8,908.2,806.2,,6749100,9.5,,,,,
2026-06-01,6966,三井ハイテック,930.0,905.8,757.7,694.3,,6508200,1.72,,,,,
2026-06-01,4901,富士フイルムホールディングス,3381.0,3280.8,3156.6,3079.2,,6094800,1.25,,,,,
2026-06-01,7272,ヤマハ発動機,1278.5,1266.2,1207.4,1160.9,,6039000,0.68,,,,,
2026-06-01,7220,武蔵精密工業,9310.0,8210.0,5989.2,4071.2,,5850900,2.07,,,,,
2026-06-01,7182,ゆうちょ銀行,3009.0,3017.9,2929.6,2752.9,,5804200,0.65,,,,,
2026-06-01,6178,日本郵政,2035.0,2054.4,1992.3,1887.5,,5647800,0.59,,,,,
2026-06-01,4307,野村総合研究所,5224.0,4877.8,4538.7,4496.0,,5596800,1.28,,,,,
2026-06-01,6954,ファナック,8081.0,8102.0,7764.6,6638.3,,5580100,0.79,,,,,
2026-06-01,4188,三菱ケミカルグループ,1091.5,1117.8,1017.4,973.7,,5518400,0.74,,,,,
2026-06-01,4612,日本ペイントホールディングス,1025.0,1037.1,1017.3,1012.3,,5267200,1.0,,,,,
2026-06-01,7733,オリンパス,1806.5,1806.9,1738.5,1566.3,,5177800,0.93,,,,,
2026-06-01,6779,日本電波工業,3815.0,3252.0,2493.0,1794.0,,4932400,2.79,,,,,
2026-06-01,6965,浜松ホトニクス,2910.0,2845.7,2532.5,2145.0,,4807400,0.66,,,,,
2026-06-01,2802,味の素,5380.0,5261.4,5244.4,4787.6,,4772200,0.96,,,,,
2026-06-01,8725,ＭＳ＆ＡＤインシュアランスグループホールディングス,4298.0,4264.4,4250.0,4126.9,,4770700,0.77,,,,,
2026-06-01,9348,ｉｓｐａｃｅ,588.0,631.0,538.5,524.2,,4707600,0.88,,,,,
2026-06-01,9412,スカパーＪＳＡＴ,3950.0,4396.0,4076.7,3377.3,,4509300,1.47,,,,,
2026-06-01,6472,ＮＴＮ,441.0,443.4,420.5,369.5,,4395500,0.79,,,,,
2026-06-01,3407,旭化成,1768.0,1762.2,1680.7,1622.4,,4386200,0.82,,,,,
2026-06-01,4980,デクセリアルズ,4542.0,4175.8,3529.2,2728.1,,4231800,0.87,,,,,
2026-06-01,6506,安川電機,7140.0,7176.8,6705.4,5388.4,,4066500,0.77,,,,,
2026-06-01,6753,シャープ,629.8,623.9,601.5,598.9,,3901200,0.85,,,,,
2026-06-01,6464,ツバキ・ナカシマ,433.0,419.8,359.5,330.6,,3845700,1.99,,,,,
2026-06-01,5801,古河電気工業,52130.0,54488.0,51391.0,40761.0,,3786600,0.65,,,,,
2026-06-01,6613,ＱＤレーザ,2423.0,2703.8,2215.9,1563.7,,3772200,0.22,,,,,
2026-06-01,2503,キリンホールディングス,2612.5,2705.6,2622.3,2585.3,,3760400,0.98,,,,,
2026-06-01,6479,ミネベアミツミ,4721.0,4421.6,3869.2,3173.1,,3650800,1.34,,,,,
2026-06-01,6997,日本ケミコン,5620.0,4613.0,3490.0,2329.8,,3649900,2.33,,,,,
2026-06-01,9502,中部電力,2836.5,2915.8,2774.1,2683.4,,3598500,0.97,,,,,
2026-06-01,3923,ラクス,1039.0,984.8,906.4,837.1,,3537000,0.92,,,,,
2026-06-01,6315,ＴＯＷＡ,2888.0,3031.6,2917.6,2680.7,,3535600,0.68,,,,,
2026-06-01,4902,コニカミノルタ,603.3,596.6,567.0,548.5,,3356100,0.82,,,,,
2026-06-01,4369,トリケミカル研究所,4180.0,3836.0,3508.5,3154.2,,3302500,4.6,,,,,
2026-06-01,6326,クボタ,2789.5,2779.6,2769.2,2675.5,,3252000,0.75,,,,,
2026-06-01,7186,横浜フィナンシャルグループ,1586.0,1615.0,1594.2,1512.8,,3247900,0.77,,,,,
2026-06-01,6361,荏原製作所,5730.0,5605.2,5523.6,5122.1,,3179100,0.86,,,,,
2026-06-01,8035,東京エレクトロン,53060.0,52344.0,50406.5,44391.7,,3167500,1.08,,,,,
2026-06-01,8591,オリックス,6205.0,6216.8,5883.8,5200.0,,3155300,0.68,,,,,
2026-06-01,6072,地盤ネットホールディングス,1620.0,1471.2,1183.4,1058.4,,3144100,1.63,,,,,
2026-06-01,6619,ダブル・スコープ,291.0,301.6,281.8,235.6,,3100800,0.74,,,,,
2026-06-01,6996,ニチコン,3970.0,3682.0,3054.8,2333.6,,3067200,2.02,,,,,
2026-06-01,9831,ヤマダホールディングス,607.9,612.5,580.6,554.0,,3060500,0.86,,,,,
2026-06-01,5301,東海カーボン,1852.5,1739.9,1500.2,1163.2,,3058100,1.23,,,,,
2026-06-01,4443,Ｓａｎｓａｎ,1765.0,1619.8,1406.2,1279.8,,3050800,1.6,,,,,
2026-06-01,3101,東洋紡,1915.0,1763.0,1619.8,1507.2,,3012400,3.52,,,,,
2026-06-01,6113,アマダ,2996.0,2949.4,2825.7,2526.2,,2976100,1.19,,,,,
2026-06-01,5074,テスホールディングス,1019.0,1152.0,1057.1,773.2,,2959500,0.53,,,,,
2026-06-01,6584,三櫻工業,982.0,894.4,813.6,746.0,,2881300,2.53,,,,,
2026-06-01,7936,アシックス,4753.0,4700.2,4588.1,4488.3,,2788500,0.75,,,,,
2026-06-01,3853,アステリア,2086.0,2432.8,1890.0,1580.3,,2777800,0.57,,,,,
2026-06-01,8309,三井住友トラストグループ,5468.0,5557.0,5555.4,5280.7,,2643900,0.83,,,,,
2026-06-01,8331,千葉銀行,2281.0,2312.8,2277.8,2162.9,,2640900,0.97,,,,,
2026-06-01,6532,ベイカレント,6048.0,5718.4,5412.4,5018.9,,2585600,1.62,,,,,
2026-06-01,3064,ＭｏｎｏｔａＲＯ,1926.0,1912.3,1876.6,1851.2,,2526300,0.57,,,,,
2026-06-01,4588,オンコリスバイオファーマ,2347.0,2980.4,2792.1,2684.1,,2499100,1.01,,,,,
2026-06-01,4004,レゾナック・ホールディングス,18430.0,18764.0,17285.5,13750.6,,2493800,0.52,,,,,
2026-06-01,3099,三越伊勢丹ホールディングス,3350.0,3296.2,3198.1,3069.8,,2403200,1.27,,,,,
2026-06-01,4183,三井化学,2112.0,2175.3,2059.3,1996.9,,2386000,0.82,,,,,
2026-06-01,7752,リコー,1467.0,1451.7,1413.1,1374.7,,2371500,0.93,,,,,
2026-06-01,6994,指月電機製作所,1296.0,1178.4,1141.2,1050.9,,2341100,3.13,,,,,
2026-06-01,4259,エクサウィザーズ,1184.0,1242.6,1027.5,791.3,,2162200,0.54,,,,,
2026-06-01,5333,ＮＧＫ,6355.0,6239.2,5735.2,4736.2,,2078100,1.25,,,,,
2026-06-01,6962,大真空,1007.0,963.4,837.5,715.8,,2037300,2.51,,,,,
2026-06-01,6754,アンリツ,4768.0,4635.8,4333.0,3522.7,,1979900,1.02,,,,,
2026-06-01,6837,京写,377.0,338.0,306.6,297.7,,1944500,28.12,,,,,
2026-06-01,5331,ノリタケ,4420.0,3923.0,3592.5,3360.0,,1934900,6.46,,,,,
2026-06-01,4368,扶桑化学工業,4475.0,4417.0,3968.2,3311.7,,1908000,2.62,,,,,
2026-06-01,6724,セイコーエプソン,2923.5,2903.3,2565.0,2205.6,,1905100,0.63,,,,,
2026-06-01,8795,Ｔ＆Ｄホールディングス,4202.0,4156.8,4031.6,3939.8,,1869800,0.75,,,,,
2026-06-01,5706,三井金属,53840.0,51952.0,49080.5,38719.7,,1864800,0.79,,,,,
2026-06-01,6473,ジェイテクト,2059.0,2092.3,1990.3,1829.0,,1847500,1.45,,,,,
2026-06-01,6590,芝浦メカトロニクス,5200.0,5097.0,5026.0,4810.3,,1805700,1.02,,,,,
2026-06-01,4042,東ソー,2645.0,2690.6,2629.4,2473.6,,1784300,1.23,,,,,
2026-06-01,6324,ハーモニック・ドライブ・システムズ,7780.0,7824.0,6745.0,5011.9,,1725100,0.9,,,,,
2026-06-01,6999,ＫＯＡ,2922.0,2582.2,2200.2,1887.3,,1717900,2.5,,,,,
2026-06-01,2432,ディー・エヌ・エー,2737.0,2683.2,2672.9,2618.4,,1683800,1.27,,,,,
2026-06-01,7762,シチズン時計,2309.0,2229.6,2123.3,1878.3,,1664300,1.08,,,,,
2026-06-01,7180,九州フィナンシャルグループ,1349.5,1390.8,1368.8,1276.6,,1654600,1.24,,,,,
2026-06-01,4527,ロート製薬,2344.0,2429.0,2425.4,2401.6,,1625800,1.86,,,,,
2026-06-01,6952,カシオ計算機,1799.0,1764.8,1671.1,1583.5,,1576700,0.74,,,,,
2026-06-01,5332,ＴＯＴＯ,7577.0,7385.2,6920.1,5998.9,,1571800,1.31,,,,,
2026-06-01,4043,トクヤマ,5200.0,4972.0,4560.3,4071.9,,1571200,1.62,,,,,
2026-06-01,8359,八十二長野銀行,2334.0,2313.2,2290.6,2110.2,,1569300,1.12,,,,,
2026-06-01,1963,日揮ホールディングス,2632.5,2704.7,2591.5,2431.1,,1557700,0.59,,,,,
2026-06-01,4088,エア・ウォーター,2464.0,2581.8,2319.1,2221.7,,1557100,0.57,,,,,
2026-06-01,5076,インフロニア・ホールディングス,2421.0,2408.8,2354.1,2274.5,,1550600,0.75,,,,,
2026-06-01,9684,スクウェア・エニックス・ホールディングス,2506.0,2620.9,2594.5,2573.0,,1541200,0.72,,,,,
2026-06-01,6845,アズビル,1673.5,1643.0,1529.0,1457.6,,1512100,0.85,,,,,
2026-06-01,5563,新日本電工,515.0,533.0,485.1,448.1,,1487500,1.07,,,,,
2026-06-01,9147,ＮＩＰＰＯＮ　ＥＸＰＲＥＳＳホールディングス,5248.0,5171.0,4720.6,4066.1,,1481100,0.9,,,,,
2026-06-01,9301,三菱倉庫,1489.0,1493.9,1455.4,1408.8,,1458900,0.92,,,,,
2026-06-01,6327,北川精機,4980.0,4758.0,3351.2,2325.2,,1457600,1.78,,,,,
2026-06-01,5201,ＡＧＣ,7006.0,6989.8,6236.1,5908.6,,1453700,0.74,,,,,
2026-06-01,8714,池田泉州ホールディングス,936.0,966.0,948.8,907.3,,1362000,0.88,,,,,
2026-06-01,9962,ミスミグループ本社,3675.0,3640.6,3419.2,3086.9,,1351500,1.01,,,,,
2026-06-01,4208,ＵＢＥ,2918.0,2962.5,2646.8,2540.1,,1350300,0.58,,,,,
2026-06-01,4373,シンプレクス・ホールディングス,1122.0,1052.4,983.1,892.6,,1342100,1.14,,,,,
2026-06-01,5334,日本特殊陶業,10125.0,9951.2,9423.3,8360.8,,1308700,1.16,,,,,
2026-06-01,6768,タムラ製作所,1086.0,1075.2,963.5,784.3,,1307100,0.97,,,,,
2026-06-01,4704,トレンドマイクロ,6353.0,6094.8,5839.0,5569.6,,1290600,1.16,,,,,
2026-06-01,4385,メルカリ,4160.0,4118.4,4072.1,3825.8,,1271900,0.88,,,,,
2026-06-01,7956,ピジョン,1857.0,1853.6,1800.4,1699.9,,1251100,1.07,,,,,
2026-06-01,5253,カバー,1633.0,1595.6,1544.0,1500.1,,1245600,0.65,,,,,
2026-06-01,7419,ノジマ,1492.0,1467.8,1354.5,1203.0,,1245100,1.27,,,,,
2026-06-01,8088,岩谷産業,1958.5,2027.7,1995.1,1966.5,,1241100,1.14,,,,,
2026-06-01,4182,三菱瓦斯化学,5468.0,5448.0,4925.1,4400.2,,1235600,0.73,,,,,
2026-06-01,8304,あおぞら銀行,2659.5,2686.9,2673.2,2619.8,,1230900,0.92,,,,,
2026-06-01,7747,朝日インテック,3700.0,3701.4,3500.9,3400.5,,1224900,0.97,,,,,
2026-06-01,9735,セコム,6392.0,6461.2,6137.8,6029.8,,1223100,0.69,,,,,
2026-06-01,7276,小糸製作所,2723.0,2734.1,2707.2,2603.7,,1195700,1.13,,,,,
2026-06-01,6958,日本シイエムケイ,772.0,740.6,678.9,615.1,,1191300,0.62,,,,,
2026-06-01,6323,ローツェ,3848.0,3887.0,3838.5,3380.8,,1185400,0.84,,,,,
2026-06-01,6504,富士電機,15560.0,15949.0,15148.5,12689.7,,1182100,0.9,,,,,
2026-06-01,2585,ライフドリンク　カンパニー,1760.0,1686.8,1477.0,1343.9,,1175400,0.68,,,,,
2026-06-01,4293,セプテーニ・ホールディングス,567.0,564.0,478.0,439.7,,1174800,0.92,,,,,
2026-06-01,4061,デンカ,4149.0,4128.2,4094.3,3759.2,,1172000,1.13,,,,,
2026-06-01,4536,参天製薬,1857.0,1905.1,1806.3,1757.7,,1171600,1.02,,,,,
2026-06-01,4205,日本ゼオン,2153.0,2170.6,2098.8,1922.2,,1124000,1.19,,,,,
2026-06-01,8233,高島屋,1976.5,1979.7,1946.7,1905.5,,1116500,0.92,,,,,
2026-06-01,3941,レンゴー,1413.0,1429.0,1346.8,1316.7,,1107300,0.96,,,,,
2026-06-01,6134,ＦＵＪＩ,8196.0,8008.4,7359.7,6037.4,,1099800,1.03,,,,,
2026-06-01,6383,ダイフク,7225.0,7228.0,7218.5,6402.4,,1097800,0.53,,,,,
2026-06-01,9552,クオンツ総研ホールディングス,959.0,878.4,767.2,682.9,,1093600,1.02,,,,,
2026-06-01,7004,カナデビア,1366.0,1402.2,1335.5,1172.0,,1042700,0.93,,,,,
2026-06-01,4732,ユー・エス・エス,1766.0,1758.8,1741.4,1733.4,,1035900,0.84,,,,,
2026-06-01,4324,電通グループ,3027.0,3051.2,3047.7,2930.5,,1030800,0.81,,,,,
2026-06-01,8334,群馬銀行,2169.0,2243.2,2235.3,2181.1,,1002500,0.9,,,,,
2026-06-01,5844,京都フィナンシャルグループ,4341.0,4442.4,4432.4,4330.5,,970900,0.82,,,,,
2026-06-01,9983,ファーストリテイリング,80510.0,78910.0,74850.0,69643.3,,961300,0.9,,,,,
2026-06-01,4631,ＤＩＣ,4938.0,4873.0,4276.8,3968.4,,961100,0.99,,,,,
2026-06-01,4186,東京応化工業,10680.0,10958.0,10607.1,9208.4,,951900,0.91,,,,,
2026-06-01,4578,大塚ホールディングス,11400.0,11400.0,11312.2,10959.9,,945700,0.81,,,,,
2026-06-01,3105,日清紡ホールディングス,2422.0,2390.9,2278.8,1859.4,,935000,0.93,,,,,
2026-06-01,6923,スタンレー電気,3586.0,3542.4,3381.8,3092.3,,928000,1.29,,,,,
2026-06-01,6498,キッツ,2394.0,2197.8,2160.9,2034.0,,923800,3.25,,,,,
2026-06-01,5991,日本発條,3570.0,3503.2,3275.1,2854.5,,920400,1.04,,,,,
2026-06-01,6481,ＴＨＫ,7757.0,7490.8,7102.8,5807.4,,903500,0.73,,,,,
2026-06-01,6656,インスペック,995.0,827.2,755.7,658.3,,893700,8.7,,,,,
2026-06-01,8078,阪和興業,1765.0,1843.6,1749.1,1661.4,,886700,1.35,,,,,
2026-06-01,5463,丸一鋼管,1785.0,1797.8,1705.9,1545.0,,875200,1.03,,,,,
2026-06-01,5741,ＵＡＣＪ,3190.0,3358.0,3069.4,2784.6,,873400,1.1,,,,,
2026-06-01,6480,日本トムソン,2231.0,2239.6,1854.8,1251.3,,868100,0.64,,,,,
2026-06-01,6871,日本マイクロニクス,14500.0,15248.0,14700.0,12437.8,,863200,0.71,,,,,
2026-06-01,8366,滋賀銀行,1984.0,2048.6,2022.3,1915.4,,849800,1.4,,,,,
2026-06-01,6140,旭ダイヤモンド工業,1369.0,1362.8,1334.5,1305.0,,847200,0.88,,,,,
2026-06-01,4047,関東電化工業,3540.0,3484.0,2594.2,1899.8,,840000,0.65,,,,,
2026-06-01,6143,ソディック,2003.0,1913.4,1751.2,1511.3,,838800,1.23,,,,,
2026-06-01,6268,ナブテスコ,5541.0,5556.0,5472.1,4812.1,,837500,0.61,,,,,
2026-06-01,8508,Ｊトラスト,740.0,774.8,727.9,626.2,,837400,0.54,,,,,
2026-06-01,3132,マクニカホールディングス,3225.0,3124.6,3067.3,2608.8,,819400,0.96,,,,,
2026-06-01,4419,Ｆｉｎａｔｅｘｔホールディングス,1318.0,1267.4,1213.2,1073.2,,801800,1.18,,,,,
2026-06-01,2433,博報堂ＤＹホールディングス,1130.5,1134.0,1111.4,1076.3,,789700,0.62,,,,,
2026-06-01,2693,ＹＫＴ,407.0,456.6,349.0,282.7,,785200,0.48,,,,,
2026-06-01,6703,沖電気工業,3470.0,3383.0,3262.2,3068.7,,784100,0.97,,,,,
2026-06-01,8368,百五銀行,1882.0,1921.8,1909.2,1727.7,,780000,0.94,,,,,
2026-06-01,8086,ニプロ,1728.0,1717.6,1625.3,1586.6,,772400,0.79,,,,,
2026-06-01,8358,スルガ銀行,2257.0,2317.8,2310.3,2161.0,,764100,0.98,,,,,
2026-06-01,4091,日本酸素ホールディングス,5972.0,6237.4,5990.2,5879.0,,761500,1.02,,,,,
2026-06-01,6544,ジャパンエレベーターサービスホールディングス,1733.5,1779.9,1749.3,1676.5,,752500,0.96,,,,,
2026-06-01,9041,近鉄グループホールディングス,3498.0,3540.0,3512.2,3355.6,,745900,0.82,,,,,
2026-06-01,2531,宝ホールディングス,2230.0,2192.3,1939.7,1750.9,,743400,1.29,,,,,
2026-06-01,6055,ジャパンマテリアル,2107.0,2075.8,2017.7,1864.7,,741000,0.92,,,,,
2026-06-01,2371,カカクコム,3374.0,3358.4,3206.6,2449.0,,729500,0.7,,,,,
2026-06-01,6840,ＡＫＩＢＡホールディングス,1015.0,1155.0,905.5,631.9,,713300,0.59,,,,,
2026-06-01,6448,ブラザー工業,3728.0,3687.8,3461.1,3146.2,,711400,0.91,,,,,
2026-06-01,4092,日本化学工業,5570.0,4942.0,4048.8,3455.0,,708500,1.45,,,,,
2026-06-01,5384,フジミインコーポレーテッド,4115.0,3904.0,3544.0,3126.7,,706800,1.37,,,,,
2026-06-01,4100,戸田工業,1943.0,1945.8,1600.3,1462.8,,702600,2.56,,,,,
2026-06-01,5233,太平洋セメント,4458.0,4330.8,3990.9,3777.3,,702400,0.97,,,,,
2026-06-01,8439,東京センチュリー,2306.5,2370.4,2325.6,2172.5,,702100,0.86,,,,,
2026-06-01,3776,ブロードバンドタワー,266.0,256.4,254.7,236.0,,700000,1.08,,,,,
2026-06-01,4272,日本化薬,2115.5,2139.6,2001.6,1865.5,,699500,1.07,,,,,
2026-06-01,7867,タカラトミー,3186.0,3088.6,2831.4,2764.8,,697100,0.94,,,,,
2026-06-01,8282,ケーズホールディングス,2027.5,2043.7,1985.5,1802.5,,696600,0.8,,,,,
2026-06-01,3563,ＦＯＯＤ　＆　ＬＩＦＥ　ＣＯＭＰＡＮＩＥＳ,10595.0,10435.0,10319.4,9771.3,,688300,0.73,,,,,
2026-06-01,4475,ＨＥＮＮＧＥ,1171.0,1115.8,1063.0,996.4,,684700,1.49,,,,,
2026-06-01,6855,日本電子材料,7480.0,7832.0,7637.5,6912.2,,684500,0.85,,,,,
2026-06-01,5031,モイ,510.0,679.8,431.9,335.7,,678400,0.46,,,,,
2026-06-01,6727,ワコム,871.0,853.6,795.6,779.1,,670000,0.95,,,,,
2026-06-01,5101,横浜ゴム,6986.0,7060.2,6602.1,6394.2,,659700,0.58,,,,,
2026-06-01,6674,ジーエス・ユアサ　コーポレーション,6409.0,6375.8,6359.2,5909.0,,655900,0.89,,,,,
2026-06-01,2222,寿スピリッツ,2066.0,2057.9,2032.0,1974.1,,655600,1.35,,,,,
2026-06-01,7381,ＣＣＩグループ,1014.0,1038.6,1025.8,995.2,,649600,1.14,,,,,
2026-06-01,3915,テラスカイ,2563.0,2106.0,1945.7,1760.9,,649200,3.91,,,,,
2026-06-01,6101,ツガミ,7000.0,6312.0,5855.8,4494.2,,645600,1.59,,,,,
2026-06-01,3191,ジョイフル本田,2187.0,2201.8,2141.7,2134.1,,643000,1.92,,,,,
2026-06-01,4203,住友ベークライト,6865.0,6791.6,6411.8,5617.5,,635900,0.97,,,,,
2026-06-01,6302,住友重機械工業,5161.0,5338.0,5319.4,5224.1,,634000,0.92,,,,,
2026-06-01,4021,日産化学,7460.0,7440.8,7192.4,6631.9,,629900,0.79,,,,,
2026-06-01,8346,東邦銀行,728.0,755.6,728.1,690.1,,627700,0.73,,,,,
2026-06-01,6245,ヒラノテクシード,2506.0,1968.8,1774.0,1767.4,,623000,4.47,,,,,
2026-06-01,8283,ＰＡＬＴＡＣ,6633.0,6631.2,6057.8,5179.2,,612400,0.93,,,,,
2026-06-01,7337,ひろぎんホールディングス,1977.5,2030.8,1999.2,1885.7,,608300,0.83,,,,,
2026-06-01,7282,豊田合成,4740.0,4745.8,4669.7,4417.5,,607000,1.28,,,,,
2026-06-01,6376,日機装,3225.0,3266.0,2942.6,2657.8,,601900,0.93,,,,,
2026-06-01,3632,グリーホールディングス,420.0,416.0,397.4,385.6,,580800,0.86,,,,,
2026-06-01,6407,ＣＫＤ,6720.0,6740.0,6557.5,5505.0,,579400,0.58,,,,,
2026-06-01,7245,大同メタル工業,1093.0,1056.0,977.6,949.4,,576500,0.96,,,,,
2026-06-01,8392,大分銀行,2131.0,2261.4,2214.9,2060.8,,576300,1.26,,,,,
2026-06-01,5393,ニチアス,3521.0,3506.4,3408.3,3125.8,,574700,0.87,,,,,
2026-06-01,4776,サイボウズ,2597.0,2559.0,2357.5,2198.7,,574700,1.05,,,,,
2026-06-01,8341,七十七銀行,3092.0,3175.6,3145.1,3125.8,,573200,0.99,,,,,
2026-06-01,4401,ＡＤＥＫＡ,4131.0,4222.0,4100.8,3998.3,,571900,1.27,,,,,
2026-06-01,9076,セイノーホールディングス,2688.0,2682.2,2538.4,2513.4,,553600,1.03,,,,,
2026-06-01,8381,山陰合同銀行,2039.0,2065.0,1990.3,1856.5,,548900,1.08,,,,,
2026-06-01,6254,野村マイクロ・サイエンス,4615.0,4721.0,4544.0,3694.3,,533700,0.58,,,,,
2026-06-01,8609,岡三証券グループ,931.0,941.6,918.4,890.6,,532200,1.03,,,,,
2026-06-01,4246,ダイキョーニシカワ,1077.0,1070.6,989.0,907.3,,528300,0.97,,,,,
2026-06-01,5408,中山製鋼所,616.0,648.6,642.9,628.8,,528300,1.16,,,,,
2026-06-01,6356,日本ギア工業,1492.0,1660.4,1515.2,1504.4,,527500,1.63,,,,,
2026-06-01,6925,ウシオ電機,4060.0,4132.4,3804.2,3286.5,,523000,0.78,,,,,
2026-06-01,8386,百十四銀行,2413.0,2495.6,2466.3,2315.3,,521600,1.69,,,,,
2026-06-01,6817,スミダコーポレーション,1521.0,1462.8,1359.7,1246.1,,511300,1.86,,,,,
2026-06-01,3774,インターネットイニシアティブ,3142.0,3074.0,2996.6,2661.4,,508700,0.8,,,,,
